<?xml version='1.0' encoding='UTF-8'?>
<COLLADA xmlns="http://www.collada.org/2005/11/COLLADASchema" version="1.4.1"><asset><up_axis>Y_UP</up_axis></asset><library_geometries><geometry id="mid360-blue-geometry" name="MID360 blue"><mesh><source id="mid360-blue-positions"><float_array id="mid360-blue-positions-array" count="7707">0.0161786 -0.0157802 0.013582 0.0171808 -0.0167577 0.013582 0.0179948 -0.0158805 0.013582 0.0153719 -0.016567 0.013582 0.0163242 -0.0175932 0.013582 0.0169451 -0.0149541 0.013582 0.018764 -0.0149638 0.013582 0.014527 -0.0173126 0.013582 0.0154269 -0.0183851 0.013582 0.0176694 -0.0140909 0.013582 0.0194865 -0.0140099 0.013582 0.013646 -0.0180152 0.013582 0.0144913 -0.0191312 0.013582 0.0183498 -0.0131926 0.013582 0.0201606 -0.0130211 0.013582 0.012731 -0.018673 0.013582 0.0135197 -0.0198297 0.013582 0.0189846 -0.0122616 0.013582 0.0207846 -0.012 0.013582 0.0117844 -0.0192844 0.013582 0.0125145 -0.020479 0.013582 0.0195722 -0.0113 0.013582 0.0213569 -0.0109491 0.013582 0.0108085 -0.0198478 0.013582 0.0114781 -0.0210773 0.013582 0.0201111 -0.0103104 0.013582 0.0218761 -0.00987089 0.013582 0.00980577 -0.0203619 0.013582 0.0104132 -0.0216233 0.013582 0.0206 -0.00929509 0.013582 0.022341 -0.00876819 0.013582 0.00877863 -0.0208254 0.013582 0.00932244 -0.0221154 0.013582 0.0210378 -0.00825671 0.013582 0.0227503 -0.00764368 0.013582 0.00772966 -0.021237 0.013582 0.00820848 -0.0225526 0.013582 0.0214232 -0.0071978 0.013582 0.023103 -0.00650017 0.013582 0.00666147 -0.0215959 0.013582 0.00707412 -0.0229338 0.013582 0.0217553 -0.006121 0.013582 0.0233983 -0.0053405 0.013582 0.00557672 -0.0219012 0.013582 0.00592218 -0.0232579 0.013582 0.0220334 -0.00502897 0.013582 0.0236354 -0.00416756 0.013582 0.0044781 -0.0221519 0.013582 0.00475551 -0.0235241 0.013582 0.0222567 -0.00392445 0.013582 0.0238137 -0.00298425 0.013582 0.00336836 -0.0223476 0.013582 0.00357701 -0.0237319 0.013582 0.0224246 -0.00281017 0.013582 0.0239329 -0.00179352 0.013582 0.00225023 -0.0224877 0.013582 0.00238963 -0.0238807 0.013582 0.0225368 -0.0016889 0.013582 0.0239925 -0.000598338 0.013582 0.00112652 -0.0225719 0.013582 0.0011963 -0.0239702 0.013582 0.022593 -0.000563435 0.013582 0.0239925 0.000598336 0.013582 0.0 -0.0226 0.013582 -4.48018e-14 -0.024 0.013582 0.022593 0.000563433 0.013582 0.0239329 0.00179352 0.013582 -0.00112652 -0.0225719 0.013582 -0.0011963 -0.0239702 0.013582 0.0225368 0.0016889 0.013582 0.0238137 0.00298425 0.013582 -0.00225023 -0.0224877 0.013582 -0.00238963 -0.0238807 0.013582 0.0224246 0.00281017 0.013582 0.0236354 0.00416756 0.013582 -0.00336836 -0.0223476 0.013582 -0.00357701 -0.0237319 0.013582 0.0222567 0.00392445 0.013582 0.0233983 0.0053405 0.013582 -0.0044781 -0.0221519 0.013582 -0.00475551 -0.0235241 0.013582 0.0220334 0.00502897 0.013582 0.023103 0.00650017 0.013582 -0.00557672 -0.0219012 0.013582 -0.00592218 -0.0232579 0.013582 0.0217553 0.006121 0.013582 0.0227503 0.00764368 0.013582 -0.00666147 -0.0215959 0.013582 -0.00707412 -0.0229338 0.013582 0.0214232 0.0071978 0.013582 0.022341 0.00876819 0.013582 -0.00772966 -0.021237 0.013582 -0.00820848 -0.0225526 0.013582 0.0210378 0.00825671 0.013582 -0.00877863 -0.0208254 0.013582 -0.00932244 -0.0221154 0.013582 0.0218761 0.00987089 0.013582 0.0206 0.00929509 0.013582 -0.00980577 -0.0203619 0.013582 -0.0104132 -0.0216233 0.013582 0.0213569 0.0109491 0.013582 0.0201111 0.0103104 0.013582 -0.0108085 -0.0198478 0.013582 -0.0114781 -0.0210773 0.013582 0.0207846 0.012 0.013582 0.0195722 0.0113 0.013582 -0.0117844 -0.0192844 0.013582 -0.0125145 -0.020479 0.013582 0.0201606 0.0130211 0.013582 0.0189846 0.0122616 0.013582 -0.012731 -0.018673 0.013582 -0.0135197 -0.0198297 0.013582 0.0194865 0.0140099 0.013582 0.0183498 0.0131926 0.013582 -0.013646 -0.0180152 0.013582 -0.0144913 -0.0191312 0.013582 0.018764 0.0149638 0.013582 0.0176694 0.0140909 0.013582 -0.0154269 -0.0183851 0.013582 -0.014527 -0.0173126 0.013582 0.0179948 0.0158805 0.013582 0.0169451 0.0149541 0.013582 -0.0153719 -0.016567 0.013582 -0.0163242 -0.0175932 0.013582 0.0171808 0.0167577 0.013582 0.0161786 0.0157802 0.013582 -0.0161786 -0.0157802 0.013582 -0.0171808 -0.0167577 0.013582 0.0163242 0.0175932 0.013582 0.0153719 0.016567 0.013582 -0.0169451 -0.0149541 0.013582 -0.0179948 -0.0158805 0.013582 0.0154269 0.0183851 0.013582 0.014527 0.0173126 0.013582 -0.018764 -0.0149638 0.013582 -0.0176694 -0.0140909 0.013582 0.0144913 0.0191312 0.013582 0.013646 0.0180152 0.013582 -0.0183498 -0.0131926 0.013582 -0.0194865 -0.0140099 0.013582 0.0135197 0.0198297 0.013582 0.012731 0.018673 0.013582 -0.0201606 -0.0130211 0.013582 -0.0189846 -0.0122616 0.013582 0.0125145 0.020479 0.013582 0.0117844 0.0192844 0.013582 -0.0207846 -0.012 0.013582 -0.0195722 -0.0113 0.013582 0.0114781 0.0210773 0.013582 0.0108085 0.0198478 0.013582 -0.0213569 -0.0109491 0.013582 -0.0201111 -0.0103104 0.013582 0.0104132 0.0216233 0.013582 0.00980577 0.0203619 0.013582 -0.0218761 -0.00987089 0.013582 -0.0206 -0.00929509 0.013582 0.00932244 0.0221154 0.013582 0.00877863 0.0208254 0.013582 -0.022341 -0.00876819 0.013582 -0.0210378 -0.00825671 0.013582 0.00820848 0.0225526 0.013582 0.00772966 0.021237 0.013582 -0.0227503 -0.00764368 0.013582 -0.0214232 -0.0071978 0.013582 0.00707412 0.0229338 0.013582 0.00666147 0.0215959 0.013582 -0.023103 -0.00650017 0.013582 -0.0217553 -0.006121 0.013582 0.00592218 0.0232579 0.013582 0.00557672 0.0219012 0.013582 -0.0233983 -0.0053405 0.013582 -0.0220334 -0.00502897 0.013582 0.00475551 0.0235241 0.013582 0.0044781 0.0221519 0.013582 -0.0236354 -0.00416756 0.013582 -0.0222567 -0.00392445 0.013582 0.00357701 0.0237319 0.013582 0.00336836 0.0223476 0.013582 -0.0238137 -0.00298425 0.013582 -0.0224246 -0.00281017 0.013582 0.00238963 0.0238807 0.013582 0.00225023 0.0224877 0.013582 -0.0239329 -0.00179352 0.013582 -0.0225368 -0.0016889 0.013582 0.0011963 0.0239702 0.013582 0.00112652 0.0225719 0.013582 -0.0239925 -0.000598338 0.013582 -0.022593 -0.000563435 0.013582 0.0 0.024 0.013582 0.0 0.0226 0.013582 -0.0239925 0.000598336 0.013582 -0.022593 0.000563433 0.013582 -0.0225368 0.0016889 0.013582 -0.0011963 0.0239702 0.013582 -0.00112652 0.0225719 0.013582 -0.0239329 0.00179352 0.013582 -0.0224246 0.00281017 0.013582 -0.00238963 0.0238807 0.013582 -0.00225023 0.0224877 0.013582 -0.0238137 0.00298425 0.013582 -0.00357701 0.0237319 0.013582 -0.00336836 0.0223476 0.013582 -0.0236354 0.00416756 0.013582 -0.0222567 0.00392445 0.013582 -0.00475551 0.0235241 0.013582 -0.0044781 0.0221519 0.013582 -0.0233983 0.0053405 0.013582 -0.0220334 0.00502897 0.013582 -0.0217553 0.006121 0.013582 -0.00592218 0.0232579 0.013582 -0.00557672 0.0219012 0.013582 -0.023103 0.00650017 0.013582 -0.00707412 0.0229338 0.013582 -0.00666147 0.0215959 0.013582 -0.0227503 0.00764368 0.013582 -0.0214232 0.0071978 0.013582 -0.00820848 0.0225526 0.013582 -0.00772966 0.021237 0.013582 -0.022341 0.00876819 0.013582 -0.0210378 0.00825671 0.013582 -0.00932244 0.0221154 0.013582 -0.00877863 0.0208254 0.013582 -0.0218761 0.00987089 0.013582 -0.0206 0.00929509 0.013582 -0.0104132 0.0216233 0.013582 -0.00980577 0.0203619 0.013582 -0.0213569 0.0109491 0.013582 -0.0201111 0.0103104 0.013582 -0.0114781 0.0210773 0.013582 -0.0108085 0.0198478 0.013582 -0.0207846 0.012 0.013582 -0.0195722 0.0113 0.013582 -0.0189846 0.0122616 0.013582 -0.0125145 0.020479 0.013582 -0.0117844 0.0192844 0.013582 -0.0201606 0.0130211 0.013582 -0.0135197 0.0198297 0.013582 -0.012731 0.018673 0.013582 -0.0194865 0.0140099 0.013582 -0.0183498 0.0131926 0.013582 -0.0144913 0.0191312 0.013582 -0.013646 0.0180152 0.013582 -0.014527 0.0173126 0.013582 -0.018764 0.0149638 0.013582 -0.0176694 0.0140909 0.013582 -0.0169451 0.0149541 0.013582 -0.0154269 0.0183851 0.013582 -0.0179948 0.0158805 0.013582 -0.0163242 0.0175932 0.013582 -0.0153719 0.016567 0.013582 -0.0161786 0.0157802 0.013582 -0.0171808 0.0167577 0.013582 0.0 0.0219741 0.0145468 0.00109661 0.0219727 0.01348 1.69989e-15 0.022 0.01348 0.000707265 -0.0219693 0.014401 4.13436e-15 -0.0219741 0.0145468 0.0 -0.022 0.01348 4.04319e-15 -0.0218965 0.0156111 0.00109661 -0.0219727 0.01348 0.00211835 -0.0218769 0.0144355 0.00219049 -0.0218907 0.01348 0.00327893 -0.0217543 0.01348 0.00351911 -0.0216925 0.0145045 0.00435922 -0.0215638 0.01348 0.00136921 -0.0218209 0.0159242 3.94249e-15 -0.0217674 0.0166704 0.00490273 -0.0214171 0.0146076 0.00542866 -0.0213197 0.01348 0.00273174 -0.0216868 0.0159744 0.000659528 -0.0216359 0.0174108 3.83253e-15 -0.0215871 0.0177222 0.00846297 -0.0203071 0.0135118 0.00752444 -0.0206732 0.01348 0.00854557 -0.0202725 0.01348 0.00626247 -0.0210519 0.0147442 0.00648461 -0.0210226 0.01348 0.00408097 -0.0214639 0.0160578 0.00197537 -0.0215498 0.017443 0.0097683 -0.0197108 0.0137349 0.00954544 -0.0198213 0.01348 0.0105216 -0.0193209 0.01348 0.00759169 -0.0205988 0.0149138 0.00541032 -0.0211535 0.0161739 0.00328159 -0.0213778 0.0175074 0.00126104 -0.0212839 0.0189029 3.71355e-15 -0.021356 0.018764 3.58582e-15 -0.0210747 0.0197933 0.011026 -0.0190307 0.0139894 0.0114716 -0.0187724 0.01348 0.00888393 -0.0200599 0.0151154 0.00671331 -0.020757 0.0163223 0.00457182 -0.021121 0.0176035 0.00251594 -0.0211603 0.0189491 0.000599291 -0.0208925 0.0203461 3.44967e-15 -0.0207437 0.0208078 0.0122301 -0.0182701 0.014274 0.012393 -0.0181773 0.01348 0.0101329 -0.019438 0.0153481 0.00798359 -0.0202763 0.0165021 0.00583978 -0.0207805 0.0177309 0.00375858 -0.0209551 0.0190259 0.0152857 -0.0158216 0.0136429 0.0149638 -0.0161271 0.01348 0.0157491 -0.0153612 0.01348 0.00179495 -0.0208142 0.0203755 0.0133745 -0.0174326 0.0145874 0.0132837 -0.0175369 0.01348 0.0141413 -0.016853 0.01348 0.0113325 -0.0187359 0.0156108 0.00921497 -0.0197138 0.0167126 0.00707928 -0.0203579 0.017889 0.00498291 -0.0206692 0.0191329 0.0162781 -0.0147893 0.0140292 0.0164952 -0.0145571 0.01348 0.00298187 -0.020658 0.0204339 0.0144538 -0.0165225 0.0149279 0.00112898 -0.0203434 0.0217788 3.30539e-15 -0.020364 0.0218051 3.15334e-15 -0.0199364 0.0227828 0.0124769 -0.0179572 0.0159022 0.0104015 -0.0190722 0.0169527 0.0082843 -0.0198554 0.018077 0.0186986 -0.0115902 0.01365 0.0184806 -0.011936 0.01348 0.0190526 -0.011 0.01348 0.00618297 -0.020304 0.0192695 0.0171912 -0.0136946 0.0144387 0.0172003 -0.0137168 0.01348 0.0178626 -0.0128424 0.01348 0.00415426 -0.0204246 0.0205212 0.0154626 -0.015544 0.015294 0.00225246 -0.0202329 0.0218202 0.0135604 -0.0171056 0.0162208 0.000527697 -0.0197531 0.0231514 2.99387e-15 -0.0194618 0.0237386 0.0115373 -0.0183547 0.0172211 0.00944896 -0.0192754 0.018294 0.0194061 -0.010344 0.0141163 0.0195772 -0.0100366 0.01348 0.0073529 -0.0198613 0.0194352 0.0180206 -0.0125429 0.0148697 0.00530641 -0.0201152 0.020637 0.0163962 -0.014502 0.0156839 0.00336496 -0.0200491 0.0218889 0.014578 -0.0161853 0.0165651 0.00158052 -0.0196842 0.0231772 0.0126169 -0.0175647 0.0175167 0.0209849 -0.00659059 0.0139232 0.0208544 -0.00700671 0.01348 0.0211777 -0.00595849 0.01348 0.0204792 -0.0080375 0.01348 0.0105676 -0.0186208 0.018539 0.0200191 -0.0090545 0.0145988 0.0200531 -0.00904832 0.01348 0.00848701 -0.0193432 0.019629 0.0187622 -0.0113399 0.0153198 0.00643271 -0.0197312 0.0207807 0.0172498 -0.0134016 0.0160956 0.00446107 -0.0197932 0.0219847 0.0155245 -0.0152008 0.0169335 0.0218461 -0.00257649 0.0138139 0.0218293 -0.00273556 0.01348 0.0219385 -0.00164406 0.01348 0.0216658 -0.00382026 0.01348 0.00262564 -0.0195466 0.0232287 0.013635 -0.0167061 0.017838 0.0213536 -0.00520586 0.0144413 0.0214484 -0.00489546 0.01348 0.000975519 -0.0190175 0.0244974 2.82736e-15 -0.0189415 0.0246702 0.0116347 -0.0178946 0.0188107 0.0205345 -0.00772814 0.0150951 0.00957977 -0.0187523 0.0198501 0.0194124 -0.0100914 0.015787 0.00752767 -0.0192746 0.0209515 0.0180194 -0.0122481 0.0165272 0.0219444 0.00154208 0.0137374 0.0219932 0.000548474 0.01348 0.0219385 0.00164406 0.01348 0.00553545 -0.0194662 0.022107 0.0163954 -0.0141568 0.0173241 0.021953 -0.00114399 0.0143498 0.0219932 -0.000548476 0.01348 0.00365797 -0.0193411 0.0233055 0.0145867 -0.0157831 0.0181834 0.0216182 -0.00380041 0.0149672 0.00194629 -0.0189219 0.0245332 0.0126452 -0.0171005 0.0191078 0.0209499 -0.00637134 0.0156027 0.000446102 -0.0182394 0.0257733 2.6542e-15 -0.0183765 0.0255756 2.47479e-15 -0.0177684 0.0264524 0.0106259 -0.0180915 0.0200974 0.0199681 -0.00880337 0.0162689 0.0212739 0.00560309 0.013641 0.0214484 0.00489546 0.01348 0.0211777 0.00595849 0.01348 0.00858596 -0.0187476 0.0211487 0.0187012 -0.0110471 0.0169766 0.0217839 0.00297227 0.0142726 0.0218293 0.00273556 0.01348 0.0216658 0.00382026 0.01348 0.00658286 -0.0190699 0.0222553 0.0171863 -0.0130585 0.0177351 0.021953 0.000292013 0.0148872 0.00467248 -0.0190686 0.0234075 0.0154674 -0.0148001 0.0185511 0.0217774 -0.0023811 0.0154983 0.00290757 -0.0187632 0.0245926 0.013594 -0.0162423 0.0194289 0.0212633 -0.0049907 0.0161193 0.00133613 -0.0181811 0.0257951 0.0116202 -0.0173639 0.0203696 0.0204264 -0.00748222 0.0167632 0.0208521 0.00698087 0.0141565 0.0208544 0.00700671 0.01348 0.0204792 0.0080375 0.01348 0.00960241 -0.0181527 0.0213713 0.0192919 -0.00980448 0.0174416 0.0215173 0.00438849 0.0148025 0.0075982 -0.0186061 0.0224289 0.0178936 -0.0119111 0.0181644 0.0218461 0.00172452 0.0154231 0.00566423 -0.0187306 0.023534 0.0162727 -0.013762 0.0189396 0.0218306 -0.000954844 0.0160319 0.00385469 -0.018542 0.0246753 0.0144766 -0.0153242 0.0197724 0.021473 -0.00359295 0.0166423 0.00221965 -0.0180648 0.0258386 0.0192027 0.0107254 0.0139508 0.0195772 0.0100366 0.01348 0.0190526 0.011 0.01348 0.0200531 0.00904832 0.01348 0.0125579 -0.0165731 0.0206655 0.0207852 -0.00613434 0.0172675 0.000803572 -0.0173311 0.0270072 2.28955e-15 -0.0171184 0.0272988 0.0203287 0.00832774 0.0146605 0.0105721 -0.0174929 0.0216182 0.0197886 -0.0085263 0.0179198 0.0211458 0.00578384 0.0153246 0.00857652 -0.018077 0.0226268 0.0185137 -0.0107204 0.0186099 0.0216327 0.00314655 0.0159552 0.00662838 -0.0183285 0.0236844 0.0169987 -0.0126738 0.0193467 0.0217774 0.000471414 0.0165656 0.00478303 -0.0182595 0.024781 0.0169174 0.0140636 0.0136099 0.0172003 0.0137168 0.01348 0.0164952 0.0145571 0.01348 0.0152887 -0.0143507 0.0201367 0.0215781 -0.00218491 0.0171692 0.00309236 -0.0178911 0.0259036 0.0184437 0.0119567 0.0144115 0.0184806 0.011936 0.01348 0.0178626 0.0128424 0.01348 0.0134344 -0.015723 0.0209836 0.0210428 -0.0047663 0.0177794 0.00160323 -0.0172524 0.0270367 0.0197062 0.00963714 0.0151504 0.0114903 -0.0167713 0.0218882 0.020189 -0.00721878 0.018409 0.000356053 -0.01638 0.0281623 2.09893e-15 -0.0164282 0.0281126 1.90337e-15 -0.0156993 0.028892 0.0206713 0.00715152 0.0158363 0.00951305 -0.0174854 0.0228482 0.0190436 -0.00949203 0.0190695 0.0213139 0.00455117 0.0164808 0.00756024 -0.0178645 0.023858 0.0176419 -0.0115409 0.0197707 0.0216182 0.00189072 0.0170966 0.00568807 -0.017917 0.0249092 0.0159542 0.0151387 0.0140122 0.0157491 0.0153612 0.01348 0.0160263 -0.0133265 0.0205199 0.0215781 -0.000773429 0.0176973 0.00395 -0.0176607 0.0259898 0.0175948 0.0131354 0.0148525 0.0142455 -0.0148177 0.0213223 0.0211978 -0.00338477 0.0182963 0.00239507 -0.0171217 0.0270856 0.0189878 0.0109027 0.0156239 0.0123524 -0.0159915 0.0221799 0.0204909 -0.00588829 0.0189069 0.00106642 -0.0163335 0.0281797 0.0200961 0.00848487 0.0163352 0.0104032 -0.016834 0.0230919 0.0194807 -0.00823204 0.019541 0.0208913 0.00593154 0.0169973 0.00845526 -0.0173407 0.024054 0.0181991 -0.0103687 0.0202093 0.0213536 0.00329617 0.0176225 0.00656539 -0.0175163 0.0250591 0.0149133 0.0161483 0.0143899 0.0149638 0.0161271 0.01348 0.0141413 0.016853 0.01348 0.0166859 -0.0122566 0.0209202 0.021473 0.000634615 0.0182241 0.0047884 -0.0173749 0.0260968 0.0166603 0.0142557 0.0152718 0.0149872 -0.0138616 0.02168 0.0212496 -0.00199648 0.0188158 0.00317525 -0.0169395 0.0271538 0.0181768 0.0121182 0.0160787 0.0131545 -0.0151573 0.0224921 0.020693 -0.00454132 0.0194109 0.0017716 -0.0162407 0.0282144 0.0194231 0.0097774 0.0168188 0.0112428 -0.0161261 0.0233568 0.0198229 -0.00694657 0.020022 0.000616395 -0.0153163 0.0292607 1.70334e-15 -0.0149335 0.0296352 0.0203669 0.00728094 0.0175022 0.00930909 -0.0167597 0.0242714 0.0117915 0.0185714 0.013731 0.012393 0.0181773 0.01348 0.0114716 0.0187724 0.01348 0.0186677 -0.00916287 0.0206604 0.0209849 0.00468091 0.0181406 0.00741073 -0.0170592 0.0252302 0.0137997 0.0170874 0.0147413 0.0132837 0.0175369 0.01348 0.0172641 -0.0111463 0.0213357 0.0212633 0.00203236 0.0187471 0.00560347 -0.0170351 0.0262239 0.0156445 0.0153123 0.0156671 0.0156558 -0.0128594 0.022055 0.0211978 -0.000608184 0.0193353 0.00393996 -0.0167068 0.0272409 0.0172773 0.0132778 0.0165126 0.0138924 -0.0142727 0.0228231 0.0207943 -0.00318442 0.0199186 0.00246814 -0.016102 0.0282663 0.0186553 0.0110228 0.0172848 0.0120275 -0.015365 0.0236416 0.0200685 -0.00564187 0.0205102 0.00122979 -0.0152559 0.0292833 0.0197433 0.0085928 0.017993 0.0101176 -0.0161243 0.0245092 0.0105433 0.0193019 0.0140043 0.0105216 0.0193209 0.01348 0.00954544 0.0198213 0.01348 0.0190453 -0.00792942 0.0211219 0.000259256 -0.0142102 0.030273 1.49929e-15 -0.0141326 0.0303403 1.29172e-15 -0.0132984 0.0310058 0.0205141 0.00603818 0.0186485 0.00821997 -0.0165479 0.0254214 0.0126188 0.0179514 0.0150646 0.0177582 -0.0100008 0.0217643 0.0209499 0.003413 0.0192637 0.00639124 -0.0166428 0.0263707 0.0145525 0.0162999 0.0160366 0.0162482 -0.0118159 0.0224455 0.0210428 0.000773347 0.0198522 0.00468547 -0.0164246 0.0273464 0.0162936 0.0143757 0.0169234 0.0145626 -0.013342 0.0231713 0.0207943 -0.00182421 0.0204275 0.00315266 -0.0159181 0.0283351 0.0177967 0.012215 0.0177309 0.0127536 -0.0145545 0.0239448 0.0202164 -0.0043243 0.0210031 0.00183719 -0.0151556 0.0293208 0.0190235 0.00986071 0.0184674 0.0108768 -0.0154376 0.0247661 0.00924379 0.0199491 0.0142464 0.00854557 0.0202725 0.01348 0.0193302 -0.00667429 0.0215916 0.000776503 -0.0141763 0.0302857 0.0199433 0.00736139 0.0191436 0.00898915 -0.0159851 0.025632 0.0113766 0.0187362 0.0153583 0.0181658 -0.00882586 0.0222039 0.0205345 0.0047698 0.0197714 0.00714787 -0.0162 0.0265364 0.0133897 0.0172138 0.0163786 0.0167614 -0.0107363 0.0228494 0.0207852 0.00214139 0.020364 0.00540816 -0.0160945 0.0274699 0.0152305 0.0154068 0.0173092 0.0151619 -0.0123698 0.0235351 0.020693 -0.000467315 0.0209352 0.00382182 -0.01569 0.0284204 0.0168514 0.0133482 0.0181549 0.0134176 -0.0136985 0.0242651 0.0202658 -0.00300028 0.0214985 0.00243564 -0.0150159 0.0293731 0.018211 0.0110785 0.0189231 0.011583 -0.0147031 0.025041 0.00789921 0.0205097 0.0144562 0.00752444 0.0206732 0.01348 0.0195209 -0.00540362 0.022067 0.00128997 -0.0141087 0.0303109 0.0192753 0.00864409 0.0196235 0.00971455 -0.0153734 0.0258609 0.0100788 0.019438 0.0156208 0.018485 -0.00762715 0.0226524 0.000417537 -0.0130112 0.0312151 1.08111e-15 -0.0124329 0.03163 0.0200191 0.00609616 0.0202677 0.00786968 -0.0157088 0.0267202 0.0121616 0.0180495 0.0166913 0.017193 -0.00962579 0.0232649 0.0204264 0.00348926 0.0208684 0.0061045 -0.015718 0.0276108 0.0140932 0.0163658 0.0176681 0.0156873 -0.0113609 0.0239126 0.0204909 0.000879658 0.0214392 0.00447236 -0.0154188 0.0285219 0.015824 0.0144169 0.0185548 0.0140163 -0.0128013 0.0246008 0.0202164 -0.00167626 0.021994 0.00302222 -0.0148374 0.0294399 0.0173097 0.0122403 0.0193578 0.0122327 -0.0139241 0.0253324 0.00651614 0.0209812 0.0146326 0.00648461 0.0210226 0.01348 0.00542866 0.0213197 0.01348 0.0196164 -0.00412359 0.022546 0.00179715 -0.0140077 0.0303487 0.0185134 0.00988001 0.020086 0.0103926 -0.0147157 0.026107 0.00873201 0.0200532 0.015851 0.018714 -0.00641051 0.0231077 0.00083304 -0.0129703 0.0312304 0.0194061 0.00738561 0.0207501 0.00855314 -0.0151717 0.0269212 0.0108742 0.0188029 0.0169732 0.0175408 -0.00848978 0.02369 0.000157545 -0.011771 0.0320654 8.67958e-16 -0.0115381 0.0322116 0.0199681 0.00481041 0.0213627 0.00677109 -0.0152969 0.0277684 0.0128873 0.0172483 0.0179982 0.0161363 -0.01032 0.024302 0.020189 0.00221015 0.021937 0.00510111 -0.0151057 0.0286391 0.0147195 0.0154159 0.0189285 0.0145466 -0.0118671 0.0249504 0.0200685 -0.000358686 0.0224869 0.00359408 -0.014621 0.0295209 0.0163242 0.0133403 0.0197694 0.0128229 -0.0131047 0.025639 0.00510133 0.0213612 0.0147748 0.00435922 0.0215638 0.01348 0.0196164 -0.00284042 0.0230261 0.00229557 -0.0138739 0.0303988 0.0176613 0.0110632 0.0205287 0.0110201 -0.0140154 0.026369 0.00734265 0.0205789 0.0160477 0.0188519 -0.00518187 0.0235674 0.00124448 -0.0129024 0.0312558 0.0186986 0.00863188 0.0212165 0.00919494 -0.0145912 0.0271384 0.00953388 0.0194704 0.0172229 0.0178031 -0.00733381 0.0241225 0.000471868 -0.0117504 0.0320731 0.0194124 0.0060984 0.0218446 0.0074047 -0.0148332 0.0279419 0.0116186 0.0180498 0.0182981 0.0165067 -0.00925241 0.0247015 0.0197886 0.00351766 0.0224263 0.00570501 -0.0147522 0.0287713 0.0135433 0.0163403 0.0192744 0.0150061 -0.0109005 0.025312 0.0198229 0.000946015 0.0229751 0.00414843 -0.0143678 0.0296156 0.0152591 0.0143733 0.0201559 0.0133506 -0.0122486 0.0259593 0.00366166 0.0216478 0.0148821 0.00327893 0.0217543 0.01348 0.0195209 -0.00156039 0.023505 0.00278281 -0.0137078 0.030461 0.0167232 0.0121878 0.0209494 0.0115938 -0.0132758 0.0266458 0.00591751 0.0210126 0.01621 0.0188979 -0.00394722 0.0240293 0.00164987 -0.0128077 0.0312912 0.0179 0.00982888 0.0216643 0.00979194 -0.0139702 0.0273707 0.0081471 0.0200487 0.0174393 0.0179788 -0.00616351 0.0245604 0.000783891 -0.0117094 0.0320885 0.0187622 0.00734695 0.0223118 0.00800224 -0.0143293 0.0281304 0.0102933 0.0187664 0.0185663 0.0167967 -0.00816318 0.025109 0.000210766 -0.0104596 0.0328334 6.52761e-16 -0.0106162 0.032749 4.36029e-16 -0.00966937 0.0332412 0.0192919 0.00479584 0.0229045 0.00628112 -0.0143602 0.028918 0.0123011 0.0171855 0.0195907 0.0153925 -0.00990628 0.025684 0.0194807 0.00223149 0.0234561 0.00468257 -0.0140789 0.0297237 0.0141197 0.0153342 0.0205154 0.0138132 -0.0113602 0.0262917 0.00220416 0.0218396 0.0149538 0.00219049 0.0218907 0.01348 0.0193302 -0.000289715 0.0239805 0.0032565 -0.0135103 0.0305349 0.0157036 0.0132483 0.0213463 0.0121111 -0.0125005 0.0269359 0.00446355 0.0213521 0.0163371 0.0188519 -0.00271256 0.0244913 0.00204721 -0.0126868 0.0313365 0.0170142 0.0109708 0.0220916 0.0103412 -0.0133117 0.0276171 0.00672063 0.0205349 0.0176212 0.0180668 -0.0049846 0.0250015 0.0010921 -0.011648 0.0321115 0.0180206 0.00854999 0.0227619 0.00856079 -0.0137876 0.0283331 0.00891778 0.0193948 0.0188014 0.0170048 -0.00705766 0.0255227 0.000420505 -0.0104389 0.0328411 0.0187012 0.00603846 0.0233695 0.00682662 -0.0139315 0.0290784 0.010999 0.0179476 0.0198758 0.0157038 -0.00888924 0.0260646 5.28489e-05 -0.00910881 0.0335057 2.18272e-16 -0.00869976 0.0336868 0.0190436 0.00349148 0.0239276 0.0051939 -0.0137559 0.0298446 0.0129115 0.0162182 0.0208462 0.0142086 -0.0104437 0.0266347 0.000735915 0.0219358 0.0149898 0.0 0.0218965 0.0156111 0.0190453 0.000965406 0.0244501 0.00371432 -0.0132823 0.0306202 0.0146075 0.0142397 0.0217172 0.0125693 -0.0116933 0.0272379 0.00298783 0.0215959 0.0164282 0.018714 -0.00148392 0.024951 0.00243458 -0.0125402 0.0313913 0.0160455 0.012052 0.0224962 0.0108402 -0.0126189 0.0278763 0.00526142 0.0209268 0.0177679 0.0180668 -0.0038028 0.0254437 0.00139498 -0.0115667 0.0321419 0.0171912 0.00970164 0.0231928 0.00907763 -0.0132107 0.028549 0.00749886 0.0199317 0.0190023 0.0171301 -0.00594124 0.0259404 0.000628195 -0.0104046 0.0328539 0.0180194 0.00723945 0.0238188 0.00733887 -0.0134682 0.0292518 0.00964327 0.0186227 0.0201284 0.0159387 -0.00785433 0.0264518 0.000158289 -0.0091019 0.0335082 0.0 -0.00770967 0.0340849 0.0185137 0.00471984 0.0243872 0.00567992 -0.0134003 0.0299776 0.0116404 0.0170212 0.0211467 0.0145347 -0.00950361 0.0269864 0.0186677 0.00219886 0.0249116 0.00415404 -0.0130249 0.0307165 0.0134403 0.015157 0.0220604 0.0129663 -0.0108581 0.0275504 0.00149756 0.0217426 0.0164831 0.0 0.0217674 0.0166704 0.0 0.0215871 0.0177222 0.018485 -0.000267281 0.0254062 0.00281009 -0.0123687 0.0314555 0.0149986 0.0130674 0.0228761 0.0112863 -0.0118953 0.0281471 0.00377657 0.0212224 0.0178785 0.0179788 -0.00262389 0.0258848 0.00169107 -0.0114657 0.0321797 0.0162781 0.0107963 0.0236024 0.00955024 -0.0126015 0.0287769 0.0060434 0.0203746 0.019168 0.0171719 -0.00481935 0.0263602 0.000832824 -0.0103568 0.0328718 0.0172498 0.00839298 0.0242505 0.00781536 -0.0129726 0.0294372 0.00824058 0.0192076 0.0203473 0.0160959 -0.0068066 0.0268438 0.000262958 -0.00908812 0.0335134 0.0178936 0.00591059 0.0248327 0.00613827 -0.0130137 0.0301223 0.0103126 0.0177393 0.0214153 0.0147901 -0.00854451 0.0273453 0.0181991 0.00340464 0.0253628 0.00457352 -0.0127395 0.0308233 0.0122075 0.0159959 0.0223743 0.0133002 -0.00999904 0.0278718 0.0181658 0.00093143 0.0258548 0.0031719 -0.012173 0.0315287 0.0138786 0.0140119 0.0232295 0.0116774 -0.0111442 0.0284281 0.00227333 0.0214203 0.0179525 0.0178031 -0.0014536 0.0263227 0.00197892 -0.0113457 0.0322246 0.0152857 0.0118286 0.0239887 0.00997633 -0.0119628 0.0290159 0.0045585 0.0207213 0.0192977 0.0171301 -0.00369746 0.02678 0.0010334 -0.0102958 0.0328947 0.0163962 0.00949341 0.0246622 0.00825377 -0.012447 0.0296339 0.00679775 0.0196995 0.0205313 0.0161747 -0.00575115 0.0272387 0.000366346 -0.00906754 0.0335211 0.0171863 0.00705792 0.025262 0.00656671 -0.0125982 0.0302777 0.00893454 0.0183688 0.0216509 0.0149733 -0.00757106 0.0277095 0.0176419 0.00457686 0.0258014 0.00497072 -0.0124273 0.0309401 0.0109153 0.0167521 0.0226573 0.0135692 -0.00912024 0.0282006 0.0177582 0.00210637 0.0262944 0.00351827 -0.0119542 0.0316106 0.012691 0.0148809 0.0235546 0.0120116 -0.0103694 0.028718 0.000759009 0.0215195 0.0179896 0.0 0.021356 0.018764 0.0175408 -0.000297629 0.0267552 0.00225712 -0.0112072 0.0322764 0.0142187 0.0127936 0.0243498 0.0103538 -0.0112979 0.0292647 0.0030514 0.0209702 0.0193909 0.0170048 -0.00258103 0.0271977 0.00122893 -0.0102218 0.0329223 0.0154626 0.0105354 0.0250521 0.00865198 -0.0118941 0.0298408 0.00532179 0.0200959 0.0206796 0.0161747 -0.00469312 0.0276346 0.000467949 -0.00904026 0.0335313 0.0163954 0.00815625 0.025673 0.00696317 -0.0121557 0.0304433 0.00751295 0.0189067 0.0218522 0.0150836 -0.00658801 0.0280773 0.0169987 0.00570983 0.0262253 0.00534371 -0.01209 0.0310663 0.00956991 0.0174221 0.022908 0.0137722 -0.008226 0.0285352 0.0172641 0.00325182 0.026723 0.00384749 -0.0117133 0.0317007 0.0114416 0.0156701 0.0238499 0.0122873 -0.00957471 0.0290154 0.017193 0.000838385 0.0271803 0.00252434 -0.0110508 0.0323349 0.0130825 0.0136865 0.0246839 0.0106809 -0.01061 0.0295221 0.00152942 0.0211201 0.0194469 0.0 0.0210747 0.0197933 0.0167967 -0.00147551 0.0276114 0.00141848 -0.0101352 0.0329547 0.0144538 0.0115139 0.0254182 0.00900803 -0.0113165 0.0300569 0.00381991 0.0203949 0.0207915 0.0160959 -0.00363766 0.0280295 0.000567273 -0.0090064 0.033544 0.0155245 0.00920023 0.0260636 0.0073257 -0.0116884 0.0306182 0.00605476 0.0193504 0.0220182 0.0151205 -0.00560014 0.028447 0.0162727 0.00679801 0.0266325 0.00569066 -0.0117291 0.0312013 0.0081779 0.0180026 0.0231252 0.013908 -0.00732069 0.028874 0.0166859 0.0043622 0.0271384 0.00415797 -0.0114515 0.0317987 0.0101365 0.0163759 0.024114 0.0125032 -0.0087639 0.0293187 0.0167614 0.00194891 0.0275958 0.00277925 -0.0108773 0.0323998 0.0118826 0.014503 0.0249894 0.0109559 -0.00990229 0.0297869 0.0165067 -0.000386284 0.0280189 0.00160112 -0.0100365 0.0329917 0.0133745 0.012424 0.0257587 0.0093202 -0.010717 0.0302812 0.00229941 0.020595 0.0208664 0.0159387 -0.00258993 0.0284216 0.000663833 -0.00896613 0.033559 0.014578 0.0101848 0.026432 0.00765254 -0.0111985 0.0308015 0.00456707 0.0196978 0.0221482 0.0150836 -0.00461228 0.0288166 0.0154674 0.00783611 0.0270209 0.00600989 -0.0113464 0.0313445 0.00674603 0.0184907 0.0233078 0.0139761 -0.0064087 0.0292152 0.0160263 0.0054321 0.0275388 0.00444819 -0.01117 0.031904 0.00878197 0.0169946 0.0243455 0.0126581 -0.00794097 0.0296266 0.0162482 0.00302853 0.0279998 0.00302062 -0.0106876 0.0324708 0.0106248 0.0152392 0.0252648 0.0111775 -0.00917839 0.0300577 0.0161363 0.000681348 0.0284184 0.00177596 -0.00992601 0.033033 0.0122301 0.0132614 0.0260721 0.00958696 -0.0100987 0.0305125 0.000767718 0.0206953 0.0209039 0.0 0.0207437 0.0208078 0.0 0.020364 0.0218051 0.0157038 -0.00155502 0.0288088 0.000757158 -0.00891966 0.0335764 0.0135604 0.0111051 0.0267763 0.00794209 -0.0106884 0.0309923 0.00305713 0.0199472 0.0222415 0.0149733 -0.00362923 0.0291844 0.0145867 0.00881907 0.0273887 0.00629984 -0.0109438 0.0314952 0.0052813 0.0188841 0.023455 0.0139761 -0.00549449 0.0295573 0.0152887 0.0064563 0.027922 0.00471675 -0.0108703 0.0320162 0.00738466 0.0175234 0.0245434 0.0127513 -0.00710993 0.0299376 0.0156558 0.00407199 0.0283902 0.00324728 -0.0104826 0.0325475 0.00931519 0.0158913 0.0255088 0.0113447 -0.00844178 0.0303333 0.0156873 0.00172218 0.0288078 0.00194215 -0.0098044 0.0330785 0.011026 0.0140221 0.0263567 0.00980701 -0.00946434 0.0307499 0.0153925 -0.000537979 0.0291893 0.000846795 -0.0088672 0.0335961 0.0124769 0.0119567 0.0270949 0.00819296 -0.0101607 0.0311898 0.0015323 0.0200973 0.0222976 0.0 0.0199364 0.0227828 0.0147901 -0.00265578 0.0295486 0.013635 0.0097421 0.027734 0.00655909 -0.0105232 0.0316525 0.00379085 0.0191808 0.023566 0.013908 -0.0045825 0.0298985 0.0144766 0.00742981 0.0282862 0.00496232 -0.0105537 0.0321346 0.00595137 0.0179596 0.0247066 0.0127825 -0.00627481 0.0302501 0.0149872 0.00507421 0.0287652 0.00345812 -0.0102633 0.0326296 0.00796022 0.0164564 0.0257202 0.0114566 -0.00769604 0.0306124 0.0151619 0.00273115 0.0291853 0.00209888 -0.00967223 0.033128 0.0097683 0.0147022 0.0266111 0.00997928 -0.00881721 0.030992 0.0150061 0.000456243 0.0295613 0.000932306 -0.00880901 0.0336178 0.0113325 0.0127354 0.0273863 0.0084039 -0.00961788 0.0313929 0.0145347 -0.00169667 0.0299075 0.0126169 0.0106007 0.0280553 0.00678639 -0.0100867 0.0318158 0.00228192 0.0193794 0.0236403 0.0137722 -0.00367718 0.0302373 0.013594 0.0083479 0.0286298 0.00518371 -0.0102219 0.0322588 0.00448908 0.018301 0.0248343 0.0127513 -0.00543969 0.0305625 0.0142455 0.0060303 0.0291229 0.00365211 -0.0100308 0.0327166 0.00656647 0.0169315 0.025898 0.0115127 -0.0069448 0.0308935 0.0145626 0.00370332 0.0295491 0.00224537 -0.00953015 0.0331811 0.00846297 0.0152984 0.0268343 0.0101029 -0.00816039 0.0312378 0.0145466 0.0014228 0.029923 0.00101328 -0.00874538 0.0336416 0.0101329 0.0134374 0.027649 0.00857391 -0.0090626 0.0316006 0.0142086 -0.000756589 0.0302593 0.0115373 0.0113907 0.0283509 0.00698063 -0.00963647 0.0319843 0.000761878 0.0194789 0.0236776 0.0 0.0194618 0.0237386 0.0 0.0189415 0.0246702 0.0135692 -0.00278295 0.0305718 0.0126452 0.00920608 0.0289509 0.00537986 -0.00987637 0.0323881 0.00300493 0.0185461 0.024926 0.0126581 -0.00460865 0.0308735 0.0134344 0.00693561 0.0294617 0.0038283 -0.00978611 0.0328081 0.00514073 0.0173144 0.0260413 0.0115127 -0.00619172 0.0311752 0.0138924 0.00463398 0.0298973 0.00238093 -0.00937884 0.0332378 0.00711642 0.015808 0.0270249 0.0101774 -0.0074971 0.031486 0.0140163 0.00235699 0.0302725 0.00108931 -0.00867661 0.0336674 0.00888393 0.0140594 0.0278817 0.00870214 -0.00849757 0.0318121 0.0138132 0.000159901 0.0306022 0.0104015 0.0121082 0.0286194 0.00714086 -0.00917461 0.0321571 0.0133002 -0.00190415 0.0309007 0.0116347 0.0100002 0.029248 0.00554979 -0.0095189 0.0325218 0.00150613 0.0186937 0.0249812 0.0 0.0183765 0.0255756 0.0125032 -0.00378572 0.0311814 0.0125579 0.00778572 0.0297798 0.00398585 -0.00953054 0.0329038 0.00368995 0.0176032 0.0261493 0.0114566 -0.00544049 0.0314563 0.0131545 0.00551858 0.0302283 0.00250489 -0.00921904 0.0332975 0.00573519 0.0162283 0.0271822 0.0102022 -0.00683056 0.0317354 0.0134176 0.00325425 0.0306083 0.00116003 -0.00860304 0.0336949 0.00759169 0.0145983 0.0280833 0.00878798 -0.00792553 0.0320261 0.0133506 0.00104833 0.0309346 0.00921497 0.0127498 0.0288594 0.0072663 -0.00870341 0.0323334 0.0129663 -0.00104507 0.0312221 0.0105676 0.0107263 0.0295197 0.00569268 -0.0091512 0.0326594 0.0122873 -0.00297491 0.0314848 0.0116202 0.0085765 0.0300756 0.00412397 -0.00926529 0.033003 0.00222118 0.0177965 0.0262217 0.0113447 -0.00469474 0.0317354 0.0123524 0.00635282 0.0305405 0.00261665 -0.00905154 0.0333602 0.00432602 0.0165574 0.0273053 0.0101774 -0.00616402 0.0319848 0.0127536 0.00411021 0.0309285 0.00122511 -0.00852503 0.0337241 0.00626247 0.0150514 0.0282529 0.008831 -0.00734928 0.0322417 0.0128229 0.00190437 0.0312549 0.00798359 0.0133123 0.0290699 0.00735634 -0.00822516 0.0325124 0.0125693 -0.000209892 0.0315346 0.00944896 0.011381 0.0297647 0.00580784 -0.00877506 0.0328001 0.0120116 -0.00218019 0.0317821 0.0106259 0.00930408 0.0303479 0.00424201 -0.00899167 0.0331054 0.000741599 0.0178934 0.0262579 0.0 0.0177684 0.0264524 0.0 0.0171184 0.0272988 0.0111775 -0.00395813 0.032011 0.0114903 0.00713262 0.0308322 0.00271566 -0.00887714 0.0334255 0.00289578 0.0167936 0.0273937 0.0101029 -0.00550072 0.0322329 0.0120275 0.00492071 0.0312318 0.00128421 -0.00844296 0.0337548 0.00490273 0.0154165 0.0283895 0.008831 -0.00677162 0.0324578 0.0122327 0.00272384 0.0315615 0.00671331 0.013793 0.0292498 0.00741054 -0.00774219 0.0326931 0.0121111 0.000597311 0.0318366 0.0082843 0.011961 0.0299817 0.0058947 -0.00839231 0.0329433 0.0116774 -0.00140541 0.032072 0.00957977 0.00996493 0.0305951 0.00433938 -0.00871101 0.0332104 0.0109559 -0.00323423 0.0322818 0.0105721 0.0078542 0.0311022 0.00280144 -0.00869669 0.033493 0.00145142 0.0169357 0.0274469 0.0 0.0164282 0.0281126 0.00997928 -0.00484391 0.0324787 0.0112428 0.00568179 0.0315166 0.00133706 -0.00835723 0.0337869 0.00351911 0.015692 0.0284926 0.00878798 -0.00619537 0.0326735 0.011583 0.00350276 0.031853 0.00541032 0.0141895 0.0293981 0.00742863 -0.00725685 0.0328747 0.0115938 0.00137261 0.0321267 0.00707928 0.0124635 0.0301697 0.00595285 -0.00800482 0.0330883 0.0112863 -0.000654354 0.0323531 0.00848701 0.0105558 0.0308162 0.0044156 -0.00842467 0.0333175 0.0106809 -0.00252657 0.0325466 0.00960241 0.00851403 0.0313491 0.00287357 -0.00851108 0.0335624 0.00980701 -0.00419677 0.0327208 0.0104032 0.00638975 0.0317815 0.0013834 -0.00826825 0.0338202 0.00211835 0.0158764 0.0285616 0.00870214 -0.00562333 0.0328875 0.0108768 0.00423734 0.0321278 0.00408097 0.0144999 0.0295143 0.00741054 -0.00677152 0.0330563 0.0110201 0.00211222 0.0324035 0.00583978 0.012886 0.0303278 0.00598199 -0.00761448 0.0332344 0.0108402 6.9318e-05 0.0326238 0.0073529 0.0110739 0.0310101 0.00447032 -0.00813404 0.0334263 0.0103538 -0.00183861 0.032804 0.00858596 0.0091089 0.0315717 0.0029317 -0.00832122 0.0336335 0.00958696 -0.00356247 0.0329582 0.00951305 0.00704114 0.0320252 0.00142299 -0.00817647 0.0338545 0.000707265 0.0159688 0.0285961 0.0 0.0156993 0.028892 0.00857391 -0.0050583 0.0330989 0.0101176 0.00492398 0.0323847 0.00273174 0.0147228 0.0295976 0.00735634 -0.00628855 0.033237 0.0103926 0.00281255 0.0326655 0.00457182 0.0132265 0.0304552 0.00598199 -0.00722318 0.0333808 0.0103412 0.000762083 0.032883 0.00618297 0.0115166 0.0311757 0.00450325 -0.00784055 0.0335361 0.00997633 -0.00117368 0.0330528 0.00752767 0.00963592 0.0317689 0.00297555 -0.00812801 0.0337058 0.0093202 -0.00294408 0.0331896 0.00857652 0.00763278 0.0322466 0.00145565 -0.00808232 0.0338897 0.0084039 -0.00450302 0.0333067 0.00930909 0.00555936 0.0326225 0.00136921 0.0148569 0.0296478 0.0 0.0149335 0.0296352 0.0 0.0141326 0.0303403 0.0072663 -0.0058103 0.0334159 0.00971455 0.00347018 0.0329116 0.00328159 0.0134834 0.0305513 0.00595285 -0.00683284 0.0335268 0.00979194 0.00142057 0.0331294 0.00498291 0.0118818 0.0313124 0.00451425 -0.00754562 0.0336464 0.00955024 -0.000535042 0.0332918 0.00643271 0.0100925 0.0319397 0.0030049 -0.00793241 0.033779 0.00900803 -0.00234464 0.0334138 0.0075982 0.0081618 0.0324445 0.00148123 -0.00798626 0.0339257 0.00819296 -0.00396019 0.0335098 0.00845526 0.00614036 0.0328399 0.00714086 -0.00533909 0.0335922 0.00898915 0.00408191 0.0331405 0.00197537 0.0136553 0.0306156 0.0058947 -0.00644535 0.0336718 0.00919494 0.00204156 0.0333618 0.00375858 0.0121677 0.0314194 0.00450325 -0.00725069 0.0337568 0.00907763 7.42054e-05 0.0335197 0.00530641 0.0104765 0.0320834 0.00301961 -0.00773537 0.0338527 0.00865198 -0.00176704 0.03363 0.00749099 -0.00182319 0.0340849 0.00734607 -0.00233971 0.0340849 0.00658286 0.00862561 0.032618 0.00149958 -0.00788877 0.0339622 0.00794209 -0.00343248 0.0337072 0.00695039 -0.00333632 0.0340849 0.00670155 -0.00381159 0.0340849 0.00756024 0.00666417 0.0330359 0.00698063 -0.00487723 0.0337651 0.00610789 -0.00470454 0.0340849 0.00576595 -0.0051179 0.0340849 0.00821997 0.00464476 0.033351 0.000659528 0.0137415 0.0306479 0.0 0.0132984 0.0310058 0.00580784 -0.0060626 0.033815 0.00500009 -0.0058684 0.0340849 0.00457989 -0.00620191 0.0340849 0.00855314 0.00262203 0.033579 0.00732303 0.00241085 0.0340849 0.00747296 0.00189575 0.0340849 0.00251594 0.0123729 0.0314961 0.00447032 -0.0069572 0.0338666 0.00856079 0.000651093 0.0337356 0.00770361 0.000305591 0.0340849 0.00770621 -0.000230869 0.0340849 0.00766371 0.000840571 0.0340849 0.00415426 0.0107859 0.0321992 0.00301961 -0.00753785 0.0339266 0.00825377 -0.00121412 0.0338368 0.00759965 -0.00129784 0.0340849 0.00553545 0.00902195 0.0327663 0.00151063 -0.00779032 0.033999 7.47691e-05 -0.00770935 0.0340849 0.00765254 -0.00292244 0.0338981 0.00716558 -0.00284491 0.0340849 0.00662838 0.00712823 0.0332095 0.00678639 -0.00442696 0.0339335 0.00642027 -0.00426839 0.0340849 0.00741073 0.00515598 0.0335423 0.00637857 0.00433046 0.0340849 0.00666427 0.0038764 0.0340849 0.00569268 -0.00568646 0.0339558 0.00539608 -0.00550648 0.0340849 0.00786968 0.00315916 0.0337799 0.00713765 0.00291426 0.0340849 0.00126104 0.0124964 0.0315424 0.0 0.0124329 0.03163 0.0 0.0115381 0.0322116 0.0044156 -0.00666657 0.0339754 0.00319489 -0.00701653 0.0340849 0.0036751 -0.00677736 0.0340849 0.00413751 -0.00650539 0.0340849 0.00800224 0.00119281 0.0339383 0.0075867 0.00137148 0.0340849 0.00298187 0.0110193 0.0322865 0.0030049 -0.00734081 0.0340003 0.00167112 -0.00752638 0.0340849 0.00219047 -0.00739194 0.0340849 0.00269922 -0.00722172 0.0340849 0.00781536 -0.000688558 0.0340335 0.0076715 -0.000766212 0.0340849 0.00446107 0.0093489 0.0328887 0.00151432 -0.00769138 0.034036 0.000610704 -0.00768544 0.0340849 0.00114368 -0.00762437 0.0340849 0.00566423 0.00753027 0.0333599 0.00656539 0.00561309 0.0337134 0.00606198 0.00476355 0.0340849 0.00571604 0.00517358 0.0340849 0.00714787 0.00365033 0.0339637 0.00691771 0.00340357 0.0340849 0.00179495 0.0111755 0.0323449 0.00336496 0.00960486 0.0329845 0.00151063 -0.00759245 0.034073 0.00467248 0.00786835 0.0334864 0.0036092 0.00681269 0.0340849 0.00407422 0.00654521 0.0340849 0.00568807 0.00601385 0.0338633 0.00534242 0.00555855 0.0340849 0.00494294 0.00591662 0.0340849 0.000599291 0.0112538 0.0323742 0.0 0.0106162 0.032749 0.00225246 0.00978859 0.0330532 0.00365797 0.00814081 0.0335884 0.0031267 0.00704718 0.0340849 0.00262905 0.00724756 0.0340849 0.00478303 0.00635632 0.0339915 0.00451952 0.00624603 0.0340849 0.00112898 0.00989918 0.0330946 0.0 0.00966937 0.0332412 0.00262564 0.00834632 0.0336653 0.00211868 0.00741284 0.0340849 0.00158052 0.00848389 0.0337167 0.00159805 0.00754223 0.0340849 0.00106969 0.0076351 0.0340849 0.000527697 0.00855284 0.0337425 0.000536142 0.00769101 0.0340849 0.0 0.00770967 0.0340849 0.0 0.00869976 0.0336868 -0.00109661 0.0219727 0.01348 -7.47689e-05 0.00770934 0.0340849 -0.000735915 0.0219358 0.0149898 -0.00220416 0.0218396 0.0149538 -0.00219049 0.0218907 0.01348 -0.00327893 0.0217543 0.01348 -0.00366166 0.0216478 0.0148821 -0.00435922 0.0215638 0.01348 -0.00149756 0.0217426 0.0164831 -0.00510133 0.0213612 0.0147748 -0.00542866 0.0213197 0.01348 -0.00298783 0.0215959 0.0164282 -0.000759009 0.0215195 0.0179896 -0.00651614 0.0209812 0.0146326 -0.00648461 0.0210226 0.01348 -0.00752444 0.0206732 0.01348 -0.00446355 0.0213521 0.0163371 -0.00227333 0.0214203 0.0179525 -0.00789921 0.0205097 0.0144562 -0.00854557 0.0202725 0.01348 -0.00591751 0.0210126 0.01621 -0.00377657 0.0212224 0.0178785 -0.00152942 0.0211201 0.0194469 -0.00924379 0.0199491 0.0142464 -0.00954544 0.0198213 0.01348 -0.00734265 0.0205789 0.0160477 -0.00526142 0.0209268 0.0177679 -0.0030514 0.0209702 0.0193909 -0.000767718 0.0206953 0.0209039 -0.0105433 0.0193019 0.0140043 -0.0105216 0.0193209 0.01348 -0.0114716 0.0187724 0.01348 -0.00873201 0.0200532 0.015851 -0.00672063 0.0205349 0.0176212 -0.0045585 0.0207213 0.0192977 -0.00229941 0.020595 0.0208664 -0.0117915 0.0185714 0.013731 -0.012393 0.0181773 0.01348 -0.0100788 0.019438 0.0156208 -0.0081471 0.0200487 0.0174393 -0.0060434 0.0203746 0.019168 -0.00381991 0.0203949 0.0207915 -0.0015323 0.0200973 0.0222976 -0.0113766 0.0187362 0.0153583 -0.00953388 0.0194704 0.0172229 -0.00749886 0.0199317 0.0190023 -0.00532179 0.0200959 0.0206796 -0.00305713 0.0199472 0.0222415 -0.000761878 0.0194789 0.0236776 -0.0126188 0.0179514 0.0150646 -0.0132837 0.0175369 0.01348 -0.0108742 0.0188029 0.0169732 -0.00891778 0.0193948 0.0188014 -0.00679775 0.0196995 0.0205313 -0.00456707 0.0196978 0.0221482 -0.00228192 0.0193794 0.0236403 -0.0137997 0.0170874 0.0147413 -0.0141413 0.016853 0.01348 -0.0121616 0.0180495 0.0166913 -0.0102933 0.0187664 0.0185663 -0.00824058 0.0192076 0.0203473 -0.00605476 0.0193504 0.0220182 -0.00379085 0.0191808 0.023566 -0.0149133 0.0161483 0.0143899 -0.0149638 0.0161271 0.01348 -0.0157491 0.0153612 0.01348 -0.00150613 0.0186937 0.0249812 -0.0133897 0.0172138 0.0163786 -0.0116186 0.0180498 0.0182981 -0.00964327 0.0186227 0.0201284 -0.00751295 0.0189067 0.0218522 -0.0052813 0.0188841 0.023455 -0.0159542 0.0151387 0.0140122 -0.0164952 0.0145571 0.01348 -0.00300493 0.0185461 0.024926 -0.0145525 0.0162999 0.0160366 -0.000741599 0.0178934 0.0262579 -0.0128873 0.0172483 0.0179982 -0.010999 0.0179476 0.0198758 -0.00893454 0.0183688 0.0216509 -0.00674603 0.0184907 0.0233078 -0.0169174 0.0140636 0.0136099 -0.0172003 0.0137168 0.01348 -0.00448908 0.018301 0.0248343 -0.0156445 0.0153123 0.0156671 -0.00222118 0.0177965 0.0262217 -0.0140932 0.0163658 0.0176681 -0.0123011 0.0171855 0.0195907 -0.0103126 0.0177393 0.0214153 -0.0081779 0.0180026 0.0231252 -0.00595137 0.0179596 0.0247066 -0.0166603 0.0142557 0.0152718 -0.00368995 0.0176032 0.0261493 -0.0152305 0.0154068 0.0173092 -0.00145142 0.0169357 0.0274469 -0.0135433 0.0163403 0.0192744 -0.0116404 0.0170212 0.0211467 -0.00956991 0.0174221 0.022908 -0.00738466 0.0175234 0.0245434 -0.0175948 0.0131354 0.0148525 -0.0178626 0.0128424 0.01348 -0.00514073 0.0173144 0.0260413 -0.0162936 0.0143757 0.0169234 -0.00289578 0.0167936 0.0273937 -0.0147195 0.0154159 0.0189285 -0.000707265 0.0159688 0.0285961 -0.0129115 0.0162182 0.0208462 -0.0109153 0.0167521 0.0226573 -0.00878197 0.0169946 0.0243455 -0.0184437 0.0119567 0.0144115 -0.0184806 0.011936 0.01348 -0.0190526 0.011 0.01348 -0.00656647 0.0169315 0.025898 -0.0172773 0.0132778 0.0165126 -0.00432602 0.0165574 0.0273053 -0.015824 0.0144169 0.0185548 -0.00211835 0.0158764 0.0285616 -0.0141197 0.0153342 0.0205154 -0.0122075 0.0159959 0.0223743 -0.0101365 0.0163759 0.024114 -0.0192027 0.0107254 0.0139508 -0.0195772 0.0100366 0.01348 -0.0200531 0.00904832 0.01348 -0.00796022 0.0164564 0.0257202 -0.0181768 0.0121182 0.0160787 -0.00573519 0.0162283 0.0271822 -0.0168514 0.0133482 0.0181549 -0.00351911 0.015692 0.0284926 -0.0152591 0.0143733 0.0201559 -0.00136921 0.0148569 0.0296478 -0.0134403 0.015157 0.0220604 -0.0114416 0.0156701 0.0238499 -0.00931519 0.0158913 0.0255088 -0.0189878 0.0109027 0.0156239 -0.00711642 0.015808 0.0270249 -0.0177967 0.012215 0.0177309 -0.00490273 0.0154165 0.0283895 -0.0163242 0.0133403 0.0197694 -0.00273174 0.0147228 0.0295976 -0.0146075 0.0142397 0.0217172 -0.000659528 0.0137415 0.0306479 -0.012691 0.0148809 0.0235546 -0.0106248 0.0152392 0.0252648 -0.0197062 0.00963714 0.0151504 -0.00846297 0.0152984 0.0268343 -0.0186553 0.0110228 0.0172848 -0.00626247 0.0150514 0.0282529 -0.0173097 0.0122403 0.0193578 -0.00408097 0.0144999 0.0295143 -0.0157036 0.0132483 0.0213463 -0.00197537 0.0136553 0.0306156 -0.0138786 0.0140119 0.0232295 -0.0118826 0.014503 0.0249894 -0.0203287 0.00832774 0.0146605 -0.0204792 0.0080375 0.01348 -0.0097683 0.0147022 0.0266111 -0.0194231 0.0097774 0.0168188 -0.00759169 0.0145983 0.0280833 -0.018211 0.0110785 0.0189231 -0.00541032 0.0141895 0.0293981 -0.0167232 0.0121878 0.0209494 -0.00328159 0.0134834 0.0305513 -0.0149986 0.0130674 0.0228761 -0.00126104 0.0124964 0.0315424 -0.0130825 0.0136865 0.0246839 -0.0208521 0.00698087 0.0141565 -0.0208544 0.00700671 0.01348 -0.0211777 0.00595849 0.01348 -0.011026 0.0140221 0.0263567 -0.0200961 0.00848487 0.0163352 -0.00888393 0.0140594 0.0278817 -0.0190235 0.00986071 0.0184674 -0.00671331 0.013793 0.0292498 -0.0176613 0.0110632 0.0205287 -0.00457182 0.0132265 0.0304552 -0.0160455 0.012052 0.0224962 -0.00251594 0.0123729 0.0314961 -0.0142187 0.0127936 0.0243498 -0.0212739 0.00560309 0.013641 -0.0214484 0.00489546 0.01348 -0.000599291 0.0112538 0.0323742 -0.0122301 0.0132614 0.0260721 -0.0206713 0.00715152 0.0158363 -0.0101329 0.0134374 0.027649 -0.0197433 0.0085928 0.017993 -0.00798359 0.0133123 0.0290699 -0.0185134 0.00988001 0.020086 -0.00583978 0.012886 0.0303278 -0.0170142 0.0109708 0.0220916 -0.00375858 0.0121677 0.0314194 -0.0152857 0.0118286 0.0239887 -0.00179495 0.0111755 0.0323449 -0.0133745 0.012424 0.0257587 -0.0211458 0.00578384 0.0153246 -0.0113325 0.0127354 0.0273863 -0.0203669 0.00728094 0.0175022 -0.00921497 0.0127498 0.0288594 -0.0192753 0.00864409 0.0196235 -0.00707928 0.0124635 0.0301697 -0.0179 0.00982888 0.0216643 -0.00498291 0.0118818 0.0313124 -0.0162781 0.0107963 0.0236024 -0.00298187 0.0110193 0.0322865 -0.0144538 0.0115139 0.0254182 -0.0215173 0.00438849 0.0148025 -0.0216658 0.00382026 0.01348 -0.00112898 0.00989918 0.0330946 -0.0124769 0.0119567 0.0270949 -0.0208913 0.00593154 0.0169973 -0.0104015 0.0121082 0.0286194 -0.0199433 0.00736139 0.0191436 -0.0082843 0.011961 0.0299817 -0.0186986 0.00863188 0.0212165 -0.00618297 0.0115166 0.0311757 -0.0171912 0.00970164 0.0231928 -0.00415426 0.0107859 0.0321992 -0.0154626 0.0105354 0.0250521 -0.0217839 0.00297227 0.0142726 -0.0218293 0.00273556 0.01348 -0.0219385 0.00164406 0.01348 -0.00225246 0.00978859 0.0330532 -0.0135604 0.0111051 0.0267763 -0.0213139 0.00455117 0.0164808 -0.000527697 0.00855284 0.0337425 -0.000610704 0.00768544 0.0340849 -0.00114368 0.00762437 0.0340849 -0.0115373 0.0113907 0.0283509 -0.0205141 0.00603818 0.0186485 -0.00944896 0.011381 0.0297647 -0.0194061 0.00738561 0.0207501 -0.0073529 0.0110739 0.0310101 -0.0180206 0.00854999 0.0227619 -0.00530641 0.0104765 0.0320834 -0.0163962 0.00949341 0.0246622 -0.0219444 0.00154208 0.0137374 -0.0219932 0.000548474 0.01348 -0.00336496 0.00960486 0.0329845 -0.014578 0.0101848 0.026432 -0.0216327 0.00314655 0.0159552 -0.00158052 0.00848389 0.0337167 -0.00167112 0.00752638 0.0340849 -0.0126169 0.0106007 0.0280553 -0.0209849 0.00468091 0.0181406 -0.0105676 0.0107263 0.0295197 -0.0200191 0.00609616 0.0202677 -0.00848701 0.0105558 0.0308162 -0.0187622 0.00734695 0.0223118 -0.00643271 0.0100925 0.0319397 -0.0172498 0.00839298 0.0242505 -0.00446107 0.0093489 0.0328887 -0.0155245 0.00920023 0.0260636 -0.0218461 0.00172452 0.0154231 -0.00262564 0.00834632 0.0336653 -0.00219047 0.00739194 0.0340849 -0.00269922 0.00722172 0.0340849 -0.013635 0.0097421 0.027734 -0.0213536 0.00329617 0.0176225 -0.0116347 0.0100002 0.029248 -0.0205345 0.0047698 0.0197714 -0.00957977 0.00996493 0.0305951 -0.0194124 0.0060984 0.0218446 -0.00752767 0.00963592 0.0317689 -0.0180194 0.00723945 0.0238188 -0.00553545 0.00902195 0.0327663 -0.0163954 0.00815625 0.025673 -0.021953 0.000292013 0.0148872 -0.0219932 -0.000548476 0.01348 -0.00365797 0.00814081 0.0335884 -0.00319489 0.00701653 0.0340849 -0.0036751 0.00677736 0.0340849 -0.0145867 0.00881907 0.0273887 -0.0216182 0.00189072 0.0170966 -0.0126452 0.00920608 0.0289509 -0.0209499 0.003413 0.0192637 -0.0106259 0.00930408 0.0303479 -0.0199681 0.00481041 0.0213627 -0.00858596 0.0091089 0.0315717 -0.0187012 0.00603846 0.0233695 -0.00658286 0.00862561 0.032618 -0.0171863 0.00705792 0.025262 -0.021953 -0.00114399 0.0143498 -0.0219385 -0.00164406 0.01348 -0.00467248 0.00786835 0.0334864 -0.00413751 0.00650539 0.0340849 -0.0154674 0.00783611 0.0270209 -0.0217774 0.000471414 0.0165656 -0.013594 0.0083479 0.0286298 -0.0212633 0.00203236 0.0187471 -0.0116202 0.0085765 0.0300756 -0.0204264 0.00348926 0.0208684 -0.00960241 0.00851403 0.0313491 -0.0192919 0.00479584 0.0229045 -0.0075982 0.0081618 0.0324445 -0.0178936 0.00591059 0.0248327 -0.0218461 -0.00257649 0.0138139 -0.0218293 -0.00273556 0.01348 -0.0216658 -0.00382026 0.01348 -0.00566423 0.00753027 0.0333599 -0.0162727 0.00679801 0.0266325 -0.0218306 -0.000954844 0.0160319 -0.0144766 0.00742981 0.0282862 -0.021473 0.000634615 0.0182241 -0.0125579 0.00778572 0.0297798 -0.0207852 0.00214139 0.020364 -0.0105721 0.0078542 0.0311022 -0.0197886 0.00351766 0.0224263 -0.00857652 0.00763278 0.0322466 -0.0185137 0.00471984 0.0243872 -0.00662838 0.00712823 0.0332095 -0.0169987 0.00570983 0.0262253 -0.0217774 -0.0023811 0.0154983 -0.00478303 0.00635632 0.0339915 -0.00457989 0.00620191 0.0340849 -0.00500009 0.0058684 0.0340849 -0.0152887 0.0064563 0.027922 -0.0215781 -0.000773429 0.0176973 -0.0134344 0.00693561 0.0294617 -0.0210428 0.000773347 0.0198522 -0.0114903 0.00713262 0.0308322 -0.020189 0.00221015 0.021937 -0.00951305 0.00704114 0.0320252 -0.0190436 0.00349148 0.0239276 -0.00756024 0.00666417 0.0330359 -0.0176419 0.00457686 0.0258014 -0.0216182 -0.00380041 0.0149672 -0.0214484 -0.00489546 0.01348 -0.00568807 0.00601385 0.0338633 -0.00539608 0.00550648 0.0340849 -0.00576595 0.0051179 0.0340849 -0.0160263 0.0054321 0.0275388 -0.0215781 -0.00218491 0.0171692 -0.0142455 0.0060303 0.0291229 -0.0211978 -0.000608184 0.0193353 -0.0123524 0.00635282 0.0305405 -0.0204909 0.000879658 0.0214392 -0.0104032 0.00638975 0.0317815 -0.0194807 0.00223149 0.0234561 -0.00845526 0.00614036 0.0328399 -0.0181991 0.00340464 0.0253628 -0.0213536 -0.00520586 0.0144413 -0.0211777 -0.00595849 0.01348 -0.00656539 0.00561309 0.0337134 -0.00610789 0.00470454 0.0340849 -0.0166859 0.0043622 0.0271384 -0.021473 -0.00359295 0.0166423 -0.0149872 0.00507421 0.0287652 -0.0212496 -0.00199648 0.0188158 -0.0131545 0.00551858 0.0302283 -0.020693 -0.000467315 0.0209352 -0.0112428 0.00568179 0.0315166 -0.0198229 0.000946015 0.0229751 -0.00930909 0.00555936 0.0326225 -0.0186677 0.00219886 0.0249116 -0.0209849 -0.00659059 0.0139232 -0.0208544 -0.00700671 0.01348 -0.0204792 -0.0080375 0.01348 -0.00741073 0.00515598 0.0335423 -0.00642027 0.00426839 0.0340849 -0.0172641 0.00325182 0.026723 -0.0212633 -0.0049907 0.0161193 -0.0156558 0.00407199 0.0283902 -0.0211978 -0.00338477 0.0182963 -0.0138924 0.00463398 0.0298973 -0.0207943 -0.00182421 0.0204275 -0.0120275 0.00492071 0.0312318 -0.0200685 -0.000358686 0.0224869 -0.0101176 0.00492398 0.0323847 -0.0190453 0.000965406 0.0244501 -0.00821997 0.00464476 0.033351 -0.0177582 0.00210637 0.0262944 -0.0209499 -0.00637134 0.0156027 -0.0162482 0.00302853 0.0279998 -0.0210428 -0.0047663 0.0177794 -0.0145626 0.00370332 0.0295491 -0.0207943 -0.00318442 0.0199186 -0.0127536 0.00411021 0.0309285 -0.0202164 -0.00167626 0.021994 -0.0108768 0.00423734 0.0321278 -0.0193302 -0.000289715 0.0239805 -0.00898915 0.00408191 0.0331405 -0.0181658 0.00093143 0.0258548 -0.0205345 -0.00772814 0.0150951 -0.0200531 -0.00904832 0.01348 -0.00714787 0.00365033 0.0339637 -0.00670155 0.00381159 0.0340849 -0.00695039 0.00333632 0.0340849 -0.00716558 0.00284491 0.0340849 -0.0167614 0.00194891 0.0275958 -0.0207852 -0.00613434 0.0172675 -0.0151619 0.00273115 0.0291853 -0.020693 -0.00454132 0.0194109 -0.0134176 0.00325425 0.0306083 -0.0202658 -0.00300028 0.0214985 -0.011583 0.00350276 0.031853 -0.0195209 -0.00156039 0.023505 -0.00971455 0.00347018 0.0329116 -0.018485 -0.000267281 0.0254062 -0.0200191 -0.0090545 0.0145988 -0.0195772 -0.0100366 0.01348 -0.00786968 0.00315916 0.0337799 -0.00734607 0.00233971 0.0340849 -0.017193 0.000838385 0.0271803 -0.0204264 -0.00748222 0.0167632 -0.0156873 0.00172218 0.0288078 -0.0204909 -0.00588829 0.0189069 -0.0140163 0.00235699 0.0302725 -0.0202164 -0.0043243 0.0210031 -0.0122327 0.00272384 0.0315615 -0.0196164 -0.00284042 0.0230261 -0.0103926 0.00281255 0.0326655 -0.018714 -0.00148392 0.024951 -0.0194061 -0.010344 0.0141163 -0.0190526 -0.011 0.01348 -0.00855314 0.00262203 0.033579 -0.00749099 0.00182319 0.0340849 -0.0175408 -0.000297629 0.0267552 -0.0199681 -0.00880337 0.0162689 -0.0161363 0.000681348 0.0284184 -0.020189 -0.00721878 0.018409 -0.0145466 0.0014228 0.029923 -0.0200685 -0.00564187 0.0205102 -0.0128229 0.00190437 0.0312549 -0.0196164 -0.00412359 0.022546 -0.0110201 0.00211222 0.0324035 -0.0188519 -0.00271256 0.0244913 -0.0186986 -0.0115902 0.01365 -0.0184806 -0.011936 0.01348 -0.00919494 0.00204156 0.0333618 -0.0178031 -0.0014536 0.0263227 -0.0194124 -0.0100914 0.015787 -0.0165067 -0.000386284 0.0280189 -0.0197886 -0.0085263 0.0179198 -0.0150061 0.000456243 0.0295613 -0.0198229 -0.00694657 0.020022 -0.0133506 0.00104833 0.0309346 -0.0195209 -0.00540362 0.022067 -0.0115938 0.00137261 0.0321267 -0.0188979 -0.00394722 0.0240293 -0.00979194 0.00142057 0.0331294 -0.0179788 -0.00262389 0.0258848 -0.0187622 -0.0113399 0.0153198 -0.00800224 0.00119281 0.0339383 -0.00759965 0.00129784 0.0340849 -0.0076715 0.00076621 0.0340849 -0.0167967 -0.00147551 0.0276114 -0.0192919 -0.00980448 0.0174416 -0.0153925 -0.000537979 0.0291893 -0.0194807 -0.00823204 0.019541 -0.0138132 0.000159901 0.0306022 -0.0193302 -0.00667429 0.0215916 -0.0121111 0.000597311 0.0318366 -0.0188519 -0.00518187 0.0235674 -0.0103412 0.000762083 0.032883 -0.0180668 -0.0038028 0.0254437 -0.0180206 -0.0125429 0.0148697 -0.0178626 -0.0128424 0.01348 -0.00856079 0.000651093 0.0337356 -0.00770621 0.000230867 0.0340849 -0.00770361 -0.000305593 0.0340849 -0.0170048 -0.00258103 0.0271977 -0.0187012 -0.0110471 0.0169766 -0.0157038 -0.00155502 0.0288088 -0.0190436 -0.00949203 0.0190695 -0.0142086 -0.000756589 0.0302593 -0.0190453 -0.00792942 0.0211219 -0.0125693 -0.000209892 0.0315346 -0.018714 -0.00641051 0.0231077 -0.0108402 6.9318e-05 0.0326238 -0.0180668 -0.0049846 0.0250015 -0.0171912 -0.0136946 0.0144387 -0.0172003 -0.0137168 0.01348 -0.0164952 -0.0145571 0.01348 -0.00907763 7.42054e-05 0.0335197 -0.0171301 -0.00369746 0.02678 -0.0180194 -0.0122481 0.0165272 -0.0159387 -0.00258993 0.0284216 -0.0185137 -0.0107204 0.0186099 -0.0145347 -0.00169667 0.0299075 -0.0186677 -0.00916287 0.0206604 -0.0129663 -0.00104507 0.0312221 -0.018485 -0.00762715 0.0226524 -0.0112863 -0.000654354 0.0323531 -0.0179788 -0.00616351 0.0245604 -0.0162781 -0.0147893 0.0140292 -0.0157491 -0.0153612 0.01348 -0.00955024 -0.000535042 0.0332918 -0.0171719 -0.00481935 0.0263602 -0.0172498 -0.0134016 0.0160956 -0.00781536 -0.000688558 0.0340335 -0.00766371 -0.000840575 0.0340849 -0.0160959 -0.00363766 0.0280295 -0.0178936 -0.0119111 0.0181644 -0.0147901 -0.00265578 0.0295486 -0.0181991 -0.0103687 0.0202093 -0.0133002 -0.00190415 0.0309007 -0.0181658 -0.00882586 0.0222039 -0.0116774 -0.00140541 0.032072 -0.0178031 -0.00733381 0.0241225 -0.0152857 -0.0158216 0.0136429 -0.0149638 -0.0161271 0.01348 -0.00997633 -0.00117368 0.0330528 -0.0171301 -0.00594124 0.0259404 -0.0163962 -0.014502 0.0156839 -0.00825377 -0.00121412 0.0338368 -0.0075867 -0.00137148 0.0340849 -0.00747296 -0.00189575 0.0340849 -0.0161747 -0.00469312 0.0276346 -0.0171863 -0.0130585 0.0177351 -0.0149733 -0.00362923 0.0291844 -0.0176419 -0.0115409 0.0197707 -0.0135692 -0.00278295 0.0305718 -0.0177582 -0.0100008 0.0217643 -0.0120116 -0.00218019 0.0317821 -0.0175408 -0.00848978 0.02369 -0.0103538 -0.00183861 0.032804 -0.0170048 -0.00705766 0.0255227 -0.0154626 -0.015544 0.015294 -0.00865198 -0.00176704 0.03363 -0.00732303 -0.00241085 0.0340849 -0.0161747 -0.00575115 0.0272387 -0.0163954 -0.0141568 0.0173241 -0.0150836 -0.00461228 0.0288166 -0.0169987 -0.0126738 0.0193467 -0.0137722 -0.00367718 0.0302373 -0.0172641 -0.0111463 0.0213357 -0.0122873 -0.00297491 0.0314848 -0.017193 -0.00962579 0.0232649 -0.0106809 -0.00252657 0.0325466 -0.0167967 -0.00816318 0.025109 -0.0144538 -0.0165225 0.0149279 -0.0141413 -0.016853 0.01348 -0.00900803 -0.00234464 0.0334138 -0.0160959 -0.0068066 0.0268438 -0.0155245 -0.0152008 0.0169335 -0.0151205 -0.00560014 0.028447 -0.0162727 -0.013762 0.0189396 -0.013908 -0.0045825 0.0298985 -0.0166859 -0.0122566 0.0209202 -0.0125032 -0.00378572 0.0311814 -0.0167614 -0.0107363 0.0228494 -0.0109559 -0.00323423 0.0322818 -0.0165067 -0.00925241 0.0247015 -0.0133745 -0.0174326 0.0145874 -0.0132837 -0.0175369 0.01348 -0.012393 -0.0181773 0.01348 -0.0093202 -0.00294408 0.0331896 -0.0159387 -0.00785433 0.0264518 -0.014578 -0.0161853 0.0165651 -0.00765254 -0.00292244 0.0338981 -0.00713765 -0.00291426 0.0340849 -0.00691771 -0.00340357 0.0340849 -0.0150836 -0.00658801 0.0280773 -0.0154674 -0.0148001 0.0185511 -0.0139761 -0.00549449 0.0295573 -0.0160263 -0.0133265 0.0205199 -0.0126581 -0.00460865 0.0308735 -0.0162482 -0.0118159 0.0224455 -0.0111775 -0.00395813 0.032011 -0.0161363 -0.01032 0.024302 -0.0122301 -0.0182701 0.014274 -0.0114716 -0.0187724 0.01348 -0.00958696 -0.00356247 0.0329582 -0.0157038 -0.00888924 0.0260646 -0.0135604 -0.0171056 0.0162208 -0.00794209 -0.00343248 0.0337072 -0.00666427 -0.0038764 0.0340849 -0.0149733 -0.00757106 0.0277095 -0.0145867 -0.0157831 0.0181834 -0.0139761 -0.0064087 0.0292152 -0.0152887 -0.0143507 0.0201367 -0.0127513 -0.00543969 0.0305625 -0.0156558 -0.0128594 0.022055 -0.0113447 -0.00469474 0.0317354 -0.0156873 -0.0113609 0.0239126 -0.011026 -0.0190307 0.0139894 -0.0105216 -0.0193209 0.01348 -0.00980701 -0.00419677 0.0327208 -0.0153925 -0.00990628 0.025684 -0.0124769 -0.0179572 0.0159022 -0.00819296 -0.00396019 0.0335098 -0.0147901 -0.00854451 0.0273453 -0.013635 -0.0167061 0.017838 -0.013908 -0.00732069 0.028874 -0.0144766 -0.0153242 0.0197724 -0.0127825 -0.00627481 0.0302501 -0.0149872 -0.0138616 0.02168 -0.0114566 -0.00544049 0.0314563 -0.0151619 -0.0123698 0.0235351 -0.0097683 -0.0197108 0.0137349 -0.00954544 -0.0198213 0.01348 -0.00854557 -0.0202725 0.01348 -0.00997928 -0.00484391 0.0324787 -0.0150061 -0.0109005 0.025312 -0.0113325 -0.0187359 0.0156108 -0.0084039 -0.00450302 0.0333067 -0.0145347 -0.00950361 0.0269864 -0.0126169 -0.0175647 0.0175167 -0.00678639 -0.00442696 0.0339335 -0.00637857 -0.00433046 0.0340849 -0.00606198 -0.00476355 0.0340849 -0.0137722 -0.008226 0.0285352 -0.013594 -0.0162423 0.0194289 -0.0127513 -0.00710993 0.0299376 -0.0142455 -0.0148177 0.0213223 -0.0115127 -0.00619172 0.0311752 -0.0145626 -0.013342 0.0231713 -0.0101029 -0.00550072 0.0322329 -0.0145466 -0.0118671 0.0249504 -0.0101329 -0.019438 0.0153481 -0.00857391 -0.0050583 0.0330989 -0.0142086 -0.0104437 0.0266347 -0.0115373 -0.0183547 0.0172211 -0.00698063 -0.00487723 0.0337651 -0.00571604 -0.00517358 0.0340849 -0.0135692 -0.00912024 0.0282006 -0.0126452 -0.0171005 0.0191078 -0.0126581 -0.00794097 0.0296266 -0.0134344 -0.015723 0.0209836 -0.0115127 -0.0069448 0.0308935 -0.0138924 -0.0142727 0.0228231 -0.0101774 -0.00616402 0.0319848 -0.0140163 -0.0128013 0.0246008 -0.00888393 -0.0200599 0.0151154 -0.00870214 -0.00562333 0.0328875 -0.0138132 -0.0113602 0.0262917 -0.0104015 -0.0190722 0.0169527 -0.00714086 -0.00533909 0.0335922 -0.0133002 -0.00999904 0.0278718 -0.0116347 -0.0178946 0.0188107 -0.0125032 -0.0087639 0.0293187 -0.0125579 -0.0165731 0.0206655 -0.0114566 -0.00769604 0.0306124 -0.0131545 -0.0151573 0.0224921 -0.0102022 -0.00683056 0.0317354 -0.0134176 -0.0136985 0.0242651 -0.00759169 -0.0205988 0.0149138 -0.00752444 -0.0206732 0.01348 -0.00648461 -0.0210226 0.01348 -0.00878798 -0.00619537 0.0326735 -0.0133506 -0.0122486 0.0259593 -0.00921497 -0.0197138 0.0167126 -0.0072663 -0.0058103 0.0334159 -0.0129663 -0.0108581 0.0275504 -0.0105676 -0.0186208 0.018539 -0.00569268 -0.00568646 0.0339558 -0.00534242 -0.00555855 0.0340849 -0.00494294 -0.00591662 0.0340849 -0.0122873 -0.00957471 0.0290154 -0.0116202 -0.0173639 0.0203696 -0.0113447 -0.00844178 0.0303333 -0.0123524 -0.0159915 0.0221799 -0.0101774 -0.0074971 0.031486 -0.0127536 -0.0145545 0.0239448 -0.00626247 -0.0210519 0.0147442 -0.00542866 -0.0213197 0.01348 -0.008831 -0.00677162 0.0324578 -0.0128229 -0.0131047 0.025639 -0.00798359 -0.0202763 0.0165021 -0.00735634 -0.00628855 0.033237 -0.0125693 -0.0116933 0.0272379 -0.00944896 -0.0192754 0.018294 -0.00580784 -0.0060626 0.033815 -0.00451952 -0.00624603 0.0340849 -0.0120116 -0.0103694 0.028718 -0.0106259 -0.0180915 0.0200974 -0.0111775 -0.00917839 0.0300577 -0.0114903 -0.0167713 0.0218882 -0.0101029 -0.00816039 0.0312378 -0.0120275 -0.015365 0.0236416 -0.00490273 -0.0214171 0.0146076 -0.00435922 -0.0215638 0.01348 -0.008831 -0.00734928 0.0322417 -0.0122327 -0.0139241 0.0253324 -0.00671331 -0.020757 0.0163223 -0.00741054 -0.00677152 0.0330563 -0.0121111 -0.0125005 0.0269359 -0.0082843 -0.0198554 0.018077 -0.0058947 -0.00644535 0.0336718 -0.0116774 -0.0111442 0.0284281 -0.00957977 -0.0187523 0.0198501 -0.0109559 -0.00990229 0.0297869 -0.0105721 -0.0174929 0.0216182 -0.00997928 -0.00881721 0.030992 -0.0112428 -0.0161261 0.0233568 -0.00351911 -0.0216925 0.0145045 -0.00327893 -0.0217543 0.01348 -0.00878798 -0.00792553 0.0320261 -0.011583 -0.0147031 0.025041 -0.00541032 -0.0211535 0.0161739 -0.00742863 -0.00725685 0.0328747 -0.0115938 -0.0132758 0.0266458 -0.00707928 -0.0203579 0.017889 -0.00595285 -0.00683284 0.0335268 -0.0112863 -0.0118953 0.0281471 -0.00848701 -0.0193432 0.019629 -0.0044156 -0.00666657 0.0339754 -0.00407422 -0.00654521 0.0340849 -0.0036092 -0.00681269 0.0340849 -0.0106809 -0.01061 0.0295221 -0.00960241 -0.0181527 0.0213713 -0.00980701 -0.00946434 0.0307499 -0.0104032 -0.016834 0.0230919 -0.00211835 -0.0218769 0.0144355 -0.00219049 -0.0218907 0.01348 -0.00109661 -0.0219727 0.01348 -0.00870214 -0.00849757 0.0318121 -0.0108768 -0.0154376 0.0247661 -0.00408097 -0.0214639 0.0160578 -0.00741054 -0.00774219 0.0326931 -0.0110201 -0.0140154 0.026369 -0.00583978 -0.0207805 0.0177309 -0.00598199 -0.00722318 0.0333808 -0.0108402 -0.0126189 0.0278763 -0.0073529 -0.0198613 0.0194352 -0.00447032 -0.0069572 0.0338666 -0.0031267 -0.00704718 0.0340849 -0.0103538 -0.0112979 0.0292647 -0.00858596 -0.0187476 0.0211487 -0.00958696 -0.0100987 0.0305125 -0.00951305 -0.0174854 0.0228482 -0.000707265 -0.0219693 0.014401 -0.00857391 -0.0090626 0.0316006 -0.0101176 -0.0161243 0.0245092 -0.00273174 -0.0216868 0.0159744 -0.00735634 -0.00822516 0.0325124 -0.0103926 -0.0147157 0.026107 -0.00457182 -0.021121 0.0176035 -0.00598199 -0.00761448 0.0332344 -0.0103412 -0.0133117 0.0276171 -0.00618297 -0.020304 0.0192695 -0.00450325 -0.00725069 0.0337568 -0.00997633 -0.0119628 0.0290159 -0.00752767 -0.0192746 0.0209515 -0.0093202 -0.010717 0.0302812 -0.00857652 -0.018077 0.0226268 -0.0084039 -0.00961788 0.0313929 -0.00930909 -0.0167597 0.0242714 -0.00136921 -0.0218209 0.0159242 -0.0072663 -0.00870341 0.0323334 -0.00971455 -0.0153734 0.0258609 -0.00328159 -0.0213778 0.0175074 -0.00595285 -0.00800482 0.0330883 -0.00979194 -0.0139702 0.0273707 -0.00498291 -0.0206692 0.0191329 -0.00451425 -0.00754562 0.0336464 -0.00955024 -0.0126015 0.0287769 -0.00643271 -0.0197312 0.0207807 -0.0030049 -0.00734081 0.0340003 -0.00262905 -0.00724756 0.0340849 -0.00211868 -0.00741284 0.0340849 -0.00900803 -0.0113165 0.0300569 -0.0075982 -0.0186061 0.0224289 -0.00819296 -0.0101607 0.0311898 -0.00845526 -0.0173407 0.024054 -0.00714086 -0.00917461 0.0321571 -0.00898915 -0.0159851 0.025632 -0.00197537 -0.0215498 0.017443 -0.0058947 -0.00839231 0.0329433 -0.00919494 -0.0145912 0.0271384 -0.00375858 -0.0209551 0.0190259 -0.00450325 -0.00784055 0.0335361 -0.00907763 -0.0132107 0.028549 -0.00530641 -0.0201152 0.020637 -0.00301961 -0.00753785 0.0339266 -0.00159805 -0.00754223 0.0340849 -0.00865198 -0.0118941 0.0298408 -0.00658286 -0.0190699 0.0222553 -0.00794209 -0.0106884 0.0309923 -0.00756024 -0.0178645 0.023858 -0.00698063 -0.00963647 0.0319843 -0.00821997 -0.0165479 0.0254214 -0.000659528 -0.0216359 0.0174108 -0.00580784 -0.00877506 0.0328001 -0.00855314 -0.0151717 0.0269212 -0.00251594 -0.0211603 0.0189491 -0.00447032 -0.00813404 0.0334263 -0.00856079 -0.0137876 0.0283331 -0.00415426 -0.0204246 0.0205212 -0.00301961 -0.00773537 0.0338527 -0.00825377 -0.012447 0.0296339 -0.00553545 -0.0194662 0.022107 -0.00151063 -0.00759245 0.034073 -0.00106969 -0.0076351 0.0340849 -0.00765254 -0.0111985 0.0308015 -0.00662838 -0.0183285 0.0236844 -0.00678639 -0.0100867 0.0318158 -0.00741073 -0.0170592 0.0252302 -0.00569268 -0.0091512 0.0326594 -0.00786968 -0.0157088 0.0267202 -0.00126104 -0.0212839 0.0189029 -0.0044156 -0.00842467 0.0333175 -0.00800224 -0.0143293 0.0281304 -0.00298187 -0.020658 0.0204339 -0.0030049 -0.00793241 0.033779 -0.00781536 -0.0129726 0.0294372 -0.00446107 -0.0197932 0.0219847 -0.00151432 -0.00769138 0.034036 -0.000536142 -0.00769101 0.0340849 -0.0073257 -0.0116884 0.0306182 -0.00566423 -0.0187306 0.023534 -0.00655909 -0.0105232 0.0316525 -0.00656539 -0.0175163 0.0250591 -0.00554979 -0.0095189 0.0325218 -0.00714787 -0.0162 0.0265364 -0.00433938 -0.00871101 0.0332104 -0.0074047 -0.0148332 0.0279419 -0.00179495 -0.0208142 0.0203755 -0.00297555 -0.00812801 0.0337058 -0.00733887 -0.0134682 0.0292518 -0.00336496 -0.0200491 0.0218889 -0.00151063 -0.00779032 0.033999 -0.00696317 -0.0121557 0.0304433 -0.00467248 -0.0190686 0.0234075 -0.00629984 -0.0109438 0.0314952 -0.00568807 -0.017917 0.0249092 -0.00537986 -0.00987637 0.0323881 -0.00639124 -0.0166428 0.0263707 -0.00424201 -0.00899167 0.0331054 -0.00677109 -0.0152969 0.0277684 -0.000599291 -0.0208925 0.0203461 -0.0029317 -0.00832122 0.0336335 -0.00682662 -0.0139315 0.0290784 -0.00225246 -0.0202329 0.0218202 -0.00149958 -0.00788877 0.0339622 -0.00656671 -0.0125982 0.0302777 -0.00365797 -0.0193411 0.0233055 -0.00600989 -0.0113464 0.0313445 -0.00478303 -0.0182595 0.024781 -0.00518371 -0.0102219 0.0322588 -0.00560347 -0.0170351 0.0262239 -0.00412397 -0.00926529 0.033003 -0.0061045 -0.015718 0.0276108 -0.00287357 -0.00851108 0.0335624 -0.00628112 -0.0143602 0.028918 -0.00112898 -0.0203434 0.0217788 -0.00148123 -0.00798626 0.0339257 -0.00613827 -0.0130137 0.0301223 -0.00262564 -0.0195466 0.0232287 -0.00569066 -0.0117291 0.0312013 -0.00385469 -0.018542 0.0246753 -0.00496232 -0.0105537 0.0321346 -0.0047884 -0.0173749 0.0260968 -0.00398585 -0.00953054 0.0329038 -0.00540816 -0.0160945 0.0274699 -0.00280144 -0.00869669 0.033493 -0.00570501 -0.0147522 0.0287713 -0.00145565 -0.00808232 0.0338897 -0.00567992 -0.0134003 0.0299776 -0.00158052 -0.0196842 0.0231772 -0.00534371 -0.01209 0.0310663 -0.00290757 -0.0187632 0.0245926 -0.00471675 -0.0108703 0.0320162 -0.00395 -0.0176607 0.0259898 -0.0038283 -0.00978611 0.0328081 -0.00468547 -0.0164246 0.0273464 -0.00271566 -0.00887714 0.0334255 -0.00510111 -0.0151057 0.0286391 -0.00142299 -0.00817647 0.0338545 -0.0051939 -0.0137559 0.0298446 -0.000527697 -0.0197531 0.0231514 -0.00497072 -0.0124273 0.0309401 -0.00194629 -0.0189219 0.0245332 -0.00444819 -0.01117 0.031904 -0.00309236 -0.0178911 0.0259036 -0.00365211 -0.0100308 0.0327166 -0.00393996 -0.0167068 0.0272409 -0.00261665 -0.00905154 0.0333602 -0.00447236 -0.0154188 0.0285219 -0.0013834 -0.00826825 0.0338202 -0.00468257 -0.0140789 0.0297237 -0.00457352 -0.0127395 0.0308233 -0.000975519 -0.0190175 0.0244974 -0.00415797 -0.0114515 0.0317987 -0.00221965 -0.0180648 0.0258386 -0.00345812 -0.0102633 0.0326296 -0.00317525 -0.0169395 0.0271538 -0.00250489 -0.00921904 0.0332975 -0.00382182 -0.01569 0.0284204 -0.00133706 -0.00835723 0.0337869 -0.00414843 -0.0143678 0.0296156 -0.00415404 -0.0130249 0.0307165 -0.00384749 -0.0117133 0.0317007 -0.00133613 -0.0181811 0.0257951 -0.00324728 -0.0104826 0.0325475 -0.00239507 -0.0171217 0.0270856 -0.00238093 -0.00937884 0.0332378 -0.00315266 -0.0159181 0.0283351 -0.00128421 -0.00844296 0.0337548 -0.00359408 -0.014621 0.0295209 -0.00371432 -0.0132823 0.0306202 -0.00351827 -0.0119542 0.0316106 -0.000446102 -0.0182394 0.0257733 -0.00302062 -0.0106876 0.0324708 -0.00160323 -0.0172524 0.0270367 -0.00224537 -0.00953015 0.0331811 -0.00246814 -0.016102 0.0282663 -0.00122511 -0.00852503 0.0337241 -0.00302222 -0.0148374 0.0294399 -0.0032565 -0.0135103 0.0305349 -0.0031719 -0.012173 0.0315287 -0.00277925 -0.0108773 0.0323998 -0.000803572 -0.0173311 0.0270072 -0.00209888 -0.00967223 0.033128 -0.0017716 -0.0162407 0.0282144 -0.00116003 -0.00860304 0.0336949 -0.00243564 -0.0150159 0.0293731 -0.00278281 -0.0137078 0.030461 -0.00281009 -0.0123687 0.0314555 -0.00252434 -0.0110508 0.0323349 -0.00194215 -0.0098044 0.0330785 -0.00106642 -0.0163335 0.0281797 -0.00108931 -0.00867661 0.0336674 -0.00183719 -0.0151556 0.0293208 -0.00229557 -0.0138739 0.0303988 -0.00243458 -0.0125402 0.0313913 -0.00225712 -0.0112072 0.0322764 -0.00177596 -0.00992601 0.033033 -0.000356053 -0.01638 0.0281623 -0.00101328 -0.00874538 0.0336416 -0.00122979 -0.0152559 0.0292833 -0.00179715 -0.0140077 0.0303487 -0.00204721 -0.0126868 0.0313365 -0.00197892 -0.0113457 0.0322246 -0.00160112 -0.0100365 0.0329917 -0.000932306 -0.00880901 0.0336178 -0.000616395 -0.0153163 0.0292607 -0.00128997 -0.0141087 0.0303109 -0.00164987 -0.0128077 0.0312912 -0.00169107 -0.0114657 0.0321797 -0.00141848 -0.0101352 0.0329547 -0.000846795 -0.0088672 0.0335961 -0.000776503 -0.0141763 0.0302857 -0.00124448 -0.0129024 0.0312558 -0.00139498 -0.0115667 0.0321419 -0.00122893 -0.0102218 0.0329223 -0.000757158 -0.00891966 0.0335764 -0.000259256 -0.0142102 0.030273 -0.00083304 -0.0129703 0.0312304 -0.0010921 -0.011648 0.0321115 -0.0010334 -0.0102958 0.0328947 -0.000663833 -0.00896613 0.033559 -0.000417537 -0.0130112 0.0312151 -0.000783891 -0.0117094 0.0320885 -0.000832824 -0.0103568 0.0328718 -0.000567273 -0.0090064 0.033544 -0.000471868 -0.0117504 0.0320731 -0.000628195 -0.0104046 0.0328539 -0.000467949 -0.00904026 0.0335313 -0.000157545 -0.011771 0.0320654 -0.000420505 -0.0104389 0.0328411 -0.000366346 -0.00906754 0.0335211 -0.000210766 -0.0104596 0.0328334 -0.000262958 -0.00908812 0.0335134 -0.000158289 -0.0091019 0.0335082 -5.28489e-05 -0.00910881 0.0335057 2.03516e-15 0.00753866 0.0341375 -2.3224e-05 0.00718397 0.03418 1.93942e-15 0.00718401 0.03418 1.98764e-15 0.00736261 0.0341693 -4.64478e-05 0.00718386 0.03418 -6.96711e-05 0.00718367 0.03418 3.9398e-15 -0.00753866 0.0341375 -0.000597158 0.00751497 0.0341375 -0.000583212 0.00733947 0.0341693 -0.00060466 0.00715852 0.03418 -0.00111832 0.00745525 0.0341375 -0.0010922 0.00728114 0.0341693 -0.00113629 0.00709358 0.03418 -0.00163406 0.00735943 0.0341375 -0.0015959 0.00718756 0.0341693 -0.0016616 0.00698921 0.03418 -0.00214189 0.00722798 0.0341375 -0.00228518 0.00718396 0.0341375 -0.00209187 0.00705918 0.0341693 -0.00217768 0.006846 0.03418 -0.00223182 0.00701619 0.0341693 -0.00263935 0.00706153 0.0341375 -0.00257771 0.00689662 0.0341693 -0.00268165 0.00666474 0.03418 -0.00281404 0.00699375 0.0341375 -0.00274832 0.00683043 0.0341693 -0.00312403 0.00686089 0.0341375 -0.00305107 0.00670067 0.0341693 -0.00317072 0.00644644 0.03418 -0.00332725 0.00676467 0.0341375 -0.00324955 0.00660669 0.0341693 -0.00359358 0.00662704 0.0341375 -0.00350966 0.00647227 0.0341693 -0.00364217 0.0061923 0.03418 -0.00382197 0.00649799 0.0341375 -0.00373271 0.00634624 0.0341693 -0.00404573 0.00636109 0.0341375 -0.00395125 0.00621253 0.0341693 -0.00409337 0.00590375 0.03418 -0.00429545 0.0061952 0.0341375 -0.00419514 0.00605052 0.0341693 -0.0044783 0.00606434 0.0341375 -0.00437371 0.00592272 0.0341693 -0.00452183 0.00558239 0.03418 -0.00474505 0.00585798 0.0341375 -0.00463424 0.00572117 0.0341693 -0.00488918 0.00573823 0.0341375 -0.004775 0.00560423 0.0341693 -0.00492515 0.00523 0.03418 -0.00516829 0.00548819 0.0341375 -0.00527639 0.00538434 0.0341375 -0.00504759 0.00536002 0.0341693 -0.00515317 0.0052586 0.0341693 -0.0053011 0.00484855 0.03418 -0.00556279 0.0050879 0.0341375 -0.00543288 0.00496908 0.0341693 -0.00592638 0.00465934 0.0341375 -0.00578798 0.00455052 0.0341693 -0.00564758 0.00444014 0.03418 -0.00625703 0.00420487 0.0341375 -0.00611091 0.00410668 0.0341693 -0.00596267 0.00400706 0.03418 -0.00655291 0.00372704 0.0341375 -0.00639987 0.00364 0.0341693 -0.00624463 0.00355171 0.03418 -0.00679623 0.00326232 0.0341375 -0.00663751 0.00318613 0.0341693 -0.00649188 0.00307661 0.03418 -0.00700664 0.0027818 0.0341375 -0.00684301 0.00271684 0.0341693 -0.00670304 0.00258442 0.03418 -0.00718313 0.00228782 0.0341375 -0.00701537 0.00223439 0.0341693 -0.00687695 0.00207786 0.03418 -0.00732483 0.00178275 0.0341375 -0.00735883 0.00163675 0.0341375 -0.00715377 0.00174112 0.0341693 -0.00701264 0.00155975 0.03418 -0.00718698 0.00159853 0.0341693 -0.00743108 0.00126906 0.0341375 -0.00725753 0.00123942 0.0341693 -0.00710936 0.00103298 0.03418 -0.00746032 0.00108397 0.0341375 -0.0072861 0.00105866 0.0341693 -0.00750134 0.000749214 0.0341375 -0.00732616 0.000731717 0.0341693 -0.00716656 0.000500461 0.03418 -0.00752035 0.000525167 0.0341375 -0.00734472 0.000512903 0.0341693 -0.00753528 0.000225746 0.0341375 -0.0073593 0.000220474 0.0341693 -0.00718393 -3.48374e-05 0.03418 -0.00753857 -3.65572e-05 0.0341375 -0.00736252 -3.57035e-05 0.0341693 -0.00753274 -0.000298815 0.0341375 -0.00735682 -0.000291836 0.0341693 -0.00716137 -0.000569942 0.03418 -0.0075149 -0.000598077 0.0341375 -0.0073394 -0.000584111 0.0341693 -0.00749372 -0.00082193 0.0341375 -0.00731871 -0.000802735 0.0341693 -0.00709901 -0.00110188 0.03418 -0.00744946 -0.00115627 0.0341375 -0.00727549 -0.00112927 0.0341693 -0.00741842 -0.00134106 0.0341375 -0.00724517 -0.00130974 0.0341693 -0.00699719 -0.00162769 0.03418 -0.00734261 -0.00170804 0.0341375 -0.0073072 -0.0018537 0.0341375 -0.00717114 -0.00166815 0.0341693 -0.00713655 -0.00181041 0.0341693 -0.00685648 -0.00214445 0.03418 -0.00719496 -0.00225032 0.0341375 -0.00702693 -0.00219777 0.0341693 -0.00667766 -0.0026493 0.03418 -0.00700732 -0.00278009 0.0341375 -0.00684367 -0.00271517 0.0341693 -0.00678073 -0.00329441 0.0341375 -0.00662237 -0.00321747 0.0341693 -0.00646173 -0.00313943 0.03418 -0.00651645 -0.00379042 0.0341375 -0.00636427 -0.0037019 0.0341693 -0.00620989 -0.0036121 0.03418 -0.00623708 -0.0042344 0.0341375 -0.00609143 -0.00413552 0.0341693 -0.00592353 -0.0040647 0.03418 -0.00592752 -0.00465789 0.0341375 -0.00578909 -0.00454911 0.0341693 -0.00560425 -0.0044947 0.03418 -0.00558925 -0.00505882 0.0341375 -0.00545872 -0.00494068 0.0341693 -0.00525382 -0.00489973 0.03418 -0.00522392 -0.00543526 0.0341375 -0.00511482 -0.00553805 0.0341375 -0.00510193 -0.00530832 0.0341693 -0.0048742 -0.00527752 0.03418 -0.00499537 -0.00540872 0.0341693 -0.0048333 -0.00578538 0.0341375 -0.00472043 -0.00565027 0.0341693 -0.00446748 -0.00562598 0.03418 -0.00468802 -0.00590372 0.0341375 -0.00457854 -0.00576584 0.0341693 -0.00441928 -0.00610749 0.0341375 -0.00431607 -0.00596486 0.0341693 -0.00403593 -0.00594317 0.03418 -0.00423517 -0.00623657 0.0341375 -0.00413626 -0.00609092 0.0341693 -0.00398385 -0.00640002 0.0341375 -0.00389082 -0.00625056 0.0341693 -0.00358194 -0.00622733 0.03418 -0.00375877 -0.00653476 0.0341375 -0.00367099 -0.00638215 0.0341693 -0.00352914 -0.00666157 0.0341375 -0.00344672 -0.006506 0.0341693 -0.00310806 -0.00647688 0.03418 -0.00326149 -0.00679662 0.0341375 -0.00318532 -0.0066379 0.0341693 -0.00305734 -0.00689087 0.0341375 -0.00298594 -0.00672994 0.0341693 -0.00261689 -0.00669043 0.03418 -0.00274608 -0.00702072 0.0341375 -0.00268195 -0.00685676 0.0341693 -0.00257074 -0.0070868 0.0341375 -0.0025107 -0.0069213 0.0341693 -0.00211118 -0.0068668 0.03418 -0.0022154 -0.00720579 0.0341375 -0.00207169 -0.00724841 0.0341375 -0.00216367 -0.00703751 0.0341693 -0.00202331 -0.00707914 0.0341693 -0.00159374 -0.007005 0.03418 -0.00167242 -0.00735081 0.0341375 -0.00163336 -0.00717914 0.0341693 -0.00112014 -0.00745498 0.0341375 -0.00109398 -0.00728088 0.0341693 -0.000535208 -0.00716405 0.03418 -0.00106744 -0.00710426 0.03418 -0.000561629 -0.00751771 0.0341375 -0.000548513 -0.00734215 0.0341693 3.84779e-15 -0.00736261 0.0341693 -1.22097e-16 -0.00718401 0.03418 2.3224e-05 -0.00718397 0.03418 4.64478e-05 -0.00718386 0.03418 6.96711e-05 -0.00718367 0.03418 0.000535208 0.00716405 0.03418 0.000597158 -0.00751497 0.0341375 0.000583212 -0.00733947 0.0341693 0.00060466 -0.00715852 0.03418 0.00111832 -0.00745525 0.0341375 0.0010922 -0.00728114 0.0341693 0.00113629 -0.00709358 0.03418 0.00163406 -0.00735943 0.0341375 0.0015959 -0.00718756 0.0341693 0.0016616 -0.00698921 0.03418 0.00214189 -0.00722798 0.0341375 0.00228518 -0.00718396 0.0341375 0.00209187 -0.00705918 0.0341693 0.00217768 -0.006846 0.03418 0.00223182 -0.00701619 0.0341693 0.00263935 -0.00706153 0.0341375 0.00257771 -0.00689662 0.0341693 0.00268165 -0.00666474 0.03418 0.00281404 -0.00699375 0.0341375 0.00274832 -0.00683043 0.0341693 0.00312403 -0.00686089 0.0341375 0.00305107 -0.00670067 0.0341693 0.00317072 -0.00644644 0.03418 0.00332725 -0.00676467 0.0341375 0.00324955 -0.00660669 0.0341693 0.00359358 -0.00662704 0.0341375 0.00350966 -0.00647227 0.0341693 0.00364217 -0.0061923 0.03418 0.00382197 -0.00649799 0.0341375 0.00373271 -0.00634624 0.0341693 0.00404573 -0.00636109 0.0341375 0.00395125 -0.00621253 0.0341693 0.00409337 -0.00590375 0.03418 0.00429545 -0.0061952 0.0341375 0.00419514 -0.00605052 0.0341693 0.0044783 -0.00606434 0.0341375 0.00437371 -0.00592272 0.0341693 0.00452183 -0.00558239 0.03418 0.00474505 -0.00585798 0.0341375 0.00463424 -0.00572117 0.0341693 0.00488918 -0.00573823 0.0341375 0.004775 -0.00560423 0.0341693 0.00492515 -0.00523 0.03418 0.00516829 -0.00548819 0.0341375 0.00527639 -0.00538434 0.0341375 0.00504759 -0.00536002 0.0341693 0.00515317 -0.0052586 0.0341693 0.0053011 -0.00484855 0.03418 0.00556279 -0.0050879 0.0341375 0.00543288 -0.00496908 0.0341693 0.00564758 -0.00444014 0.03418 0.00592638 -0.00465934 0.0341375 0.00578798 -0.00455052 0.0341693 0.00625703 -0.00420487 0.0341375 0.00611091 -0.00410668 0.0341693 0.00596267 -0.00400706 0.03418 0.00655291 -0.00372704 0.0341375 0.00639987 -0.00364 0.0341693 0.00624463 -0.00355171 0.03418 0.00679623 -0.00326232 0.0341375 0.00663751 -0.00318613 0.0341693 0.00649188 -0.00307661 0.03418 0.00700664 -0.0027818 0.0341375 0.00684301 -0.00271684 0.0341693 0.00670304 -0.00258442 0.03418 0.00718313 -0.00228782 0.0341375 0.00701537 -0.00223439 0.0341693 0.00687695 -0.00207786 0.03418 0.00732483 -0.00178275 0.0341375 0.00735883 -0.00163675 0.0341375 0.00715377 -0.00174112 0.0341693 0.00701264 -0.00155975 0.03418 0.00718698 -0.00159853 0.0341693 0.00743108 -0.00126906 0.0341375 0.00725753 -0.00123942 0.0341693 0.00710936 -0.00103298 0.03418 0.00746032 -0.00108397 0.0341375 0.0072861 -0.00105866 0.0341693 0.00750134 -0.000749217 0.0341375 0.00732616 -0.00073172 0.0341693 0.00716656 -0.000500464 0.03418 0.00752035 -0.00052517 0.0341375 0.00734472 -0.000512906 0.0341693 0.00753528 -0.000225749 0.0341375 0.0073593 -0.000220477 0.0341693 0.00718393 3.48344e-05 0.03418 0.00753857 3.65542e-05 0.0341375 0.00736252 3.57005e-05 0.0341693 0.00753274 0.000298813 0.0341375 0.00735682 0.000291835 0.0341693 0.00716137 0.000569939 0.03418 0.0075149 0.000598074 0.0341375 0.0073394 0.000584107 0.0341693 0.00749372 0.000821927 0.0341375 0.00731871 0.000802731 0.0341693 0.00709901 0.00110188 0.03418 0.00744946 0.00115627 0.0341375 0.00727549 0.00112927 0.0341693 0.00741842 0.00134106 0.0341375 0.00724517 0.00130974 0.0341693 0.00699719 0.00162769 0.03418 0.00734261 0.00170804 0.0341375 0.0073072 0.0018537 0.0341375 0.00717114 0.00166815 0.0341693 0.00713655 0.00181041 0.0341693 0.00685648 0.00214445 0.03418 0.00719496 0.00225032 0.0341375 0.00702693 0.00219777 0.0341693 0.00700732 0.00278009 0.0341375 0.00684367 0.00271517 0.0341693 0.00667766 0.0026493 0.03418 0.00678073 0.00329441 0.0341375 0.00662237 0.00321747 0.0341693 0.00646173 0.00313943 0.03418 0.00651645 0.00379042 0.0341375 0.00636427 0.0037019 0.0341693 0.00620989 0.0036121 0.03418 0.00623708 0.0042344 0.0341375 0.00609143 0.00413552 0.0341693 0.00592353 0.0040647 0.03418 0.00592752 0.00465789 0.0341375 0.00578909 0.00454911 0.0341693 0.00560425 0.0044947 0.03418 0.00558925 0.00505882 0.0341375 0.00545872 0.00494068 0.0341693 0.00525382 0.00489973 0.03418 0.00522392 0.00543526 0.0341375 0.00511482 0.00553805 0.0341375 0.00510193 0.00530832 0.0341693 0.0048742 0.00527752 0.03418 0.00499537 0.00540872 0.0341693 0.0048333 0.00578538 0.0341375 0.00472043 0.00565027 0.0341693 0.00446748 0.00562598 0.03418 0.00468802 0.00590372 0.0341375 0.00457854 0.00576584 0.0341693 0.00441928 0.00610749 0.0341375 0.00431607 0.00596486 0.0341693 0.00403593 0.00594317 0.03418 0.00423517 0.00623657 0.0341375 0.00413626 0.00609092 0.0341693 0.00398385 0.00640002 0.0341375 0.00389082 0.00625056 0.0341693 0.00358194 0.00622733 0.03418 0.00375877 0.00653476 0.0341375 0.00367099 0.00638215 0.0341693 0.00352914 0.00666157 0.0341375 0.00344672 0.006506 0.0341693 0.00310806 0.00647688 0.03418 0.00326149 0.00679662 0.0341375 0.00318532 0.0066379 0.0341693 0.00305734 0.00689087 0.0341375 0.00298594 0.00672994 0.0341693 0.00261689 0.00669043 0.03418 0.00274608 0.00702072 0.0341375 0.00268195 0.00685676 0.0341693 0.00257074 0.0070868 0.0341375 0.0025107 0.0069213 0.0341693 0.00211118 0.0068668 0.03418 0.0022154 0.00720579 0.0341375 0.00207169 0.00724841 0.0341375 0.00216367 0.00703751 0.0341693 0.00202331 0.00707914 0.0341693 0.00159374 0.007005 0.03418 0.00167242 0.00735081 0.0341375 0.00163336 0.00717914 0.0341693 0.00112014 0.00745498 0.0341375 0.00109398 0.00728088 0.0341693 0.00106744 0.00710426 0.03418 0.000561629 0.00751771 0.0341375 0.000548513 0.00734215 0.0341693</float_array><technique_common><accessor source="#mid360-blue-positions-array" count="2569" stride="3"><param name="X" type="float" /><param name="Y" type="float" /><param name="Z" type="float" /></accessor></technique_common></source><source id="mid360-blue-normals"><float_array id="mid360-blue-normals-array" count="14274">0.0 -4.37114e-08 1.0 0.0 -4.37114e-08 1.0 0.0 -4.37114e-08 1.0 0.0 -4.37114e-08 1.0 0.0 -4.37114e-08 1.0 0.0 -4.37114e-08 1.0 0.0 -4.37114e-08 1.0 0.0 -4.37114e-08 1.0 0.0 -4.37114e-08 1.0 0.0 -4.37114e-08 1.0 0.0 -4.37114e-08 1.0 0.0 -4.37114e-08 1.0 0.0 -4.37114e-08 1.0 0.0 -4.37114e-08 1.0 0.0 -4.37114e-08 1.0 0.0 -4.37114e-08 1.0 0.0 -4.37114e-08 1.0 0.0 -4.37114e-08 1.0 0.0 -4.37114e-08 1.0 0.0 -4.37114e-08 1.0 0.0 -4.37114e-08 1.0 0.0 -4.37114e-08 1.0 0.0 -4.37114e-08 1.0 0.0 -4.37114e-08 1.0 0.0 -4.37114e-08 1.0 0.0 -4.37114e-08 1.0 0.0 -4.37114e-08 1.0 0.0 -4.37114e-08 1.0 0.0 -4.37114e-08 1.0 0.0 -4.37114e-08 1.0 0.0 -4.37114e-08 1.0 0.0 -4.37114e-08 1.0 0.0 -4.37114e-08 1.0 0.0 -4.37114e-08 1.0 0.0 -4.37114e-08 1.0 0.0 -4.37114e-08 1.0 0.0 -4.37114e-08 1.0 0.0 -4.37114e-08 1.0 0.0 -4.37114e-08 1.0 0.0 -4.37114e-08 1.0 0.0 -4.37114e-08 1.0 0.0 -4.37114e-08 1.0 0.0 -4.37114e-08 1.0 0.0 -4.37114e-08 1.0 0.0 -4.37114e-08 1.0 0.0 -4.37114e-08 1.0 0.0 -4.37114e-08 1.0 0.0 -4.37114e-08 1.0 0.0 -4.37114e-08 1.0 0.0 -4.37114e-08 1.0 0.0 -4.37114e-08 1.0 0.0 -4.37114e-08 1.0 0.0 -4.37114e-08 1.0 0.0 -4.37114e-08 1.0 0.0 -4.37114e-08 1.0 0.0 -4.37114e-08 1.0 0.0 -4.37114e-08 1.0 0.0 -4.37114e-08 1.0 0.0 -4.37114e-08 1.0 0.0 -4.37114e-08 1.0 0.0 -4.37114e-08 1.0 0.0 -4.37114e-08 1.0 0.0 -4.37114e-08 1.0 0.0 -4.37114e-08 1.0 0.0 -4.37114e-08 1.0 0.0 -4.37114e-08 1.0 0.0 -4.37114e-08 1.0 0.0 -4.37114e-08 1.0 0.0 -4.37114e-08 1.0 0.0 -4.37114e-08 1.0 0.0 -4.37114e-08 1.0 0.0 -4.37114e-08 1.0 0.0 -4.37114e-08 1.0 0.0 -4.37114e-08 1.0 0.0 -4.37114e-08 1.0 0.0 -4.37114e-08 1.0 0.0 -4.37114e-08 1.0 0.0 -4.37114e-08 1.0 0.0 -4.37114e-08 1.0 0.0 -4.37114e-08 1.0 0.0 -4.37114e-08 1.0 0.0 -4.37114e-08 1.0 0.0 -4.37114e-08 1.0 0.0 -4.37114e-08 1.0 0.0 -4.37114e-08 1.0 0.0 -4.37114e-08 1.0 0.0 -4.37114e-08 1.0 0.0 -4.37114e-08 1.0 0.0 -4.37114e-08 1.0 0.0 -4.37114e-08 1.0 0.0 -4.37114e-08 1.0 0.0 -4.37114e-08 1.0 0.0 -4.37114e-08 1.0 0.0 -4.37114e-08 1.0 0.0 -4.37114e-08 1.0 0.0 -4.37114e-08 1.0 0.0 -4.37114e-08 1.0 0.0 -4.37114e-08 1.0 0.0 -4.37114e-08 1.0 0.0 -4.37114e-08 1.0 0.0 -4.37114e-08 1.0 0.0 -4.37114e-08 1.0 0.0 -4.37114e-08 1.0 0.0 -4.37114e-08 1.0 0.0 -4.37114e-08 1.0 0.0 -4.37114e-08 1.0 0.0 -4.37114e-08 1.0 0.0 -4.37114e-08 1.0 0.0 -4.37114e-08 1.0 0.0 -4.37114e-08 1.0 0.0 -4.37114e-08 1.0 0.0 -4.37114e-08 1.0 0.0 -4.37114e-08 1.0 0.0 -4.37114e-08 1.0 0.0 -4.37114e-08 1.0 0.0 -4.37114e-08 1.0 0.0 -4.37114e-08 1.0 0.0 -4.37114e-08 1.0 0.0 -4.37114e-08 1.0 0.0 -4.37114e-08 1.0 0.0 -4.37114e-08 1.0 0.0 -4.37114e-08 1.0 0.0 -4.37114e-08 1.0 0.0 -4.37114e-08 1.0 0.0 -4.37114e-08 1.0 0.0 -4.37114e-08 1.0 0.0 -4.37114e-08 1.0 0.0 -4.37114e-08 1.0 0.0 -4.37114e-08 1.0 0.0 -4.37114e-08 1.0 0.0 -4.37114e-08 1.0 0.0 -4.37114e-08 1.0 0.0 -4.37114e-08 1.0 0.0 -4.37114e-08 1.0 0.0 -4.37114e-08 1.0 0.0 -4.37114e-08 1.0 0.0 -4.37114e-08 1.0 0.0 -4.37114e-08 1.0 0.0 -4.37114e-08 1.0 0.0 -4.37114e-08 1.0 0.0 -4.37114e-08 1.0 0.0 -4.37114e-08 1.0 0.0 -4.37114e-08 1.0 0.0 -4.37114e-08 1.0 0.0 -4.37114e-08 1.0 0.0 -4.37114e-08 1.0 0.0 -4.37114e-08 1.0 0.0 -4.37114e-08 1.0 0.0 -4.37114e-08 1.0 0.0 -4.37114e-08 1.0 0.0 -4.37114e-08 1.0 0.0 -4.37114e-08 1.0 0.0 -4.37114e-08 1.0 0.0 -4.37114e-08 1.0 0.0 -4.37114e-08 1.0 0.0 -4.37114e-08 1.0 0.0 -4.37114e-08 1.0 0.0 -4.37114e-08 1.0 0.0 -4.37114e-08 1.0 0.0 -4.37114e-08 1.0 0.0 -4.37114e-08 1.0 0.0 -4.37114e-08 1.0 0.0 -4.37114e-08 1.0 0.0 -4.37114e-08 1.0 0.0 -4.37114e-08 1.0 0.0 -4.37114e-08 1.0 0.0 -4.37114e-08 1.0 0.0 -4.37114e-08 1.0 0.0 -4.37114e-08 1.0 0.0 -4.37114e-08 1.0 0.0 -4.37114e-08 1.0 0.0 -4.37114e-08 1.0 0.0 -4.37114e-08 1.0 0.0 -4.37114e-08 1.0 0.0 -4.37114e-08 1.0 0.0 -4.37114e-08 1.0 0.0 -4.37114e-08 1.0 0.0 -4.37114e-08 1.0 0.0 -4.37114e-08 1.0 0.0 -4.37114e-08 1.0 0.0 -4.37114e-08 1.0 0.0 -4.37114e-08 1.0 0.0 -4.37114e-08 1.0 0.0 -4.37114e-08 1.0 0.0 -4.37114e-08 1.0 0.0 -4.37114e-08 1.0 0.0 -4.37114e-08 1.0 0.0 -4.37114e-08 1.0 0.0 -4.37114e-08 1.0 0.0 -4.37114e-08 1.0 0.0 -4.37114e-08 1.0 0.0 -4.37114e-08 1.0 0.0 -4.37114e-08 1.0 0.0 -4.37114e-08 1.0 0.0 -4.37114e-08 1.0 0.0 -4.37114e-08 1.0 0.0 -4.37114e-08 1.0 0.0 -4.37114e-08 1.0 0.0 -4.37114e-08 1.0 0.0 -4.37114e-08 1.0 0.0 -4.37114e-08 1.0 0.0 -4.37114e-08 1.0 0.0 -4.37114e-08 1.0 0.0 -4.37114e-08 1.0 0.0 -4.37114e-08 1.0 0.0 -4.37114e-08 1.0 0.0 -4.37114e-08 1.0 0.0 -4.37114e-08 1.0 0.0 -4.37114e-08 1.0 0.0 -4.37114e-08 1.0 0.0 -4.37114e-08 1.0 0.0 -4.37114e-08 1.0 0.0 -4.37114e-08 1.0 0.0 -4.37114e-08 1.0 0.0 -4.37114e-08 1.0 0.0 -4.37114e-08 1.0 0.0 -4.37114e-08 1.0 0.0 -4.37114e-08 1.0 0.0 -4.37114e-08 1.0 0.0 -4.37114e-08 1.0 0.0 -4.37114e-08 1.0 0.0 -4.37114e-08 1.0 0.0 -4.37114e-08 1.0 0.0 -4.37114e-08 1.0 0.0 -4.37114e-08 1.0 0.0 -4.37114e-08 1.0 0.0 -4.37114e-08 1.0 0.0 -4.37114e-08 1.0 0.0 -4.37114e-08 1.0 0.0 -4.37114e-08 1.0 0.0 -4.37114e-08 1.0 0.0 -4.37114e-08 1.0 0.0 -4.37114e-08 1.0 0.0 -4.37114e-08 1.0 0.0 -4.37114e-08 1.0 0.0 -4.37114e-08 1.0 0.0 -4.37114e-08 1.0 0.0 -4.37114e-08 1.0 0.0 -4.37114e-08 1.0 0.0 -4.37114e-08 1.0 0.0 -4.37114e-08 1.0 0.0 -4.37114e-08 1.0 0.0 -4.37114e-08 1.0 0.0 -4.37114e-08 1.0 0.0 -4.37114e-08 1.0 0.0 -4.37114e-08 1.0 0.0 -4.37114e-08 1.0 0.0 -4.37114e-08 1.0 0.0 -4.37114e-08 1.0 0.0 -4.37114e-08 1.0 0.0 -4.37114e-08 1.0 0.0 -4.37114e-08 1.0 0.0248806 0.999396 0.0242637 0.0117874 -0.999636 0.0242694 0.0217543 -0.997117 0.0727012 0.0248854 -0.999589 0.0142094 0.0645564 -0.997433 0.0309721 0.124309 -0.99196 0.0237122 0.0747371 -0.997002 0.0200423 0.173632 -0.984633 0.0186902 0.129029 -0.991201 0.0295428 0.0364253 -0.996031 0.0812106 0.0634945 -0.995566 0.0694017 0.0271353 -0.99229 0.120933 0.222484 -0.97474 0.0195742 0.192604 -0.980661 0.0347469 0.0944956 -0.991902 0.0848641 0.126708 -0.989345 0.0717088 0.00684599 -0.9856 0.168952 0.0384376 -0.989199 0.14145 0.364545 -0.928994 -0.0638539 0.255856 -0.966048 0.0358901 0.270756 -0.962316 0.0252719 0.18923 -0.979016 0.075633 0.157069 -0.983664 0.0879502 0.0608366 -0.986535 0.151812 0.0919062 -0.985974 0.139312 0.456137 -0.889814 -0.0130661 0.411061 -0.910917 0.0354922 0.405889 -0.9118 0.062245 0.318568 -0.947289 0.0340213 0.362309 -0.931531 0.0313435 0.318328 -0.947362 0.0342278 0.218729 -0.971382 0.092595 0.250936 -0.964607 0.0810176 0.152766 -0.97796 0.142329 0.121522 -0.98056 0.15406 0.0319475 -0.97577 0.216453 0.0261056 -0.964296 0.263535 0.0588465 -0.976638 0.206674 0.0306457 -0.975517 0.217778 0.50001 -0.866018 -0.00174013 0.469393 -0.882181 0.0377845 0.410671 -0.911198 0.0326586 0.378812 -0.924471 0.0430681 0.279398 -0.955093 0.0986583 0.311334 -0.946229 0.0878781 0.212749 -0.966025 0.146744 0.181449 -0.970671 0.157714 0.117541 -0.97085 0.208888 0.0876028 -0.971598 0.219827 0.0363428 -0.960164 0.277063 0.00291468 -0.950675 0.310175 0.542498 -0.839955 0.0131307 0.528363 -0.848416 0.0319868 0.468409 -0.882447 0.0433603 0.437171 -0.897815 0.0530191 0.338734 -0.934865 0.106242 0.370287 -0.923919 0.0962342 0.271751 -0.95018 0.152673 0.240594 -0.956864 0.162868 0.145425 -0.963988 0.222661 0.175503 -0.96128 0.212459 0.697728 -0.715402 -0.0370979 0.0842104 -0.957762 0.274956 0.0556558 -0.9569 0.285034 0.623324 -0.781639 0.0225086 0.583524 -0.811592 0.0285931 0.585819 -0.81004 0.0255149 0.493532 -0.86734 0.0644032 0.523812 -0.850022 0.0555304 0.427326 -0.897864 0.105991 0.396376 -0.91083 0.115215 0.298597 -0.939206 0.169503 0.329463 -0.9305 0.160075 0.202613 -0.952598 0.226947 0.232705 -0.94792 0.217477 0.733049 -0.680173 0.0022015 0.711889 -0.700902 0.0441681 0.13979 -0.950452 0.277668 0.111092 -0.951463 0.287015 0.637094 -0.769838 0.0382195 0.66144 -0.749463 0.0283141 0.677663 -0.734382 0.038147 0.0531178 -0.938855 0.34019 0.0253324 -0.934257 0.355698 0.0260427 -0.915896 0.40057 0.0342721 -0.937389 0.346595 0.547378 -0.83332 0.0771731 0.57679 -0.813973 0.0689969 0.45209 -0.883079 0.125639 0.482413 -0.868076 0.117142 0.355051 -0.91784 0.177504 0.385519 -0.907124 0.168823 0.852803 -0.521158 -0.0334909 0.288813 -0.930846 0.223859 0.25882 -0.937499 0.23261 0.762435 -0.646456 0.0280732 0.796962 -0.603645 0.0215437 0.765854 -0.642633 0.0221512 0.165986 -0.942394 0.290418 0.194764 -0.939504 0.281778 0.712492 -0.700456 0.0414312 0.686306 -0.725695 0.0484802 0.0788718 -0.933227 0.350524 0.10604 -0.933663 0.342095 0.626801 -0.774666 0.0837476 0.598661 -0.795796 0.0911805 0.000462113 -0.895661 0.444738 0.0328226 -0.912856 0.406961 0.505615 -0.85176 0.137329 0.535056 -0.834821 0.129574 0.439714 -0.880134 0.178931 0.409807 -0.892825 0.186875 0.878226 -0.478219 0.00512169 0.86208 -0.505049 0.0417519 0.343427 -0.910187 0.231555 0.313738 -0.91879 0.239572 0.804445 -0.592916 0.0363212 0.825915 -0.563125 0.0274598 0.836693 -0.546326 0.0383637 0.22002 -0.929776 0.295139 0.248803 -0.924997 0.287188 0.730808 -0.679404 0.0658026 0.755542 -0.652406 0.0593497 0.131236 -0.926333 0.353105 0.158429 -0.924992 0.345384 0.646894 -0.755113 0.10645 0.67391 -0.732062 0.0996533 0.049405 -0.909491 0.412778 0.0746737 -0.911095 0.405375 0.556681 -0.817007 0.150349 0.585181 -0.798142 0.143291 0.955571 -0.294724 -0.00464877 0.938759 -0.341701 0.0444086 0.49178 -0.849672 0.19029 0.462521 -0.864326 0.197523 0.898365 -0.438233 0.0298547 0.900698 -0.433726 0.024977 0.367189 -0.896501 0.247909 0.396388 -0.885989 0.240626 0.861844 -0.505354 0.0429252 0.84205 -0.537218 0.0484555 0.301575 -0.906999 0.293948 0.273069 -0.913634 0.301174 0.79486 -0.601721 0.0782939 0.771846 -0.630217 0.084147 0.210005 -0.912962 0.349855 0.182678 -0.916093 0.356935 0.692078 -0.711306 0.122769 0.717615 -0.686604 0.116634 0.995029 -0.0995497 -0.00264201 0.988607 -0.149015 0.0212464 0.0986698 -0.904621 0.414639 0.12426 -0.904563 0.407831 0.632341 -0.758371 0.158173 0.605042 -0.779008 0.16453 0.962448 -0.269242 0.0346863 0.968951 -0.246743 0.0158815 0.0183513 -0.872916 0.487525 0.036115 -0.881942 0.469973 0.0463373 -0.882971 0.467134 0.54144 -0.81587 0.202974 0.513116 -0.832363 0.209483 0.92063 -0.388082 0.0428123 0.928437 -0.370567 0.0261688 0.940342 -0.338659 0.0326709 0.447362 -0.85842 0.250962 0.418775 -0.870808 0.257529 0.891719 -0.447989 0.0643709 0.873908 -0.481106 0.0694452 0.324707 -0.894081 0.30852 0.352958 -0.88557 0.30197 0.809075 -0.578523 0.103481 0.830312 -0.548584 0.0981709 0.998751 0.0498639 -0.00313329 0.260632 -0.897542 0.355653 0.233456 -0.90245 0.362054 0.757897 -0.638314 0.134711 0.733867 -0.664658 0.140244 0.998684 -0.0498605 0.0120189 0.995674 -0.0867507 0.0332782 0.14741 -0.896587 0.417614 0.172955 -0.894863 0.411469 0.650415 -0.737965 0.179912 0.676483 -0.715559 0.174203 0.987773 -0.152223 0.0336468 0.979875 -0.196852 0.0330684 0.979598 -0.19807 0.0339971 0.0689048 -0.877452 0.474689 0.0925482 -0.878415 0.468852 0.561077 -0.797266 0.222622 0.588473 -0.778913 0.21678 0.959396 -0.276433 0.0560797 0.947862 -0.312868 0.0605958 0.0261001 -0.848078 0.529229 -2.45701e-05 -0.821716 0.569897 0.0275761 -0.848311 0.52878 0.468296 -0.84182 0.2684 0.496315 -0.827508 0.262491 0.901514 -0.423043 0.0911413 0.91726 -0.388788 0.0864713 0.968504 0.246629 -0.0342741 0.374768 -0.871223 0.317047 0.402551 -0.860881 0.311185 0.861716 -0.493263 0.118899 0.842375 -0.5245 0.123707 0.988757 0.149038 0.012126 0.994663 0.099513 0.0272547 0.994339 0.104606 0.0186564 0.282922 -0.885594 0.368345 0.309942 -0.878899 0.362591 0.772094 -0.615378 0.158685 0.794442 -0.587562 0.153729 0.999592 -1.2482e-09 0.0285555 0.998568 0.0397754 0.0357752 0.999229 -0.0137576 0.0367622 0.195394 -0.885357 0.421858 0.221039 -0.881945 0.41631 0.717333 -0.66996 0.191279 0.692654 -0.694024 0.196369 0.994299 -0.093424 0.0513906 0.989707 -0.13184 0.0556596 0.138274 -0.870884 0.471638 0.114404 -0.871474 0.476911 0.632601 -0.738993 0.231744 0.606392 -0.759052 0.236917 0.964498 -0.250371 0.0840077 0.973758 -0.213162 0.079735 0.0639207 -0.846816 0.528031 0.0423023 -0.8451 0.532932 0.542705 -0.793559 0.275201 0.515675 -0.809599 0.28041 0.938306 -0.328119 0.109179 0.924755 -0.363251 0.113481 0.939562 0.341994 0.0162579 0.955481 0.294696 0.0145054 0.95959 0.27838 0.0411413 0.450148 -0.833014 0.321643 0.42305 -0.845115 0.326816 0.871554 -0.468459 0.144707 0.888925 -0.436022 0.140347 0.979861 0.198123 0.0249005 0.984488 0.171543 0.0368406 0.972188 0.231107 0.037944 0.331105 -0.865519 0.375827 0.357721 -0.857082 0.370738 0.806518 -0.563772 0.178019 0.827142 -0.534515 0.173581 0.994451 0.0936943 0.0478496 0.997127 0.0548789 0.0522066 0.267878 -0.866 0.422238 0.242391 -0.871082 0.427157 0.731497 -0.647462 0.213787 0.754707 -0.621789 0.209276 0.996727 -0.0283347 0.0757141 0.994549 -0.06699 0.0799023 0.159504 -0.862505 0.480253 0.183279 -0.860363 0.475589 0.673686 -0.696251 0.247755 0.648693 -0.71801 0.252307 0.983367 -0.149108 0.103707 0.976463 -0.186824 0.10778 0.106126 -0.841252 0.530125 0.0843816 -0.840956 0.534484 0.878237 0.478225 -0.00106707 0.897971 0.432413 0.0816564 0.560439 -0.774406 0.293605 0.586532 -0.756596 0.289037 0.954772 -0.266255 0.132361 0.943455 -0.302159 0.136352 0.0387294 -0.810053 0.585077 0.0110909 -0.793063 0.609039 0.0364066 -0.809805 0.585568 0.921252 0.388344 0.0219698 0.935687 0.351293 0.0329193 0.495682 -0.802036 0.333223 0.469192 -0.81595 0.337763 0.911827 -0.377079 0.162426 0.896493 -0.410628 0.16639 0.969542 0.240177 0.0479841 0.959712 0.277642 0.043214 0.403787 -0.832146 0.380116 0.377739 -0.842281 0.384548 0.837028 -0.510036 0.198109 0.855808 -0.479476 0.194152 0.989831 0.119907 0.0765276 0.98474 0.158404 0.0720826 0.288372 -0.853672 0.433689 0.313467 -0.846963 0.429409 0.788364 -0.571339 0.228153 0.76682 -0.598424 0.232111 0.994299 0.0367517 0.100098 0.994548 -0.0019163 0.104257 0.203667 -0.850638 0.484701 0.227346 -0.846946 0.480621 0.765169 0.642058 -0.0477233 0.711464 -0.65097 0.264684 0.687834 -0.674326 0.268641 0.988177 -0.0846758 0.12781 0.983659 -0.12272 0.131738 0.147972 -0.832932 0.533224 0.126009 -0.834069 0.537076 0.826058 0.563223 0.0202075 0.853071 0.521321 0.0222088 0.85566 0.516747 0.0285991 0.627469 -0.716899 0.303872 0.602489 -0.736381 0.307815 0.96662 -0.203344 0.155876 0.957549 -0.240037 0.159631 0.0574914 -0.805342 0.590017 0.0772578 -0.80628 0.586467 0.894752 0.445639 0.0287284 0.908335 0.416135 0.0419492 0.513137 -0.783811 0.349758 0.538727 -0.768214 0.345861 0.930289 -0.316819 0.184903 0.917061 -0.351365 0.188524 0.0303866 -0.765818 0.642339 0.0129518 -0.762582 0.646762 0.00352619 -0.730368 0.683045 0.950321 0.302948 0.0715082 0.938179 0.339709 0.0664669 0.422349 -0.81617 0.39432 0.447849 -0.804322 0.390509 0.863478 -0.454401 0.218919 0.880312 -0.422675 0.215398 0.977714 0.18425 0.100633 0.970219 0.222381 0.0960286 0.357649 -0.824978 0.437605 0.332754 -0.833382 0.441304 0.818195 -0.51881 0.247776 0.79835 -0.547285 0.251229 0.989707 0.0629265 0.128531 0.987026 0.101601 0.124325 0.270486 -0.830623 0.486726 0.246884 -0.835885 0.490249 0.752762 0.656562 0.0477035 0.733049 0.680173 0.00186166 0.745812 -0.603272 0.282537 0.723659 -0.628139 0.285936 0.988177 -0.0200204 0.152004 0.986058 -0.058312 0.155853 0.188934 -0.821922 0.537354 0.167151 -0.824477 0.540646 0.817379 0.574927 0.0367509 0.796864 0.603571 0.0266333 0.781428 0.622763 0.0392 0.665326 -0.674648 0.319676 0.641609 -0.695699 0.323019 0.973737 -0.139899 0.179623 0.967009 -0.177029 0.183177 0.115375 -0.799999 0.588805 0.095555 -0.800355 0.591862 0.877804 0.474935 0.0624191 0.859206 0.508503 0.056473 0.554587 -0.748849 0.362848 0.579123 -0.731657 0.359575 0.933199 -0.290774 0.211166 0.944184 -0.255564 0.207853 0.0517914 -0.766305 0.640386 0.0343219 -0.764963 0.64316 0.912059 0.400257 0.0891218 0.926469 0.364316 0.0944953 0.489767 -0.77363 0.402027 0.465052 -0.7871 0.405216 0.900493 -0.364497 0.237182 0.885717 -0.397187 0.240309 0.960842 0.247643 0.124325 0.950983 0.28522 0.119507 0.399887 -0.800266 0.446838 0.375648 -0.810225 0.449916 0.826043 -0.494105 0.271133 0.844037 -0.464434 0.268148 0.980039 0.1274 0.152622 0.974945 0.165776 0.148325 0.312131 -0.811613 0.49382 0.288908 -0.81839 0.496759 0.661583 0.749625 0.0192521 0.698039 0.71572 0.0220654 0.701123 0.712503 0.0276816 0.755936 -0.57978 0.303999 0.776477 -0.553541 0.301125 0.983367 0.0444121 0.176117 0.983659 0.00610057 0.17994 0.207304 -0.812254 0.545224 0.229036 -0.808262 0.542452 0.775683 0.629351 0.0472537 0.751628 0.658362 0.0401791 0.677599 -0.652546 0.33918 0.699983 -0.629969 0.336398 0.971742 -0.11367 0.206872 0.976122 -0.0761197 0.203449 0.13318 -0.792866 0.594666 0.153043 -0.791208 0.592087 0.822497 0.563522 0.0770849 0.843077 0.53127 0.0835038 0.593197 -0.711408 0.37685 0.616749 -0.692555 0.37415 0.953502 -0.193447 0.23111 0.944745 -0.229377 0.234187 0.0860851 -0.761776 0.642095 0.0685108 -0.76158 0.644439 0.881539 0.458876 0.111006 0.898125 0.423957 0.116757 0.529374 -0.740273 0.414438 0.505355 -0.755437 0.417052 0.916325 -0.305015 0.259452 0.903617 -0.338677 0.262248 0.0302969 -0.721612 0.691635 0.00348892 -0.696435 0.717612 0.0354178 -0.722094 0.690888 0.939279 0.309807 0.147561 0.927114 0.346641 0.142477 0.416658 -0.784303 0.459634 0.440334 -0.772745 0.457134 0.542449 0.839879 -0.018774 0.865761 -0.408517 0.289086 0.849676 -0.439303 0.291655 0.958116 0.228963 0.172018 0.965584 0.191074 0.17646 0.329518 -0.79817 0.504324 0.352346 -0.789877 0.501944 0.623309 0.781621 0.023555 0.650753 0.758469 0.0352901 0.803417 -0.501812 0.320477 0.784542 -0.529385 0.322872 0.973759 0.108461 0.200076 0.976464 0.0701865 0.203942 0.246552 -0.797412 0.550769 0.268015 -0.792013 0.548528 0.731498 0.678671 0.0657004 0.705829 0.706001 0.0580297 0.710301 -0.607137 0.356171 0.731177 -0.583196 0.353925 0.973741 -0.0123678 0.227324 0.971745 -0.0500562 0.230663 0.170106 -0.782975 0.598343 0.189807 -0.780032 0.596258 0.8043 0.585116 0.103635 0.781817 0.615966 0.0966884 0.651348 -0.651074 0.389676 0.629087 -0.671368 0.391808 0.951709 -0.167351 0.257377 0.958164 -0.130982 0.254491 0.10236 -0.755971 0.646553 0.119973 -0.755015 0.644638 0.865338 0.4817 0.138403 0.846666 0.515435 0.132226 0.56621 -0.704536 0.427826 0.543389 -0.721083 0.429846 0.927677 -0.244711 0.282013 0.917139 -0.27911 0.284524 0.0451216 -0.718087 0.694489 0.060482 -0.718636 0.692751 0.913148 0.370388 0.170216 0.898752 0.406302 0.164814 0.455651 -0.755794 0.470274 0.478485 -0.742765 0.468351 0.456135 0.88981 0.0133654 0.499982 0.86597 0.0106867 0.510759 0.858933 0.0368737 0.869171 -0.383085 0.312711 0.883265 -0.351318 0.310512 -0.00294282 -0.660788 0.750567 0.0162636 -0.623548 0.781616 0.0364324 -0.66826 0.743035 0.936617 0.29096 0.195169 0.946463 0.253521 0.199836 0.36864 -0.775256 0.512915 0.390792 -0.765547 0.511097 0.583453 0.811494 0.032547 0.558815 0.8284 0.0384681 0.597283 0.800977 0.0411009 0.826407 -0.448507 0.34043 0.809348 -0.477211 0.342383 0.959395 0.171727 0.223766 0.964499 0.133728 0.227727 0.305674 -0.773252 0.555558 0.284599 -0.780031 0.557274 0.683761 0.724961 0.0830739 0.656546 0.750572 0.0747532 0.758845 -0.534453 0.372176 0.739497 -0.559749 0.373932 0.966622 0.0510788 0.251062 0.967012 0.0133157 0.254383 0.206356 -0.770581 0.603011 0.22572 -0.766387 0.601416 0.737284 0.665665 0.115332 0.761543 0.636365 0.122847 0.661855 -0.629111 0.407637 0.682766 -0.607426 0.406035 0.95816 -0.0682665 0.277973 0.954021 -0.105032 0.280734 0.153218 -0.746064 0.648007 0.135717 -0.748163 0.649487 0.828401 0.537061 0.159113 0.807726 0.569505 0.152456 0.600423 -0.666308 0.442183 0.57864 -0.684354 0.44366 0.926185 -0.218839 0.307068 0.934516 -0.183806 0.304786 0.0903623 -0.713698 0.6946 0.0749598 -0.714155 0.695962 0.865941 0.464098 0.18644 0.88256 0.429107 0.192236 0.492438 -0.724729 0.481947 0.514438 -0.710215 0.48057 0.4113 0.911447 0.00989574 0.449832 0.892668 0.0281931 0.884426 -0.325796 0.334138 0.896498 -0.293085 0.332253 0.0388063 -0.671108 0.740343 0.0257291 -0.670378 0.741573 0.910559 0.351367 0.217768 0.922696 0.314703 0.222697 0.405735 -0.749995 0.522385 0.427351 -0.738803 0.521096 0.51171 0.858053 0.0435694 0.542343 0.838461 0.0533638 0.84538 -0.393824 0.36088 0.830179 -0.423604 0.362439 0.947863 0.196245 0.251086 0.940399 0.233776 0.246979 0.342004 -0.752009 0.563485 0.321229 -0.760214 0.564701 0.604027 0.791851 0.0901242 0.632755 0.767977 0.0991612 0.765129 -0.510508 0.392376 0.782828 -0.483988 0.39107 0.957548 0.0763052 0.277992 0.954772 0.113969 0.274631 0.260546 -0.750477 0.607372 0.241315 -0.755969 0.608504 0.715149 0.684623 0.140902 0.689161 0.712344 0.132754 0.691349 -0.584902 0.424178 0.710852 -0.561875 0.423069 0.951701 -0.0427106 0.304041 0.953495 -0.00577521 0.301354 0.185902 -0.734925 0.65217 0.168363 -0.738199 0.653235 0.787405 0.589901 0.178912 0.764783 0.620984 0.171713 0.611068 -0.645465 0.458226 0.631716 -0.625975 0.457264 0.936807 -0.12259 0.327664 0.930726 -0.158115 0.32977 0.104337 -0.708321 0.698137 0.119828 -0.706846 0.697144 0.847674 0.485718 0.213372 0.828979 0.519502 0.207153 0.526743 -0.691475 0.494372 0.547897 -0.675463 0.493517 0.365245 0.930779 0.0156736 0.389111 0.920565 0.0339577 0.905343 -0.234165 0.354289 0.89541 -0.267536 0.355902 0.0514773 -0.667825 0.742536 0.0644686 -0.667699 0.741635 0.894431 0.374152 0.244957 0.880058 0.409925 0.239706 0.461901 -0.709683 0.531975 0.440978 -0.722302 0.532746 0.484916 0.872073 0.0659169 0.453368 0.889601 0.0553759 0.846975 -0.368803 0.382907 0.86023 -0.338101 0.381696 0.0213298 -0.619432 0.78476 -0.00421827 -0.58494 0.811065 0.033781 -0.620234 0.783689 0.916781 0.294557 0.269719 0.926598 0.257517 0.274047 0.376427 -0.728594 0.572236 0.356367 -0.738063 0.572944 0.5487 0.829501 0.104192 0.578582 0.807631 0.11391 0.802994 -0.432133 0.41044 0.787024 -0.45978 0.411334 0.938307 0.17586 0.297746 0.943458 0.138429 0.301205 0.294093 -0.732348 0.614147 0.275214 -0.739095 0.614814 0.665189 0.729813 0.157785 0.637758 0.755684 0.149018 0.735508 -0.514534 0.440775 0.717508 -0.53882 0.441424 0.944179 0.0563604 0.324575 0.94474 0.0193004 0.327253 0.217424 -0.721824 0.657037 0.200143 -0.726229 0.657673 0.718191 0.669454 0.189825 0.742581 0.639946 0.197591 0.659898 -0.583785 0.473001 0.640542 -0.60459 0.473473 0.934527 -0.0613975 0.350557 0.930734 -0.0972075 0.35254 0.133352 -0.70056 0.701023 0.148676 -0.698084 0.70041 0.787953 0.572378 0.226967 0.808645 0.539901 0.233666 0.578578 -0.638638 0.507335 0.558673 -0.655852 0.507683 0.270743 0.962269 0.0271565 0.318413 0.947614 0.0253262 0.326263 0.944704 0.0329713 0.902005 -0.20872 0.37792 0.90976 -0.174827 0.376527 0.0897131 -0.662665 0.743523 0.0767019 -0.663643 0.744107 0.861827 0.431572 0.266458 0.84527 0.466357 0.260825 0.49404 -0.678485 0.543674 0.474131 -0.692335 0.543941 0.425129 0.901844 0.0770854 0.392713 0.917308 0.0657433 0.870882 -0.281449 0.402928 0.859645 -0.312932 0.403838 0.0318151 -0.617274 0.786105 0.0427202 -0.61734 0.785536 0.888695 0.353625 0.291841 0.900792 0.317333 0.296433 0.38967 -0.713685 0.582075 0.409123 -0.702901 0.58185 0.521598 0.843622 0.127427 0.490604 0.863497 0.116964 0.819219 -0.379135 0.430275 0.805106 -0.407697 0.430799 0.0514809 -0.557359 0.828674 -0.0275452 -0.544771 0.838133 0.917261 0.236526 0.32045 0.924752 0.199547 0.32406 0.326241 -0.71205 0.621732 0.307813 -0.720026 0.621943 0.612096 0.771529 0.173438 0.583163 0.795639 0.163949 0.756526 -0.465777 0.459043 0.740193 -0.491103 0.459273 0.93029 0.117615 0.347458 0.933199 0.0807346 0.350173 0.247965 -0.706626 0.662717 0.231049 -0.712135 0.662933 0.668021 0.714833 0.206789 0.694128 0.686936 0.215185 0.684861 -0.539797 0.489473 0.666945 -0.56177 0.489488 0.926185 -0.0364348 0.375305 0.927674 -0.000523387 0.37339 0.176704 -0.687484 0.704373 0.161656 -0.690935 0.704611 0.765711 0.591366 0.252929 0.743099 0.622444 0.245698 0.587657 -0.618477 0.521676 0.606465 -0.599934 0.521803 0.222457 0.974622 0.0250004 0.262554 0.964265 0.035469 0.904191 -0.149677 0.400045 0.909754 -0.115308 0.398813 0.101577 -0.657827 0.746288 0.114662 -0.65598 0.746018 0.825022 0.486738 0.287096 0.806353 0.520403 0.281025 0.504838 -0.66035 0.555946 0.524002 -0.645068 0.556156 0.330285 0.94093 0.07459 0.363272 0.92764 0.0867037 0.87731 -0.224239 0.424316 0.868119 -0.256444 0.424978 0.0528262 -0.614551 0.787106 0.0636161 -0.613911 0.786808 0.870651 0.375231 0.318071 0.856309 0.410698 0.31315 0.439866 -0.675089 0.592261 0.421146 -0.687131 0.59202 0.462133 0.875774 0.139474 0.430114 0.893622 0.128223 0.819231 -0.354534 0.45074 0.831458 -0.325103 0.450539 0.0250211 -0.563164 0.825966 0.0166568 -0.563016 0.826278 0.901503 0.259317 0.346478 0.891704 0.29572 0.342656 0.356719 -0.689728 0.630101 0.338959 -0.698836 0.629869 0.525722 0.83193 0.177506 0.555934 0.809752 0.187721 0.773903 -0.415717 0.47776 0.759215 -0.442134 0.477609 0.911826 0.177853 0.370057 0.917063 0.141298 0.372867 0.260929 -0.695948 0.669009 0.277297 -0.689406 0.669198 0.64231 0.730651 0.231487 0.614695 0.756748 0.222447 0.70651 -0.494248 0.506521 0.690052 -0.517371 0.506117 0.916325 0.0597783 0.395949 0.917139 0.0237722 0.397859 0.189218 -0.679418 0.708934 0.203962 -0.675006 0.709061 0.69461 0.669469 0.263303 0.719021 0.639928 0.271111 0.631431 -0.559393 0.537005 0.613899 -0.579109 0.536434 0.173597 0.984436 0.027389 0.19794 0.979406 0.0398011 0.905337 -0.0558707 0.421003 0.901993 -0.090636 0.42213 0.138992 -0.647699 0.749111 0.126093 -0.650389 0.749062 0.763542 0.571727 0.300221 0.784192 0.539387 0.306764 0.55121 -0.610023 0.569245 0.53322 -0.62641 0.568583 0.266192 0.960434 0.0819024 0.299695 0.949309 0.0948384 0.879439 -0.166807 0.445828 0.872375 -0.199465 0.44629 0.0842318 -0.609068 0.788632 0.0737166 -0.610386 0.788666 0.83622 0.431094 0.33896 0.819737 0.465507 0.333668 0.450563 -0.658601 0.602692 0.468369 -0.645418 0.603379 0.40038 0.903988 0.150006 0.367531 0.919722 0.137954 0.839685 -0.27045 0.470942 0.829374 -0.300703 0.470867 0.041545 -0.561026 0.826755 0.032961 -0.561434 0.826865 0.861866 0.35302 0.364094 0.873922 0.317337 0.368181 0.385533 -0.665413 0.63921 0.368366 -0.675692 0.63855 0.497063 0.844211 0.200589 0.465784 0.864338 0.189644 0.774587 -0.391937 0.496388 0.787516 -0.364599 0.496876 0.0505654 -0.506233 0.860913 0.0282144 -0.503408 0.863588 -0.0125996 -0.461204 0.887204 0.0120083 -0.505679 0.862638 0.888919 0.236818 0.392098 0.896487 0.200567 0.395075 0.305368 -0.670319 0.67633 0.289269 -0.678013 0.675738 0.5583 0.795108 0.236866 0.587304 0.770888 0.246587 0.709804 -0.471627 0.523208 0.724681 -0.447511 0.523996 0.903619 0.0833343 0.420153 0.900495 0.119262 0.418192 0.21581 -0.666141 0.713921 0.23037 -0.66072 0.714408 0.668846 0.685311 0.288086 0.64276 0.713196 0.279662 0.65332 -0.517351 0.55274 0.637113 -0.538195 0.551755 0.0747092 0.99663 0.0338624 0.124275 0.991691 0.0332314 0.132262 0.990442 0.0391283 0.895421 -0.0317983 0.444084 0.896509 0.00299219 0.443015 0.150012 -0.641343 0.752446 0.162719 -0.637811 0.752808 0.716983 0.62015 0.318354 0.739537 0.589222 0.325426 0.558933 -0.590691 0.58196 0.575854 -0.573099 0.583051 0.20077 0.97571 0.0876444 0.234609 0.966786 0.101406 0.877308 -0.109377 0.467299 0.872375 -0.142476 0.467614 0.0939204 -0.604941 0.790712 0.104556 -0.602896 0.790939 0.779167 0.517817 0.353219 0.797752 0.48451 0.358945 0.494627 -0.613915 0.615186 0.477723 -0.628248 0.614072 0.303211 0.941643 0.146194 0.336618 0.928117 0.159022 0.843799 -0.215337 0.491561 0.835501 -0.246175 0.49126 0.0495273 -0.558724 0.827873 0.0579915 -0.557763 0.827972 0.842049 0.373452 0.389214 0.827775 0.408311 0.384799 0.412481 -0.6393 0.648964 0.395976 -0.650726 0.647888 0.403546 0.892774 0.200265 0.435838 0.8747 0.212003 0.797252 -0.312859 0.516244 0.786191 -0.340882 0.515464 0.0236906 -0.504491 0.863092 0.0181241 -0.504712 0.863097 0.861734 0.294045 0.413464 0.871569 0.258401 0.416649 0.31639 -0.658191 0.683141 0.331891 -0.649485 0.684118 0.529532 0.807379 0.260261 0.499181 0.829713 0.249788 0.726088 -0.424631 0.540819 0.739333 -0.399596 0.54195 -0.117545 -0.414686 0.902341 0.109583 -0.432591 0.894906 0.880312 0.177496 0.439939 0.885725 0.141863 0.442003 0.255415 -0.644934 0.720294 0.241292 -0.651276 0.719456 0.587715 0.753461 0.294768 0.615357 0.727332 0.303849 0.672032 -0.474046 0.568905 0.657223 -0.495942 0.567538 0.0326037 0.998949 0.0322031 0.066309 0.996989 0.0402075 0.00813122 0.99732 0.0727161 0.883275 0.0611957 0.464845 0.884435 0.0264372 0.465914 0.185595 -0.626422 0.757067 0.173197 -0.630763 0.7564 0.666949 0.665404 0.335286 0.691297 0.636008 0.342932 0.581984 -0.553316 0.595934 0.597631 -0.534722 0.59742 0.168461 0.979958 0.106314 0.134353 0.986684 0.0916751 0.868112 -0.0855054 0.488948 0.870874 -0.0521883 0.488727 0.114105 -0.598041 0.793301 0.124389 -0.595353 0.793777 0.734803 0.567334 0.371749 0.755363 0.535334 0.377947 0.50256 -0.596212 0.626071 0.518489 -0.580778 0.627587 0.271335 0.947978 0.166479 0.23736 0.95933 0.152796 0.843804 -0.160216 0.512178 0.837559 -0.191465 0.511699 0.0738383 -0.553501 0.829569 0.0657251 -0.554964 0.829274 0.806087 0.427359 0.409376 0.789696 0.46118 0.40459 0.437384 -0.611537 0.659332 0.421706 -0.624004 0.657863 0.372402 0.901151 0.221907 0.339279 0.917091 0.209363 0.803124 -0.26045 0.535871 0.793916 -0.289211 0.534841 0.0298564 -0.503096 0.863715 0.035639 -0.502486 0.863851 0.842363 0.314486 0.437633 0.830309 0.349391 0.434181 0.341898 -0.636707 0.691166 0.356774 -0.627004 0.692515 0.469088 0.840066 0.272479 0.437693 0.860325 0.261278 0.750392 -0.350876 0.560177 0.738832 -0.376744 0.55874 0.00791703 -0.444816 0.895587 0.0110085 -0.444707 0.895609 0.0986189 -0.371238 0.923286 0.0048117 -0.404309 0.91461 0.855823 0.234249 0.461189 0.863485 0.199109 0.463409 0.265744 -0.634627 0.725692 0.279339 -0.627406 0.726864 0.529899 0.78999 0.308419 0.558955 0.765717 0.318194 0.67418 -0.452296 0.583875 0.687445 -0.429553 0.58558 0.865766 0.118383 0.486246 0.869171 0.0837308 0.487371 0.207464 -0.613602 0.761874 0.195522 -0.618689 0.760917 0.639674 0.679538 0.359229 0.613615 0.707323 0.350957 0.602134 -0.514611 0.610418 0.616452 -0.495093 0.612267 0.067388 0.993276 0.0941379 0.0387615 0.993314 0.108744 0.0374281 0.984933 0.168838 0.0315544 0.992161 0.120918 0.101371 0.988798 0.109555 0.860224 0.00448554 0.509897 0.859638 -0.0290399 0.510077 0.143623 -0.586587 0.79705 0.133329 -0.590014 0.796308 0.709327 0.583226 0.395857 0.686871 0.613831 0.389127 0.539894 -0.546109 0.64053 0.524968 -0.562641 0.638627 0.170432 0.972652 0.157802 0.204654 0.963552 0.172289 0.839691 -0.105102 0.532798 0.835506 -0.136758 0.53219 0.0815562 -0.550108 0.831101 0.0897714 -0.548061 0.831607 0.747737 0.511494 0.423395 0.766215 0.478752 0.428616 0.445402 -0.595614 0.668477 0.460132 -0.582204 0.670311 0.273482 0.937114 0.216853 0.307195 0.923387 0.230191 0.805084 -0.207871 0.555545 0.797809 -0.237145 0.554313 0.0413521 -0.50079 0.86458 0.0473339 -0.49976 0.86487 0.794855 0.40256 0.454038 0.809095 0.36847 0.457815 0.379916 -0.602911 0.701543 0.365813 -0.613512 0.699846 0.373988 0.886887 0.271227 0.406425 0.868676 0.283231 0.757783 -0.301546 0.578649 0.747985 -0.32809 0.576953 0.00441422 -0.382263 0.924043 0.0139744 -0.444224 0.895807 0.0180793 -0.443811 0.895938 0.827136 0.289313 0.481814 0.837029 0.254721 0.484251 0.288774 -0.616524 0.732467 0.301836 -0.608432 0.733966 0.469415 0.822714 0.320609 0.49982 0.80033 0.331136 0.699554 -0.384203 0.602505 0.687798 -0.40786 0.600486 0.84402 0.174333 0.507187 0.849658 0.13995 0.508424 0.228521 -0.599285 0.767226 0.21677 -0.60524 0.765961 0.58495 0.719603 0.374173 0.557374 0.745605 0.365251 0.619319 -0.474694 0.625388 0.632369 -0.454145 0.627584 0.845381 0.0602139 0.53076 0.846977 0.0268373 0.530952 0.16213 -0.576567 0.800802 0.152225 -0.58061 0.799825 0.659805 0.628019 0.412613 0.635579 0.657084 0.405315 0.558584 -0.510205 0.653969 0.54491 -0.527561 0.65173 0.13701 0.974717 0.17651 0.102561 0.981586 0.161154 0.831471 -0.050501 0.553268 0.829388 -0.0822484 0.552586 0.104862 -0.541777 0.833955 0.0969382 -0.544316 0.833261 0.702166 0.558909 0.441116 0.722595 0.527464 0.446809 0.466872 -0.565782 0.679648 0.480619 -0.551468 0.681827 0.206274 0.952798 0.22277 0.240472 0.941293 0.236939 0.797813 -0.184992 0.573822 0.803135 -0.155271 0.575209 0.0525652 -0.497821 0.865685 0.0587403 -0.496334 0.866142 0.755541 0.453239 0.473004 0.771851 0.420209 0.477148 0.38786 -0.588882 0.709072 0.401265 -0.577323 0.711115 0.308503 0.909222 0.279539 0.341782 0.893147 0.292358 0.76149 -0.251856 0.597244 0.753487 -0.279 0.595329 0.0214389 -0.443034 0.896249 0.00716856 -0.381808 0.924214 0.0249361 -0.442448 0.896447 0.806511 0.308472 0.504366 0.79446 0.342296 0.501664 0.322939 -0.58793 0.741653 0.31048 -0.596854 0.739843 0.40671 0.851367 0.331304 0.438189 0.831046 0.342569 0.708202 -0.338139 0.619768 0.698115 -0.362407 0.617491 0.818184 0.228724 0.527504 0.826033 0.194747 0.528907 0.237142 -0.590351 0.771524 0.2483 -0.583729 0.773051 0.498401 0.780101 0.378205 0.52734 0.755992 0.387801 0.645102 -0.412474 0.643202 0.633572 -0.43366 0.640723 0.826405 0.114895 0.55123 0.830176 0.0816604 0.551488 0.179767 -0.565446 0.804957 0.170116 -0.570154 0.803732 0.607063 0.669463 0.428129 0.581202 0.696862 0.420223 0.562103 -0.491375 0.665275 0.574549 -0.473173 0.667833 0.0686787 0.981447 0.179012 0.0106526 0.976213 0.216551 0.0310297 0.986419 0.161291 0.819218 0.0035329 0.573472 0.81923 -0.0284043 0.572762 0.111934 -0.537446 0.835837 0.119742 -0.534361 0.836732 0.65314 0.603237 0.457726 0.675421 0.573209 0.463938 0.486051 -0.534623 0.691326 0.498862 -0.51934 0.693846 0.172651 0.954792 0.242 0.138091 0.964061 0.226975 0.797252 -0.102875 0.594816 0.79392 -0.132882 0.593324 0.0644582 -0.493768 0.867202 0.0697943 -0.492103 0.867734 0.712513 0.501229 0.491015 0.730822 0.469361 0.495579 0.408061 -0.562874 0.718791 0.42063 -0.550464 0.721152 0.27543 0.91335 0.299884 0.241494 0.927225 0.286241 0.755329 -0.229669 0.613784 0.761489 -0.20208 0.615871 0.0315874 -0.440646 0.897125 0.00956288 -0.381249 0.924423 0.0284742 -0.44138 0.896868 0.757893 0.393111 0.520636 0.772107 0.360031 0.523669 0.342419 -0.56621 0.74977 0.330564 -0.575971 0.747653 0.342018 0.875837 0.34049 0.374428 0.857632 0.35252 0.704985 -0.316553 0.634658 0.713412 -0.291661 0.637163 0.798363 0.247915 0.548776 0.788358 0.281271 0.547155 0.267014 -0.566818 0.779373 0.256217 -0.574248 0.777555 0.436948 0.810697 0.389676 0.467203 0.788488 0.40001 0.654794 -0.369837 0.65914 0.644642 -0.391935 0.656371 0.803419 0.168187 0.571166 0.809348 0.135263 0.571542 0.196648 -0.553074 0.809592 0.187409 -0.558373 0.808144 0.523958 0.733 0.433796 0.551354 0.707343 0.442351 0.576551 -0.454196 0.679187 0.587782 -0.435107 0.682051 0.802992 0.0565866 0.593298 0.805107 0.024732 0.592614 0.126369 -0.529648 0.838751 0.133778 -0.526135 0.839813 0.600931 0.644266 0.473079 0.624986 0.615732 0.479862 0.51465 -0.486221 0.706204 0.502913 -0.502331 0.70338 0.0404159 0.968888 0.244177 0.069221 0.970848 0.229486 0.103957 0.96384 0.245369 0.0310593 0.96416 0.263498 0.787534 -0.0510819 0.614151 0.786206 -0.0812505 0.6126 0.080615 -0.487158 0.869585 0.0750397 -0.489311 0.868875 0.686307 0.515654 0.512917 0.666006 0.546362 0.507863 0.426304 -0.535535 0.729018 0.43792 -0.522393 0.731664 0.207763 0.929167 0.305751 0.173386 0.94079 0.291293 0.75777 -0.152341 0.63449 0.753473 -0.180311 0.632271 0.0350099 -0.43936 0.897629 0.039042 -0.438123 0.898067 0.0115398 -0.380648 0.924648 0.717613 0.441387 0.538711 0.733853 0.409359 0.542112 0.349104 -0.553771 0.755952 0.360254 -0.543247 0.758354 0.308846 0.879968 0.36093 0.275621 0.896025 0.348098 0.70845 -0.270428 0.651896 0.715197 -0.244941 0.654597 0.754731 0.331671 0.566018 0.766829 0.299094 0.567905 0.284253 -0.548865 0.786096 0.274171 -0.556857 0.784054 0.373368 0.837219 0.399576 0.404787 0.817001 0.410679 0.661273 -0.32682 0.675209 0.65268 -0.349473 0.672218 0.784549 0.18741 0.591068 0.776491 0.21988 0.59052 0.212494 -0.539746 0.814568 0.203561 -0.545701 0.81288 0.464212 0.765335 0.445835 0.493075 0.741459 0.4551 0.588261 -0.416037 0.693442 0.598079 -0.396396 0.696543 0.787024 0.076852 0.612116 0.782828 0.108415 0.612721 0.147403 -0.516846 0.843292 0.140161 -0.520895 0.842035 0.545794 0.681802 0.487088 0.571518 0.654866 0.494487 0.517361 -0.46889 0.715877 0.527863 -0.452186 0.71895 0.773909 -4.2817e-05 0.633296 0.774591 -0.0301167 0.631745 0.085289 -0.484248 0.870764 0.0910298 -0.481579 0.871662 0.616268 0.588278 0.523586 0.638339 0.559045 0.529142 0.453051 -0.493286 0.742572 0.442418 -0.507116 0.739662 0.104396 0.949857 0.294742 0.139043 0.940507 0.310022 0.750399 -0.103071 0.652899 0.747994 -0.131249 0.650599 0.0452917 -0.435489 0.899054 0.0424791 -0.436561 0.898671 0.0145795 -0.379497 0.925078 0.673907 0.486858 0.555715 0.692102 0.455979 0.559533 0.366 -0.530309 0.764733 0.376355 -0.519102 0.767392 0.241818 0.89796 0.367685 0.207909 0.911835 0.354021 0.713424 -0.198208 0.672116 0.708452 -0.223945 0.669286 0.731497 0.348095 0.586296 0.717322 0.379865 0.584082 0.290656 -0.538418 0.790965 0.300164 -0.529765 0.793253 0.307971 0.859516 0.407905 0.34035 0.841393 0.419786 0.664479 -0.283574 0.691413 0.657504 -0.30659 0.688252 0.745812 0.269639 0.609147 0.755948 0.237791 0.609917 0.227371 -0.525303 0.819975 0.218966 -0.531769 0.818093 0.402192 0.793643 0.456478 0.43223 0.771761 0.466435 0.597028 -0.377268 0.707973 0.605468 -0.357017 0.7113 0.758859 0.158877 0.631579 0.765143 0.127551 0.6311 0.153179 -0.511386 0.845589 0.160069 -0.5069 0.847012 0.515282 0.690429 0.507732 0.488105 0.715578 0.499701 0.538529 -0.417237 0.732052 0.529208 -0.43461 0.728734 0.756531 0.0500641 0.652039 0.759225 0.0199818 0.650522 0.10097 -0.475279 0.874022 0.0958896 -0.478069 0.873072 0.563548 0.626873 0.538 0.587385 0.599086 0.544128 0.466031 -0.463155 0.753858 0.456353 -0.477716 0.750686 0.0393185 0.953575 0.298577 0.0696883 0.947316 0.312629 0.0143765 0.934461 0.355776 0.0211021 0.950467 0.310107 0.739305 -0.0542653 0.671181 0.738804 -0.0825507 0.668845 0.0513485 -0.432471 0.900185 0.0160902 -0.378807 0.925336 0.0482942 -0.433874 0.899678 0.626794 0.529435 0.571689 0.646882 0.49979 0.57598 0.381094 -0.505798 0.77391 0.390571 -0.49401 0.776794 0.139141 0.923202 0.358244 0.173594 0.911542 0.372768 0.704992 -0.177774 0.686573 0.708201 -0.151779 0.689503 0.676501 0.425412 0.601142 0.692637 0.394682 0.603722 0.314718 -0.509589 0.800795 0.305724 -0.518976 0.798246 0.241134 0.877481 0.414586 0.274323 0.861504 0.427267 0.664484 -0.239969 0.707726 0.659063 -0.263584 0.704386 0.72365 0.286173 0.628041 0.711463 0.317326 0.626997 0.241088 -0.510055 0.825664 0.233059 -0.517155 0.82355 0.338169 0.817891 0.465506 0.369426 0.797942 0.476249 0.609935 -0.31723 0.726185 0.602897 -0.338054 0.722658 0.73119 0.207595 0.64982 0.739498 0.17682 0.649521 0.172207 -0.495916 0.851124 0.165572 -0.500909 0.849515 0.427867 0.745546 0.510971 0.45644 0.72221 0.519688 0.546596 -0.381748 0.745319 0.538483 -0.399759 0.741774 0.735494 0.0987917 0.670291 0.740166 0.0690567 0.668869 0.110313 -0.468442 0.87658 0.105392 -0.471595 0.875495 0.508087 0.661907 0.551114 0.533499 0.635763 0.557839 0.468092 -0.447532 0.761975 0.476774 -0.432272 0.765393 0.726087 -0.0346779 0.686727 0.724683 -0.00641992 0.689053 0.0541074 -0.430737 0.900854 0.0177399 -0.377915 0.92567 0.0579266 -0.428662 0.901606 0.576774 0.568777 0.586366 0.598648 0.540499 0.59117 0.394225 -0.480593 0.783337 0.402943 -0.468063 0.786482 0.104466 0.920651 0.376149 0.0697359 0.930034 0.360796 0.0406363 0.926104 0.375074 0.030661 0.915776 0.400517 0.698086 -0.131922 0.703756 0.699524 -0.105651 0.706757 0.650393 0.438586 0.620186 0.632311 0.468264 0.617181 0.319485 -0.498348 0.805964 0.327694 -0.488497 0.808695 0.173102 0.891014 0.419678 0.206892 0.877251 0.433158 0.657484 -0.22046 0.720494 0.661249 -0.196659 0.72393 0.68782 0.332357 0.645324 0.673662 0.362626 0.643957 0.253544 -0.493925 0.831717 0.246315 -0.501265 0.829495 0.272565 0.837861 0.472966 0.304724 0.820024 0.484463 0.611452 -0.27732 0.741094 0.605873 -0.298572 0.737409 0.69997 0.254425 0.667315 0.710298 0.224193 0.667244 0.177055 -0.489817 0.853657 0.183253 -0.484452 0.855409 0.395517 0.750056 0.530077 0.365702 0.771486 0.520645 0.545176 -0.36437 0.754995 0.552015 -0.345847 0.758729 0.710832 0.146145 0.688011 0.717492 0.116685 0.686724 0.119282 -0.460908 0.879395 0.114389 -0.464535 0.878136 0.450074 0.693272 0.562857 0.477001 0.66881 0.570231 0.477612 -0.416538 0.773552 0.485128 -0.40088 0.777139 0.706475 0.0404127 0.706584 0.709778 0.0123232 0.704318 0.0635815 -0.424773 0.903065 0.0207805 -0.375994 0.926389 0.0611071 -0.426343 0.902495 0.547397 0.577993 0.605211 0.523854 0.604778 0.599851 0.413291 -0.441425 0.796451 0.405569 -0.454361 0.793139 0.687451 -0.0603436 0.72372 0.687805 -0.0865391 0.720719 0.585164 0.508056 0.63203 0.605053 0.479641 0.635496 0.331535 -0.477134 0.813897 0.338961 -0.466844 0.8168 0.138483 0.888531 0.437418 0.104168 0.90008 0.423089 0.652702 -0.177708 0.736478 0.654828 -0.153624 0.74 0.632608 0.405393 0.659897 0.648723 0.376024 0.661638 0.265012 -0.476795 0.838114 0.258022 -0.484953 0.83561 0.23849 0.837788 0.491155 0.205564 0.853476 0.478876 0.605849 -0.258789 0.752314 0.609912 -0.237332 0.756096 0.677572 0.26964 0.684245 0.665307 0.299093 0.684039 0.187801 -0.4778 0.858159 0.193719 -0.471914 0.860099 0.301647 0.793309 0.528838 0.332557 0.773867 0.539014 0.549215 -0.328533 0.768394 0.554708 -0.309701 0.772259 0.682769 0.191685 0.705042 0.691356 0.162766 0.703942 0.127473 -0.452907 0.882398 0.123312 -0.45646 0.881158 0.418225 0.6981 0.581157 0.389996 0.720716 0.573124 0.491123 -0.369011 0.789068 0.484737 -0.385118 0.785312 0.690053 0.0580826 0.721425 0.684866 0.0859034 0.723588 0.0222194 -0.374941 0.926782 0.0662983 -0.42249 0.903939 0.06893 -0.420557 0.904644 0.493489 0.612038 0.617963 0.468377 0.637235 0.612009 0.414865 -0.427461 0.803221 0.421644 -0.414044 0.806711 0.672041 -0.0158234 0.740345 0.674189 -0.0420709 0.73736 0.535072 0.54471 0.645747 0.556688 0.517647 0.649723 0.348709 -0.444276 0.82524 0.341939 -0.455197 0.822115 0.0404725 0.90319 0.427329 0.0694041 0.895332 0.439959 0.01944 0.872898 0.487515 0.0155023 0.895553 0.444685 0.64512 -0.111093 0.755962 0.644664 -0.135112 0.752432 0.606396 0.417132 0.676968 0.588499 0.445298 0.674818 0.268752 -0.467663 0.842059 0.275017 -0.459219 0.844679 0.171223 0.851169 0.49618 0.137595 0.864706 0.483065 0.605493 -0.197674 0.77091 0.602922 -0.219429 0.76703 0.641627 0.312758 0.700356 0.627489 0.341318 0.699828 0.20289 -0.459128 0.864891 0.197712 -0.465051 0.862924 0.236084 0.810934 0.535397 0.26802 0.793504 0.546367 0.554683 -0.273267 0.785908 0.550515 -0.292484 0.781912 0.651313 0.235375 0.721381 0.661817 0.207021 0.720514 0.135274 -0.444252 0.88563 0.130885 -0.448558 0.884118 0.327919 0.7442 0.581924 0.357395 0.723446 0.590673 0.489502 -0.3533 0.797225 0.494758 -0.336721 0.801145 0.666939 0.102479 0.738032 0.659902 0.129867 0.740043 0.0235068 -0.373856 0.927189 0.0744848 -0.415587 0.906498 0.0711653 -0.418397 0.905472 0.437214 0.642474 0.629342 0.410667 0.66598 0.622755 0.427981 -0.386318 0.817062 0.422128 -0.400267 0.813384 0.657249 0.00157293 0.753672 0.653339 0.027478 0.756567 0.505623 0.5524 0.662721 0.482382 0.578002 0.658195 0.350788 -0.432464 0.830616 0.356745 -0.421138 0.833892 0.633594 -0.0934883 0.767997 0.632389 -0.0693615 0.77154 0.541445 0.482238 0.688682 0.56107 0.455321 0.691291 0.283627 -0.441035 0.851495 0.278118 -0.449672 0.848791 0.0394059 0.865729 0.498959 0.103104 0.860152 0.499509 0.0302478 0.847978 0.529167 0.0689618 0.871484 0.485551 0.597008 -0.18012 0.781753 0.598061 -0.158134 0.785695 0.602496 0.353433 0.7156 0.586522 0.38104 0.714703 0.206305 -0.452129 0.867766 0.211319 -0.445508 0.869981 0.202127 0.808919 0.552083 0.169497 0.824188 0.540356 0.552001 -0.237246 0.79938 0.54921 -0.256584 0.79532 0.62909 0.24926 0.736285 0.616761 0.276814 0.736872 0.142395 -0.435007 0.889097 0.138684 -0.439197 0.887622 0.264281 0.763559 0.589181 0.29481 0.744778 0.598659 0.495968 -0.304226 0.813303 0.491905 -0.321109 0.80927 0.640575 0.145228 0.754037 0.631711 0.172118 0.755855 0.0788756 -0.410993 0.90822 0.0257712 -0.37166 0.928011 0.0767884 -0.413025 0.907477 0.350935 0.690892 0.63207 0.378798 0.66916 0.639326 0.427392 -0.37233 0.823836 0.432164 -0.358223 0.827593 0.631453 0.0695178 0.772291 0.637134 0.0438468 0.769505 0.427366 0.607735 0.669341 0.452071 0.583741 0.674447 0.362954 -0.397786 0.842633 0.357909 -0.409294 0.839273 0.61645 -0.0284531 0.78688 0.619308 -0.0523784 0.783399 0.491774 0.516027 0.701337 0.513068 0.490422 0.704448 0.285989 -0.431342 0.85566 0.290965 -0.422164 0.858555 0.587781 -0.119541 0.80014 0.588257 -0.141307 0.796233 0.542682 0.417982 0.728551 0.56039 0.391492 0.729861 0.21429 -0.438074 0.873024 0.218681 -0.431329 0.875291 0.135327 0.819943 0.556219 0.102063 0.83306 0.543686 0.545178 -0.220859 0.808704 0.546611 -0.20124 0.812846 0.593247 0.289244 0.751263 0.579145 0.315913 0.751525 0.145096 -0.4303 0.890948 0.148549 -0.425801 0.892539 0.230808 0.76196 0.605099 0.199303 0.778742 0.594844 0.491943 -0.288987 0.821267 0.494792 -0.271896 0.825381 0.600432 0.212381 0.770958 0.611048 0.186199 0.769383 0.0811558 -0.408064 0.909339 0.0837813 -0.405123 0.910415 0.0271054 -0.37017 0.928568 0.289486 0.71185 0.639896 0.318538 0.69197 0.647851 0.43427 -0.329803 0.838236 0.430495 -0.344299 0.834345 0.6139 0.0847847 0.784818 0.606499 0.10999 0.78744 0.370267 0.633826 0.679093 0.396389 0.611465 0.684826 0.3675 -0.373738 0.851624 0.363212 -0.385802 0.848077 0.602113 -0.0124944 0.798313 0.597609 0.0112173 0.801709 0.462592 0.522317 0.716376 0.439696 0.546541 0.712714 0.296833 -0.402942 0.865753 0.292589 -0.412315 0.862779 0.574513 -0.0814015 0.814438 0.576518 -0.103215 0.810539 0.515681 0.426653 0.742994 0.496277 0.451983 0.741229 0.220988 -0.424024 0.878275 0.224901 -0.416959 0.880661 0.0678039 0.826568 0.558738 0.0402462 0.835584 0.547887 0.0260506 0.792843 0.608869 0.0109619 0.821667 0.569863 0.538537 -0.165737 0.826141 0.538492 -0.185315 0.822 0.538675 0.352516 0.76522 0.554528 0.326769 0.765324 0.151012 -0.420679 0.894553 0.154367 -0.415596 0.896354 0.165679 0.774953 0.609917 0.133442 0.789633 0.598893 0.491107 -0.239735 0.837461 0.489506 -0.256727 0.833352 0.566247 0.250575 0.785224 0.578641 0.22503 0.783924 0.0875393 -0.399913 0.912363 0.0855239 -0.40252 0.911408 0.0286123 -0.368228 0.929295 0.226634 0.728695 0.646251 0.256646 0.710794 0.654908 0.434249 -0.301455 0.848854 0.431541 -0.316076 0.844907 0.58765 0.124091 0.799543 0.578542 0.148794 0.801966 0.33875 0.635512 0.69381 0.311368 0.656126 0.687422 0.366844 -0.36182 0.857036 0.37021 -0.349636 0.860639 0.575814 0.0496122 0.816074 0.581942 0.026238 0.812807 0.385543 0.573512 0.722801 0.409807 0.550898 0.727028 0.297703 -0.393053 0.86999 0.301232 -0.383477 0.873043 0.558572 -0.0443993 0.828267 0.562091 -0.0660216 0.824436 0.447435 0.482786 0.752807 0.468304 0.458889 0.755058 0.230099 -0.40197 0.88627 0.226705 -0.409296 0.883788 0.527844 -0.130825 0.839205 0.529183 -0.150398 0.835073 0.495693 0.386289 0.777862 0.513134 0.361705 0.778372 0.156404 -0.410416 0.898385 0.159151 -0.405524 0.900123 0.066856 0.796166 0.601373 0.0299863 0.762303 0.646525 0.0996807 0.783625 0.613185 0.0366995 0.788853 0.613486 0.484706 -0.225084 0.84522 0.485101 -0.207698 0.849434 0.543375 0.261757 0.797639 0.52931 0.286435 0.798615 0.0297405 -0.366537 0.929928 0.0911004 -0.394143 0.914523 0.0891872 -0.39702 0.913466 0.162685 0.741448 0.65099 0.193667 0.725494 0.660418 0.430497 -0.288052 0.855393 0.432186 -0.272941 0.859488 0.547898 0.1856 0.815696 0.558662 0.161535 0.813513 0.279371 0.655736 0.701401 0.250866 0.674519 0.694327 0.368644 -0.337784 0.866028 0.371128 -0.325357 0.869716 0.558928 0.0635709 0.826776 0.551207 0.0864959 0.829873 0.329475 0.596874 0.731565 0.355041 0.5759 0.7364 0.301351 -0.373515 0.877311 0.304218 -0.363569 0.880494 0.539888 -0.00844084 0.841694 0.544923 -0.0298625 0.837954 0.418753 0.487837 0.765938 0.396363 0.510387 0.763152 0.234115 -0.386834 0.891936 0.231316 -0.394239 0.88942 0.514633 -0.0967805 0.851931 0.517345 -0.116212 0.847849 0.469218 0.393801 0.790414 0.45015 0.417286 0.789454 0.163252 -0.394885 0.90411 0.160895 -0.3999 0.902326 0.476722 -0.176234 0.861207 0.477562 -0.193491 0.857027 0.489782 0.319746 0.811095 0.505399 0.296114 0.810486 0.0943783 -0.387849 0.916878 0.0926232 -0.390951 0.915739 0.0309366 -0.36443 0.930717 0.129626 0.736083 0.664364 0.0978814 0.749996 0.65416 0.427986 -0.245011 0.869941 0.427404 -0.259805 0.865926 0.526769 0.197105 0.82684 0.51446 0.220311 0.82873 0.218759 0.672038 0.707467 0.189308 0.688905 0.699695 0.370224 -0.301286 0.878727 0.368669 -0.313679 0.875037 0.524011 0.121604 0.842986 0.533281 0.0992478 0.840096 0.298535 0.597253 0.744423 0.271721 0.616557 0.738936 0.305734 -0.343638 0.887941 0.303592 -0.353788 0.884684 0.518514 0.0261688 0.854668 0.524988 0.00525682 0.851094 0.343407 0.534616 0.772177 0.367194 0.513533 0.775534 0.237038 -0.371482 0.897672 0.23473 -0.379257 0.895023 0.498864 -0.0637203 0.864334 0.502911 -0.0827924 0.860364 0.402549 0.445176 0.799857 0.423052 0.423019 0.8013 0.166623 -0.384029 0.908162 0.164449 -0.389692 0.906144 0.468154 -0.162658 0.868547 0.466079 -0.145435 0.872708 0.447879 0.35041 0.822568 0.465035 0.327825 0.822358 0.0320927 -0.361998 0.931626 0.0957159 -0.384419 0.918183 0.0971207 -0.381453 0.919272 0.0387711 0.752104 0.657903 0.00746471 0.730352 0.68303 0.0649191 0.742469 0.666728 0.421641 -0.217117 0.880386 0.42213 -0.232068 0.876328 0.478493 0.252823 0.840907 0.492385 0.23039 0.839331 0.126706 0.699229 0.70358 0.157015 0.684307 0.712089 0.36748 -0.276991 0.887826 0.366821 -0.289601 0.884067 0.494073 0.15495 0.855501 0.504839 0.133275 0.852863 0.212769 0.632384 0.744862 0.240586 0.614907 0.751005 0.305726 -0.323653 0.895422 0.30435 -0.333792 0.892163 0.494665 0.0592014 0.867065 0.502545 0.0388389 0.863678 0.288755 0.555278 0.779928 0.313715 0.535842 0.783872 0.238755 -0.355982 0.903478 0.237082 -0.36363 0.900869 0.480607 -0.0315552 0.876368 0.486048 -0.0505311 0.87247 0.352978 0.469851 0.809103 0.374792 0.449127 0.811059 0.167449 -0.378633 0.910273 0.169057 -0.373312 0.912172 0.453101 -0.115307 0.88397 0.4564 -0.132366 0.879874 0.4038 0.378267 0.832982 0.422405 0.35684 0.83321 0.0328716 -0.359993 0.932376 0.0981223 -0.378193 0.920512 0.0991789 -0.375464 0.921515 0.413324 -0.189917 0.890559 0.414882 -0.204742 0.88654 0.440298 0.282884 0.852124 0.455679 0.261381 0.850903 0.0634535 0.70546 0.705903 0.0945067 0.692524 0.715178 0.0338231 0.697327 0.715954 0.0300479 0.660492 0.750231 0.0323421 0.696074 0.717241 0.363231 -0.265667 0.893019 0.362975 -0.253136 0.896756 0.461874 0.186238 0.867172 0.474142 0.165234 0.864805 0.181502 0.628692 0.756176 0.152713 0.644347 0.74933 0.304207 -0.303676 0.902906 0.303579 -0.313834 0.899638 0.468317 0.0908177 0.878881 0.477697 0.070789 0.875668 0.258849 0.554555 0.790864 0.232707 0.572369 0.786283 0.239306 -0.340234 0.909381 0.238197 -0.347997 0.906731 0.460127 -0.000760183 0.887853 0.466897 -0.0193579 0.8841 0.301556 0.491264 0.817143 0.324663 0.471977 0.819654 0.170753 -0.362 0.916406 0.169497 -0.367623 0.914398 0.442368 -0.102849 0.890917 0.437914 -0.0862378 0.894871 0.377646 0.383022 0.843017 0.357723 0.403156 0.842318 0.0998782 -0.372397 0.922683 0.0333244 -0.358514 0.932929 0.101004 -0.368706 0.924042 0.402911 -0.163186 0.900574 0.405533 -0.177877 0.896606 0.399934 0.310347 0.862402 0.416671 0.289947 0.861578 0.356717 -0.229662 0.905543 0.357883 -0.242146 0.901823 0.427434 0.215283 0.87804 0.441044 0.195212 0.875998 0.0919198 0.652327 0.752343 0.121448 0.638604 0.759892 0.301247 -0.283813 0.91033 0.301366 -0.294174 0.906995 0.439853 0.12047 0.889953 0.450547 0.101192 0.886999 0.175561 0.585726 0.791267 0.20264 0.569684 0.796491 0.238202 -0.332671 0.912463 0.238759 -0.324514 0.915251 0.445364 0.0105851 0.895287 0.43739 0.0285038 0.89882 0.248827 0.509274 0.823848 0.273086 0.491526 0.826938 0.170765 -0.35635 0.918615 0.171595 -0.350711 0.920629 0.367192 -0.103023 0.924422 0.420649 -0.0581687 0.905357 0.426333 -0.0746228 0.901483 0.309884 0.424997 0.850499 0.331085 0.406183 0.851703 0.102264 -0.362072 0.926523 0.0338908 -0.356019 0.933864 0.101485 -0.365519 0.925255 0.335468 -0.175643 0.925533 0.390505 -0.13712 0.910332 0.394195 -0.151673 0.906425 0.35756 0.335155 0.871678 0.37565 0.315849 0.871279 0.29149 -0.241127 0.925684 0.348736 -0.206524 0.914183 0.35084 -0.219111 0.91044 0.405705 0.22292 0.886403 0.390803 0.24201 0.88809 0.0358141 0.654421 0.755282 0.00522531 0.623622 0.781708 0.0609327 0.644567 0.762116 0.297695 -0.274527 0.914337 0.296827 -0.264311 0.917624 0.237076 -0.298699 0.924432 0.362675 0.105564 0.925917 0.409125 0.148248 0.900355 0.421119 0.129719 0.897681 0.145378 0.581056 0.800774 0.117469 0.595285 0.794882 0.237027 -0.309079 0.921026 0.237071 -0.316962 0.918331 0.37674 0.00182569 0.926317 0.367729 0.0274261 0.929528 0.38177 -0.00386703 0.924249 0.412497 0.0562973 0.909218 0.421762 0.0388397 0.905874 0.194786 0.523775 0.829288 0.22005 0.507661 0.832982 0.171592 -0.339748 0.924731 0.171195 -0.345238 0.922769 0.362005 -0.0748746 0.929164 0.367028 -0.082222 0.926569 0.401191 -0.0312279 0.915462 0.407993 -0.0471819 0.911765 0.282952 0.426266 0.859206 0.260649 0.443621 0.857474 0.00300416 -0.702133 0.71204 0.103013 -0.355211 0.929093 0.102544 -0.358353 0.927937 0.0343003 -0.35329 0.934885 0.381111 -0.126427 0.915844 0.333928 -0.146228 0.931187 0.338675 -0.120997 0.933091 0.367247 -0.103179 0.924383 0.338423 -0.155248 0.928099 0.376401 -0.112198 0.919638 0.332772 0.339049 0.879948 0.313482 0.357105 0.879889 0.294224 -0.21073 0.932215 0.304825 -0.1877 0.933729 0.33898 -0.183983 0.922628 0.341944 -0.196201 0.91901 0.336645 -0.18094 0.924084 0.297115 -0.219387 0.929296 0.352334 0.266317 0.897182 0.323205 0.203365 0.924219 0.368554 0.248168 0.895868 0.292237 -0.24742 0.923786 0.291005 -0.245229 0.924759 0.245148 -0.273152 0.93021 0.292617 -0.255359 0.921503 0.243896 -0.266856 0.932364 0.257834 -0.245419 0.934501 0.344975 0.127036 0.929975 0.389602 0.156263 0.90763 0.361188 0.113397 0.925572 0.376349 0.173981 0.909996 0.0363804 0.594605 0.803195 0.05894 0.601068 0.797021 0.0875848 0.588679 0.803608 0.030785 0.544719 0.838053 0.0268755 0.584734 0.81078 0.237187 -0.301492 0.923496 0.174321 -0.316277 0.932513 0.23415 -0.293612 0.926804 0.234793 -0.301717 0.924034 0.190991 -0.383477 0.903586 0.184695 -0.314023 0.931277 0.199695 -0.291093 0.935621 0.368588 0.0324166 0.929027 0.351702 0.0510157 0.934721 0.361494 0.0784259 0.92907 0.385552 0.0824195 0.918998 0.373145 0.0883483 0.923557 0.396016 0.0656096 0.915897 0.165955 0.520276 0.837718 0.139741 0.534734 0.833386 0.170723 -0.328392 0.928985 0.173955 -0.342764 0.923175 0.106725 -0.341335 0.933863 0.120302 -0.464734 0.87724 0.118602 -0.354477 0.927513 0.1336 -0.322731 0.937014 0.170734 -0.333985 0.926987 0.359209 -0.0485474 0.931994 0.347136 -0.0225073 0.937545 0.383346 -0.0122973 0.923523 0.387922 -0.02127 0.921447 0.359661 -0.048723 0.93181 0.210033 0.459038 0.863232 0.233454 0.443121 0.86553 0.0361666 -0.351223 0.935593 0.103254 -0.348538 0.93159 0.103015 -0.351774 0.930399 0.0323949 -0.726126 0.686798 0.0466807 -0.407396 0.912058 0.267906 0.376103 0.887003 0.288303 0.359365 0.887546 0.32959 0.270994 0.904396 0.305775 0.223523 0.925494 0.282852 0.238641 0.929002 0.312126 0.288107 0.905302 0.307825 0.22306 0.924926 0.337644 0.148366 0.929507 0.331111 0.148831 0.931781 0.31267 0.167593 0.93496 0.35635 0.180639 0.916725 0.325767 0.201648 0.923696 0.341921 0.197445 0.918752 0.0841929 0.542018 0.836139 0.11105 0.529361 0.841097 0.182752 0.456757 0.870617 0.158402 0.471113 0.867734 0.102741 -0.412618 0.905092 0.102996 -0.345064 0.932911 0.0605919 -0.347672 0.935656 0.0578542 -0.311406 0.948514 0.19077 0.331659 0.92391 0.221044 0.392063 0.892987 0.242453 0.376706 0.894041 0.274391 0.25375 0.927535 0.26197 0.254246 0.930984 0.241951 0.269932 0.931985 0.270411 0.307148 0.912435 0.288881 0.291292 0.911974 0.00450935 0.503603 0.863923 0.0309414 0.544575 0.838141 0.0556816 0.534763 0.843166 0.105994 0.479771 0.870968 0.131134 0.467045 0.874456 0.165249 0.340026 0.925784 0.141499 0.351418 0.925464 0.173034 0.404964 0.89781 0.183645 0.33829 0.922949 0.195433 0.390997 0.899404 0.227422 0.323459 0.918506 0.246959 0.308795 0.918508 0.215765 0.277342 0.93623 0.203358 0.302679 0.931145 0.207862 0.323561 0.923093 0.239055 0.284169 0.928494 0.0789698 0.473942 0.877008 0.0368832 0.480426 0.87626 0.0531513 0.484999 0.872898 0.0213221 0.461136 0.887073 0.147383 0.40222 0.903602 0.124156 0.414699 0.901449 0.11487 0.354707 0.927894 0.139305 0.353656 0.924944 0.0747657 0.421168 0.903896 0.0904956 0.36413 0.926941 0.0640591 0.364449 0.929017 0.0936507 0.365431 0.926115 0.0985949 0.410278 0.906615 0.0317913 0.421848 0.906109 0.0494437 0.415085 0.908438 0.047161 0.373497 0.926432 0.0386961 0.369275 0.928514 0.0128533 0.369303 0.92922 0.00593798 0.37305 0.927792 0.0203532 0.417494 0.908452 -0.0248806 0.999396 0.0242637 -0.00164497 0.373056 0.927807 -0.00813122 0.99732 0.0727161 -0.0326037 0.998949 0.0322031 -0.066309 0.996989 0.0402075 -0.124275 0.991691 0.0332314 -0.0747092 0.99663 0.0338624 -0.173597 0.984436 0.027389 -0.132262 0.990442 0.0391283 -0.067388 0.993276 0.0941379 -0.0374281 0.984933 0.168838 -0.0315544 0.992161 0.120918 -0.0387615 0.993314 0.108744 -0.19794 0.979406 0.0398011 -0.222457 0.974622 0.0250004 -0.101371 0.988798 0.109555 -0.134353 0.986684 0.0916751 -0.0310297 0.986419 0.161291 -0.0106526 0.976213 0.216551 -0.262554 0.964265 0.035469 -0.318413 0.947614 0.0253262 -0.270743 0.962269 0.0271565 -0.168461 0.979958 0.106314 -0.20077 0.97571 0.0876444 -0.102561 0.981586 0.161154 -0.0686787 0.981447 0.179012 -0.365245 0.930779 0.0156736 -0.326263 0.944704 0.0329714 -0.266192 0.960434 0.0819024 -0.234609 0.966786 0.101406 -0.13701 0.974717 0.17651 -0.170432 0.972652 0.157802 -0.0404159 0.968888 0.244177 -0.0310593 0.96416 0.263498 -0.069221 0.970848 0.229486 -0.389111 0.920565 0.0339577 -0.4113 0.911447 0.00989574 -0.330285 0.94093 0.07459 -0.299695 0.949309 0.0948384 -0.23736 0.95933 0.152796 -0.204654 0.963552 0.172289 -0.138091 0.964061 0.226975 -0.103957 0.96384 0.245369 -0.0393185 0.953575 0.298577 -0.0143765 0.934461 0.355776 -0.0211021 0.950467 0.310107 -0.449832 0.892668 0.0281931 -0.499982 0.86597 0.0106867 -0.456135 0.88981 0.0133654 -0.392713 0.917308 0.0657433 -0.363272 0.92764 0.0867037 -0.303211 0.941643 0.146194 -0.271335 0.947978 0.166479 -0.172651 0.954792 0.242 -0.206274 0.952798 0.22277 -0.0696883 0.947316 0.312629 -0.104396 0.949857 0.294742 -0.542449 0.839879 -0.018774 -0.510759 0.858933 0.0368737 -0.453368 0.889601 0.0553759 -0.425129 0.901844 0.0770854 -0.336618 0.928117 0.159022 -0.367531 0.919722 0.137954 -0.273482 0.937114 0.216853 -0.240472 0.941293 0.236939 -0.173386 0.94079 0.291293 -0.139043 0.940507 0.310022 -0.0697359 0.930034 0.360796 -0.030661 0.915776 0.400517 -0.0406363 0.926104 0.375074 -0.51171 0.858053 0.0435694 -0.484916 0.872073 0.0659169 -0.430114 0.893622 0.128223 -0.40038 0.903988 0.150006 -0.307195 0.923387 0.230191 -0.339279 0.917091 0.209363 -0.241494 0.927225 0.286241 -0.207763 0.929167 0.305751 -0.104466 0.920651 0.376149 -0.139141 0.923202 0.358244 -0.01944 0.872898 0.487515 -0.0155023 0.895553 0.444685 -0.0404725 0.90319 0.427329 -0.542343 0.838461 0.0533638 -0.583453 0.811494 0.032547 -0.558815 0.8284 0.0384681 -0.462133 0.875774 0.139474 -0.490604 0.863497 0.116964 -0.372402 0.901151 0.221907 -0.403546 0.892774 0.200265 -0.308503 0.909222 0.279539 -0.27543 0.91335 0.299884 -0.173594 0.911542 0.372768 -0.207909 0.911835 0.354021 -0.104168 0.90008 0.423089 -0.0694041 0.895332 0.439959 -0.597283 0.800977 0.0411009 -0.623309 0.781621 0.023555 -0.521598 0.843622 0.127427 -0.5487 0.829501 0.104192 -0.465784 0.864338 0.189644 -0.435838 0.8747 0.212003 -0.373988 0.886887 0.271227 -0.341782 0.893147 0.292358 -0.275621 0.896025 0.348098 -0.241818 0.89796 0.367685 -0.173102 0.891014 0.419678 -0.138483 0.888531 0.437418 -0.698039 0.71572 0.0220654 -0.661583 0.749625 0.0192521 -0.650753 0.758469 0.0352901 -0.0302478 0.847978 0.529167 -0.0689618 0.871484 0.485551 -0.0394059 0.865729 0.498959 -0.578582 0.807631 0.11391 -0.604027 0.791851 0.0901242 -0.525722 0.83193 0.177506 -0.497063 0.844211 0.200589 -0.406425 0.868676 0.283231 -0.437693 0.860325 0.261278 -0.342018 0.875837 0.34049 -0.308846 0.879968 0.36093 -0.241134 0.877481 0.414586 -0.206892 0.877251 0.433158 -0.701123 0.712503 0.0276816 -0.733049 0.680173 0.00186166 -0.137595 0.864706 0.483065 -0.103104 0.860152 0.499509 -0.632755 0.767977 0.0991612 -0.656546 0.750572 0.0747532 -0.0260506 0.792843 0.608869 -0.0109619 0.821667 0.569863 -0.0402462 0.835584 0.547887 -0.555934 0.809752 0.187721 -0.583163 0.795639 0.163949 -0.499181 0.829713 0.249788 -0.469088 0.840066 0.272479 -0.374428 0.857632 0.35252 -0.40671 0.851367 0.331304 -0.307971 0.859516 0.407905 -0.274323 0.861504 0.427267 -0.765169 0.642058 -0.0477233 -0.752762 0.656562 0.0477035 -0.171223 0.851169 0.49618 -0.205564 0.853476 0.478876 -0.705829 0.706001 0.0580297 -0.683761 0.724961 0.0830739 -0.102063 0.83306 0.543686 -0.0678039 0.826568 0.558738 -0.637758 0.755684 0.149018 -0.612096 0.771529 0.173438 -0.529532 0.807379 0.260261 -0.5583 0.795108 0.236866 -0.469415 0.822714 0.320609 -0.438189 0.831046 0.342569 -0.34035 0.841393 0.419786 -0.373368 0.837219 0.399576 -0.272565 0.837861 0.472966 -0.23849 0.837788 0.491155 -0.731498 0.678671 0.0657004 -0.751628 0.658362 0.0401791 -0.169497 0.824188 0.540356 -0.135327 0.819943 0.556219 -0.689161 0.712344 0.132754 -0.665189 0.729813 0.157785 -0.0299863 0.762303 0.646525 -0.066856 0.796166 0.601373 -0.0366995 0.788853 0.613486 -0.587304 0.770888 0.246587 -0.614695 0.756748 0.222447 -0.529899 0.78999 0.308419 -0.49982 0.80033 0.331136 -0.436948 0.810697 0.389676 -0.404787 0.817001 0.410679 -0.338169 0.817891 0.465506 -0.304724 0.820024 0.484463 -0.775683 0.629351 0.0472537 -0.796864 0.603571 0.0266333 -0.781428 0.622763 0.0392 -0.202127 0.808919 0.552083 -0.236084 0.810934 0.535397 -0.715149 0.684623 0.140902 -0.737284 0.665665 0.115332 -0.133442 0.789633 0.598893 -0.0996807 0.783625 0.613185 -0.64231 0.730651 0.231487 -0.668021 0.714833 0.206789 -0.00746471 0.730352 0.68303 -0.0387711 0.752104 0.657903 -0.558955 0.765717 0.318194 -0.587715 0.753461 0.294768 -0.467203 0.788488 0.40001 -0.498401 0.780101 0.378205 -0.402192 0.793643 0.456478 -0.369426 0.797942 0.476249 -0.817379 0.574927 0.0367509 -0.853071 0.521321 0.0222088 -0.826058 0.563223 0.0202075 -0.301647 0.793309 0.528838 -0.26802 0.793504 0.546367 -0.761543 0.636365 0.122847 -0.781817 0.615966 0.0966884 -0.199303 0.778742 0.594844 -0.165679 0.774953 0.609917 -0.718191 0.669454 0.189825 -0.694128 0.686936 0.215185 -0.0978814 0.749996 0.65416 -0.0649191 0.742469 0.666728 -0.64276 0.713196 0.279662 -0.615357 0.727332 0.303849 -0.557374 0.745605 0.365251 -0.52734 0.755992 0.387801 -0.464212 0.765335 0.445835 -0.43223 0.771761 0.466435 -0.897971 0.432413 0.0816564 -0.878237 0.478225 -0.00106707 -0.85566 0.516747 0.0285991 -0.365702 0.771486 0.520645 -0.332557 0.773867 0.539014 -0.8043 0.585116 0.103635 -0.822497 0.563522 0.0770849 -0.264281 0.763559 0.589181 -0.230808 0.76196 0.605099 -0.764783 0.620984 0.171713 -0.742581 0.639946 0.197591 -0.162685 0.741448 0.65099 -0.129626 0.736083 0.664364 -0.69461 0.669469 0.263303 -0.668846 0.685311 0.288086 -0.0300479 0.660492 0.750231 -0.0323421 0.696074 0.717241 -0.0634535 0.70546 0.705903 -0.0338231 0.697327 0.715954 -0.58495 0.719603 0.374173 -0.613615 0.707323 0.350957 -0.493075 0.741459 0.4551 -0.523958 0.733 0.433796 -0.395517 0.750057 0.530077 -0.427867 0.745546 0.510971 -0.859206 0.508503 0.056473 -0.843077 0.53127 0.0835038 -0.327919 0.7442 0.581924 -0.29481 0.744778 0.598659 -0.787405 0.589901 0.178912 -0.807726 0.569505 0.152456 -0.226634 0.728695 0.646251 -0.193667 0.725494 0.660418 -0.743099 0.622444 0.245698 -0.719021 0.639928 0.271111 -0.126706 0.699229 0.70358 -0.0945067 0.692524 0.715178 -0.666949 0.665404 0.335286 -0.639674 0.679538 0.359229 -0.00522531 0.623622 0.781708 -0.0358141 0.654421 0.755282 -0.581202 0.696862 0.420223 -0.551354 0.707343 0.442351 -0.488105 0.715578 0.499701 -0.45644 0.72221 0.519688 -0.877804 0.474935 0.0624191 -0.894752 0.445639 0.0287284 -0.389996 0.720716 0.573124 -0.357395 0.723446 0.590673 -0.828401 0.537061 0.159113 -0.846666 0.515435 0.132226 -0.289486 0.71185 0.639896 -0.256646 0.710794 0.654908 -0.765711 0.591366 0.252929 -0.787953 0.572378 0.226967 -0.189308 0.688905 0.699695 -0.157015 0.684307 0.712089 -0.716983 0.62015 0.318354 -0.691297 0.636008 0.342932 -0.0919198 0.652327 0.752343 -0.0609327 0.644567 0.762116 -0.607063 0.669463 0.428129 -0.635579 0.657084 0.405315 -0.545794 0.681802 0.487088 -0.515283 0.690429 0.507732 -0.908335 0.416135 0.0419492 -0.921252 0.388344 0.0219698 -0.450074 0.693272 0.562857 -0.418225 0.6981 0.581157 -0.881539 0.458876 0.111006 -0.865338 0.4817 0.138403 -0.350935 0.690892 0.63207 -0.318538 0.69197 0.647851 -0.828979 0.519502 0.207153 -0.808645 0.539901 0.233666 -0.250866 0.674519 0.694327 -0.218759 0.672038 0.707467 -0.739537 0.589222 0.325426 -0.763542 0.571727 0.300221 -0.152713 0.644347 0.74933 -0.121448 0.638604 0.759892 -0.686871 0.613831 0.389127 -0.659805 0.628019 0.412613 -0.030785 0.544719 0.838053 -0.0268755 0.584734 0.81078 -0.05894 0.601068 0.797021 -0.0363804 0.594605 0.803195 -0.600931 0.644266 0.473079 -0.571518 0.654866 0.494487 -0.935687 0.351293 0.0329193 -0.955481 0.294696 0.0145054 -0.939562 0.341994 0.0162579 -0.508087 0.661907 0.551114 -0.477001 0.66881 0.570231 -0.898125 0.423957 0.116757 -0.912059 0.400257 0.0891218 -0.410667 0.66598 0.622755 -0.378798 0.66916 0.639326 -0.847674 0.485718 0.213372 -0.865941 0.464098 0.18644 -0.311368 0.656126 0.687422 -0.279371 0.655736 0.701401 -0.806353 0.520403 0.281025 -0.784192 0.539387 0.306764 -0.212769 0.632384 0.744862 -0.181502 0.628692 0.756176 -0.734803 0.567334 0.371749 -0.709327 0.583226 0.395857 -0.117469 0.595285 0.794882 -0.0875848 0.588679 0.803608 -0.65314 0.603237 0.457726 -0.624986 0.615732 0.479862 -0.95959 0.27838 0.0411412 -0.968504 0.246629 -0.0342741 -0.00450935 0.503603 0.863923 -0.0309414 0.544575 0.838141 -0.563548 0.626873 0.538 -0.533499 0.635763 0.557839 -0.926469 0.364316 0.0944954 -0.938179 0.339709 0.0664669 -0.468377 0.637235 0.612009 -0.437214 0.642474 0.629342 -0.88256 0.429107 0.192236 -0.898752 0.406302 0.164814 -0.33875 0.635512 0.69381 -0.370267 0.633826 0.679093 -0.84527 0.466357 0.260825 -0.825022 0.486738 0.287096 -0.271721 0.616557 0.738936 -0.240586 0.614907 0.751005 -0.755363 0.535334 0.377947 -0.779167 0.517817 0.353219 -0.175561 0.585726 0.791267 -0.145378 0.581056 0.800774 -0.675421 0.573209 0.463938 -0.702166 0.558909 0.441116 -0.0841929 0.542018 0.836139 -0.0556816 0.534763 0.843166 -0.616268 0.588278 0.523586 -0.587385 0.599086 0.544128 -0.959712 0.277642 0.043214 -0.950321 0.302948 0.0715082 -0.493489 0.612038 0.617963 -0.523854 0.604778 0.599851 -0.927114 0.346641 0.142477 -0.913148 0.370388 0.170216 -0.427366 0.607735 0.669341 -0.396389 0.611465 0.684826 -0.861827 0.431572 0.266458 -0.880058 0.409925 0.239706 -0.329475 0.596874 0.731565 -0.298535 0.597253 0.744423 -0.797752 0.48451 0.358945 -0.819737 0.465507 0.333668 -0.232707 0.572369 0.786283 -0.20264 0.569684 0.796491 -0.747737 0.511494 0.423395 -0.722595 0.527464 0.446809 -0.11105 0.529361 0.841097 -0.139741 0.534734 0.833386 -0.638339 0.559045 0.529142 -0.666006 0.546362 0.507863 -0.969542 0.240177 0.0479841 -0.979861 0.198123 0.0249005 -0.972188 0.231107 0.037944 -0.0531513 0.484999 0.872898 -0.0213221 0.461136 0.887073 -0.0368832 0.480426 0.87626 -0.576774 0.568777 0.586366 -0.547397 0.577993 0.605211 -0.939279 0.309807 0.147561 -0.950983 0.28522 0.119507 -0.452071 0.583741 0.674447 -0.482382 0.578002 0.658195 -0.894431 0.374152 0.244957 -0.910559 0.351367 0.217768 -0.385543 0.573512 0.722801 -0.355041 0.5759 0.7364 -0.856309 0.410698 0.31315 -0.83622 0.431094 0.33896 -0.288755 0.555278 0.779928 -0.258849 0.554555 0.790864 -0.789696 0.46118 0.40459 -0.766215 0.478752 0.428616 -0.194786 0.523775 0.829288 -0.165955 0.520276 0.837718 -0.686307 0.515654 0.512917 -0.712513 0.501229 0.491015 -0.984488 0.171543 0.0368406 -0.994663 0.099513 0.0272547 -0.988757 0.149038 0.012126 -0.105994 0.479771 0.870968 -0.0789698 0.473942 0.877008 -0.626794 0.529435 0.571689 -0.598648 0.540499 0.59117 -0.960842 0.247643 0.124325 -0.970219 0.222381 0.0960286 -0.0203532 0.417494 0.908452 -0.0164326 0.368484 0.929489 -0.0424364 0.370354 0.927921 -0.0317913 0.421848 0.906109 -0.0060294 0.373335 0.927677 -0.535072 0.54471 0.645747 -0.505623 0.5524 0.662721 -0.936617 0.29096 0.195169 -0.922696 0.314703 0.222697 -0.409807 0.550898 0.727028 -0.439696 0.546541 0.712714 -0.888695 0.353625 0.291841 -0.870651 0.37523 0.318071 -0.343407 0.534616 0.772177 -0.313715 0.535842 0.783872 -0.827775 0.408311 0.384799 -0.806087 0.427359 0.409376 -0.248827 0.509274 0.823848 -0.22005 0.507661 0.832982 -0.730822 0.469361 0.495579 -0.755541 0.453239 0.473004 -0.998751 0.0498639 -0.00313329 -0.994339 0.104606 0.0186564 -0.158402 0.471113 0.867734 -0.131134 0.467045 0.874456 -0.646882 0.49979 0.57598 -0.673907 0.486858 0.555715 -0.977714 0.18425 0.100633 -0.98474 0.158404 0.0720826 -0.0675622 0.36366 0.929079 -0.0471332 0.372996 0.926635 -0.0747657 0.421168 0.903896 -0.0494437 0.415085 0.908438 -0.585164 0.508056 0.63203 -0.556688 0.517647 0.649723 -0.958116 0.228963 0.172018 -0.946463 0.253521 0.199836 -0.491774 0.516027 0.701337 -0.462592 0.522317 0.716376 -0.916781 0.294557 0.269719 -0.900792 0.317333 0.296433 -0.367194 0.513533 0.775534 -0.396363 0.510387 0.763152 -0.842049 0.373452 0.389214 -0.861866 0.35302 0.364094 -0.301556 0.491264 0.817143 -0.273086 0.491526 0.826938 -0.771851 0.420209 0.477148 -0.794855 0.40256 0.454038 -0.182752 0.456757 0.870617 -0.210033 0.459038 0.863232 -0.717613 0.441387 0.538711 -0.692102 0.455979 0.559533 -0.994451 0.0936943 0.0478496 -0.989831 0.119907 0.0765276 -0.124156 0.414699 0.901449 -0.0943119 0.364332 0.926481 -0.118411 0.353904 0.927756 -0.0936076 0.365045 0.926272 -0.0985949 0.410278 0.906615 -0.632311 0.468264 0.617181 -0.605053 0.479641 0.635496 -0.965584 0.191074 0.17646 -0.974945 0.165776 0.148325 -0.541445 0.482238 0.688682 -0.513068 0.490422 0.704448 -0.940399 0.233776 0.246979 -0.926598 0.257517 0.274047 -0.447435 0.482786 0.752807 -0.418753 0.487837 0.765938 -0.873922 0.317337 0.368181 -0.891704 0.29572 0.342656 -0.352978 0.469851 0.809103 -0.324663 0.471977 0.819654 -0.830309 0.349391 0.434181 -0.809095 0.36847 0.457815 -0.260649 0.443621 0.857474 -0.233454 0.443121 0.86553 -0.733853 0.409359 0.542112 -0.757893 0.393111 0.520636 -0.997127 0.0548789 0.0522066 -0.999592 -1.2482e-09 0.0285555 -0.998568 0.0397754 0.0357752 -0.144594 0.34929 0.925791 -0.168903 0.339128 0.925453 -0.139389 0.354152 0.924742 -0.147383 0.40222 0.903602 -0.173034 0.404964 0.89781 -0.650393 0.438586 0.620186 -0.676501 0.425412 0.601142 -0.987026 0.101601 0.124325 -0.980039 0.1274 0.152622 -0.56107 0.455321 0.691291 -0.588499 0.445298 0.674818 -0.947863 0.196245 0.251086 -0.959395 0.171727 0.223766 -0.496277 0.451983 0.741229 -0.468304 0.458889 0.755058 -0.917261 0.236526 0.32045 -0.901503 0.259317 0.346478 -0.402549 0.445176 0.799857 -0.374792 0.449127 0.811059 -0.861734 0.294045 0.413464 -0.842363 0.314486 0.437633 -0.282952 0.426266 0.859206 -0.309884 0.424997 0.850499 -0.79446 0.342296 0.501664 -0.772107 0.360031 0.523669 -0.998684 -0.0498605 0.0120189 -0.999229 -0.0137576 0.0367622 -0.183667 0.338387 0.922909 -0.19388 0.32964 0.923985 -0.221044 0.392063 0.892987 -0.195433 0.390997 0.899404 -0.692637 0.394682 0.603722 -0.717322 0.379865 0.584082 -0.994299 0.0367517 0.100098 -0.989707 0.0629265 0.128531 -0.606396 0.417132 0.676968 -0.632608 0.405393 0.659897 -0.964499 0.133728 0.227727 -0.973759 0.108461 0.200076 -0.515681 0.426653 0.742994 -0.542682 0.417982 0.728551 -0.938307 0.17586 0.297746 -0.924752 0.199547 0.32406 -0.423052 0.423019 0.8013 -0.45015 0.417286 0.789454 -0.888919 0.236818 0.392098 -0.871569 0.258401 0.416649 -0.357723 0.403156 0.842318 -0.331085 0.406183 0.851703 -0.806511 0.308472 0.504366 -0.827136 0.289313 0.481814 -0.995674 -0.0867507 0.0332782 -0.988607 -0.149015 0.0212464 -0.995029 -0.0995497 -0.00264201 -0.267906 0.376103 0.887003 -0.242453 0.376706 0.894041 -0.754731 0.331671 0.566018 -0.731497 0.348095 0.586296 -0.994548 -0.00191629 0.104257 -0.996727 -0.0283347 0.0757141 -0.673662 0.362626 0.643957 -0.648723 0.376024 0.661638 -0.976464 0.0701865 0.203942 -0.983367 0.0444121 0.176117 -0.586522 0.38104 0.714703 -0.56039 0.391492 0.729861 -0.954772 0.113969 0.274631 -0.943458 0.138429 0.301205 -0.495693 0.386289 0.777862 -0.469218 0.393801 0.790415 -0.911826 0.177853 0.370057 -0.896487 0.200567 0.395075 -0.377646 0.383022 0.843017 -0.4038 0.378267 0.832982 -0.855823 0.234249 0.461189 -0.837029 0.254721 0.484251 -0.313482 0.357105 0.879889 -0.288303 0.359365 0.887546 -0.766829 0.299094 0.567905 -0.788358 0.281271 0.547155 -0.994299 -0.093424 0.0513906 -0.994549 -0.06699 0.0799023 -0.208269 0.323561 0.923002 -0.203509 0.296654 0.933049 -0.219704 0.276813 0.93547 -0.227422 0.323459 0.918506 -0.711463 0.317326 0.626997 -0.68782 0.332357 0.645324 -0.988177 -0.0200204 0.152004 -0.983659 0.00610058 0.17994 -0.602496 0.353433 0.7156 -0.627489 0.341318 0.699828 -0.966622 0.0510788 0.251062 -0.957548 0.0763052 0.277992 -0.538675 0.352516 0.76522 -0.513134 0.361705 0.778372 -0.93029 0.117615 0.347458 -0.917063 0.141298 0.372867 -0.447879 0.35041 0.822568 -0.422405 0.35684 0.83321 -0.863485 0.199109 0.46341 -0.880312 0.177496 0.439939 -0.332772 0.339049 0.879948 -0.35756 0.335155 0.871678 -0.798363 0.247915 0.548775 -0.818184 0.228724 0.527504 -0.979598 -0.19807 0.0339971 -0.987773 -0.152223 0.0336468 -0.989707 -0.13184 0.0556596 -0.246959 0.308795 0.918508 -0.243901 0.266861 0.932361 -0.265986 0.253179 0.930135 -0.270411 0.307148 0.912435 -0.239026 0.284079 0.928529 -0.72365 0.286173 0.628041 -0.745812 0.269639 0.609147 -0.986058 -0.058312 0.155853 -0.988177 -0.0846758 0.12781 -0.665307 0.299093 0.684039 -0.641627 0.312758 0.700356 -0.973741 -0.0123678 0.227324 -0.967012 0.0133156 0.254383 -0.554528 0.326769 0.765324 -0.579145 0.315913 0.751525 -0.944179 0.0563604 0.324575 -0.933199 0.0807346 0.350173 -0.465035 0.327825 0.822358 -0.489782 0.319746 0.811095 -0.900495 0.119262 0.418192 -0.885725 0.141863 0.442003 -0.37565 0.315849 0.871279 -0.399934 0.310347 0.862402 -0.826033 0.194747 0.528907 -0.84402 0.174333 0.507187 -0.979875 -0.196852 0.0330684 -0.968951 -0.246743 0.0158815 -0.274213 0.253294 0.927712 -0.285406 0.236094 0.928872 -0.288881 0.291292 0.911974 -0.312126 0.288107 0.905302 -0.776491 0.21988 0.59052 -0.755948 0.237791 0.609917 -0.983367 -0.149108 0.103707 -0.983659 -0.12272 0.131738 -0.677572 0.26964 0.684245 -0.69997 0.254425 0.667315 -0.971745 -0.0500562 0.230663 -0.976122 -0.0761197 0.203449 -0.616761 0.276814 0.736872 -0.593247 0.289244 0.751263 -0.953495 -0.00577521 0.301354 -0.94474 0.0193004 0.327253 -0.505399 0.296114 0.810486 -0.52931 0.286435 0.798615 -0.903619 0.0833343 0.420153 -0.916325 0.0597783 0.395949 -0.440298 0.282884 0.852124 -0.416671 0.289947 0.861578 -0.849658 0.13995 0.508424 -0.865766 0.118383 0.486246 -0.938759 -0.341701 0.0444086 -0.955571 -0.294724 -0.00464877 -0.962448 -0.269242 0.0346863 -0.308681 0.221084 0.925115 -0.352334 0.266317 0.897182 -0.32959 0.270994 0.904396 -0.307869 0.223154 0.924889 -0.803419 0.168187 0.571166 -0.784549 0.18741 0.591068 -0.973758 -0.213162 0.079735 -0.976463 -0.186824 0.10778 -0.73119 0.207595 0.64982 -0.710298 0.224193 0.667244 -0.973737 -0.139899 0.179623 -0.971742 -0.11367 0.206872 -0.651313 0.235375 0.721381 -0.62909 0.24926 0.736285 -0.95816 -0.0682665 0.277973 -0.951701 -0.0427107 0.304041 -0.543375 0.261757 0.797639 -0.566247 0.250575 0.785224 -0.917139 0.0237722 0.397859 -0.927674 -0.000523387 0.37339 -0.455679 0.261381 0.850903 -0.478493 0.252823 0.840907 -0.869171 0.0837308 0.487371 -0.883275 0.0611957 0.464845 -0.390803 0.24201 0.88809 -0.368554 0.248168 0.895868 -0.809348 0.135263 0.571542 -0.826405 0.114895 0.55123 -0.959396 -0.276433 0.0560797 -0.964498 -0.250371 0.0840077 -0.739498 0.17682 0.649521 -0.758859 0.158877 0.631579 -0.967009 -0.177029 0.183177 -0.96662 -0.203344 0.155876 -0.661817 0.207021 0.720514 -0.682769 0.191685 0.705042 -0.954021 -0.105032 0.280734 -0.958164 -0.130982 0.254491 -0.578641 0.22503 0.783923 -0.600432 0.212381 0.770958 -0.934527 -0.0613975 0.350557 -0.926185 -0.0364348 0.375305 -0.492385 0.23039 0.839331 -0.51446 0.220311 0.82873 -0.884435 0.0264372 0.465914 -0.896509 0.00299219 0.443015 -0.405705 0.22292 0.886403 -0.427434 0.215283 0.87804 -0.830176 0.0816604 0.551488 -0.845381 0.0602139 0.53076 -0.947862 -0.312868 0.0605958 -0.92063 -0.388082 0.0428123 -0.940342 -0.338659 0.0326709 -0.341921 0.197445 0.918752 -0.323138 0.198976 0.925198 -0.313277 0.164025 0.935389 -0.336514 0.147361 0.930077 -0.325287 0.201772 0.923838 -0.765143 0.127551 0.6311 -0.782828 0.108415 0.612721 -0.954772 -0.266255 0.132361 -0.957549 -0.240037 0.159631 -0.710832 0.146145 0.688011 -0.691356 0.162766 0.703942 -0.951709 -0.167351 0.257377 -0.953502 -0.193447 0.23111 -0.611048 0.186199 0.769383 -0.631711 0.172118 0.755855 -0.936807 -0.12259 0.327664 -0.930734 -0.0972075 0.35254 -0.547898 0.1856 0.815696 -0.526769 0.197105 0.82684 -0.895421 -0.0317983 0.444084 -0.905337 -0.0558707 0.421003 -0.461874 0.186238 0.867172 -0.441044 0.195212 0.875998 -0.860224 0.00448554 0.509897 -0.846977 0.0268373 0.530952 -0.900698 -0.433726 0.024977 -0.928437 -0.370567 0.0261688 -0.35635 0.180639 0.916725 -0.376349 0.173981 0.909996 -0.347274 0.124069 0.92952 -0.337045 0.147344 0.929887 -0.802992 0.0565866 0.593298 -0.787024 0.076852 0.612116 -0.938306 -0.328119 0.109179 -0.943455 -0.302159 0.136352 -0.717492 0.116685 0.686724 -0.735494 0.0987917 0.670291 -0.944745 -0.229377 0.234187 -0.944184 -0.255564 0.207853 -0.659902 0.129867 0.740043 -0.640575 0.145228 0.754037 -0.930726 -0.158115 0.32977 -0.934516 -0.183806 0.304786 -0.558662 0.161535 0.813513 -0.578542 0.148794 0.801966 -0.901993 -0.090636 0.42213 -0.909754 -0.115308 0.398813 -0.474142 0.165234 0.864805 -0.494073 0.15495 0.855501 -0.870874 -0.0521883 0.488727 -0.859638 -0.0290399 0.510077 -0.898365 -0.438233 0.0298547 -0.878226 -0.478219 0.00512169 -0.409125 0.148248 0.900355 -0.364099 0.102156 0.925741 -0.361321 0.113595 0.925496 -0.389602 0.156263 0.90763 -0.819218 0.0035329 0.573472 -0.805107 0.024732 0.592614 -0.91726 -0.388788 0.0864713 -0.924755 -0.363251 0.113481 -0.740166 0.0690567 0.668869 -0.756531 0.0500641 0.652039 -0.933199 -0.290774 0.211166 -0.930289 -0.316819 0.184903 -0.666939 0.102479 0.738032 -0.684866 0.0859034 0.723588 -0.926185 -0.218839 0.307068 -0.927677 -0.244711 0.282013 -0.606499 0.10999 0.78744 -0.58765 0.124091 0.799543 -0.90976 -0.174827 0.376527 -0.904191 -0.149677 0.400045 -0.504839 0.133275 0.852863 -0.524011 0.121604 0.842986 -0.877308 -0.109377 0.467299 -0.868112 -0.0855054 0.488948 -0.852803 -0.521158 -0.0334909 -0.86208 -0.505049 0.0417519 -0.439853 0.12047 0.889953 -0.421119 0.129719 0.897681 -0.831471 -0.050501 0.553268 -0.81923 -0.0284044 0.572762 -0.891719 -0.447989 0.0643709 -0.901514 -0.423043 0.0911413 -0.759225 0.0199818 0.650522 -0.773909 -4.2817e-05 0.633296 -0.911827 -0.377079 0.162426 -0.917061 -0.351366 0.188524 -0.706475 0.0404127 0.706584 -0.690053 0.0580826 0.721425 -0.917139 -0.27911 0.284524 -0.916325 -0.305015 0.259452 -0.631453 0.0695178 0.772291 -0.6139 0.0847847 0.784818 -0.905343 -0.234165 0.354289 -0.902005 -0.20872 0.37792 -0.551207 0.0864959 0.829873 -0.533281 0.0992478 0.840096 -0.879439 -0.166807 0.445828 -0.872375 -0.142476 0.467614 -0.468317 0.0908177 0.878881 -0.450546 0.101192 0.886999 -0.839691 -0.105102 0.532798 -0.829388 -0.0822484 0.552586 -0.873908 -0.481106 0.0694451 -0.861844 -0.505354 0.0429252 -0.358235 0.0740949 0.930687 -0.385552 0.0824195 0.918998 -0.352734 0.0476723 0.934509 -0.373512 0.0881735 0.923425 -0.787534 -0.0510819 0.614151 -0.774591 -0.0301167 0.631745 -0.896493 -0.410628 0.16639 -0.888925 -0.436022 0.140347 -0.709778 0.0123232 0.704318 -0.724683 -0.00641992 0.689053 -0.900493 -0.364497 0.237182 -0.903617 -0.338677 0.262248 -0.653339 0.027478 0.756567 -0.637134 0.0438468 0.769505 -0.896498 -0.293085 0.332253 -0.89541 -0.267536 0.355902 -0.575814 0.0496122 0.816074 -0.558928 0.0635709 0.826776 -0.87731 -0.224239 0.424316 -0.872375 -0.199465 0.44629 -0.477697 0.070789 0.875668 -0.494665 0.0592014 0.867065 -0.843804 -0.160216 0.512178 -0.835506 -0.136758 0.53219 -0.84205 -0.537218 0.0484555 -0.825915 -0.563125 0.0274598 -0.836693 -0.546326 0.0383637 -0.412497 0.0562973 0.909218 -0.368168 0.0238708 0.929453 -0.379129 -0.00183735 0.925342 -0.369098 0.0330252 0.928804 -0.396016 0.0656096 0.915897 -0.786206 -0.0812505 0.6126 -0.797252 -0.102875 0.594816 -0.861716 -0.493263 0.118899 -0.871554 -0.468459 0.144707 -0.726087 -0.0346779 0.686727 -0.739305 -0.0542653 0.671181 -0.880312 -0.422675 0.215398 -0.885717 -0.397187 0.240309 -0.657249 0.00157293 0.753672 -0.672041 -0.0158234 0.740345 -0.884426 -0.325796 0.334138 -0.883265 -0.351318 0.310512 -0.597609 0.0112173 0.801709 -0.581942 0.026238 0.812807 -0.868119 -0.256444 0.424978 -0.870882 -0.281449 0.402928 -0.518514 0.0261688 0.854668 -0.502545 0.0388389 0.863678 -0.843799 -0.215337 0.491561 -0.837559 -0.191465 0.511699 -0.765854 -0.642633 0.0221512 -0.796962 -0.603645 0.0215437 -0.804445 -0.592916 0.0363212 -0.43739 0.0285038 0.89882 -0.421762 0.0388397 0.905874 -0.381418 -0.00423539 0.924393 -0.79392 -0.132882 0.593324 -0.803135 -0.155271 0.575209 -0.842375 -0.5245 0.123707 -0.830312 -0.548584 0.0981709 -0.750399 -0.103071 0.652899 -0.738804 -0.0825507 0.668845 -0.855808 -0.479476 0.194152 -0.863478 -0.454401 0.218919 -0.687451 -0.0603436 0.72372 -0.674189 -0.0420709 0.73736 -0.869171 -0.383085 0.312711 -0.865761 -0.408517 0.289086 -0.61645 -0.0284531 0.78688 -0.602113 -0.0124944 0.798313 -0.86023 -0.338101 0.381696 -0.859645 -0.312932 0.403838 -0.524988 0.00525683 0.851094 -0.539888 -0.00844084 0.841694 -0.839685 -0.27045 0.470942 -0.835501 -0.246175 0.49126 -0.762435 -0.646456 0.0280733 -0.733049 -0.680173 0.0022015 -0.445364 0.010585 0.895287 -0.460127 -0.000760183 0.887853 -0.805084 -0.207871 0.555545 -0.797813 -0.184992 0.573822 -0.79486 -0.601721 0.0782939 -0.809075 -0.578523 0.103481 -0.343869 -0.0256466 0.938668 -0.383257 -0.0121253 0.923562 -0.75777 -0.152341 0.63449 -0.747994 -0.131249 0.650599 -0.837028 -0.510036 0.198109 -0.827142 -0.534515 0.173581 -0.687805 -0.0865391 0.720719 -0.699524 -0.105651 0.706757 -0.844037 -0.464434 0.268148 -0.849676 -0.439303 0.291655 -0.619308 -0.0523784 0.783399 -0.632389 -0.0693615 0.77154 -0.84538 -0.393824 0.36088 -0.846975 -0.368803 0.382907 -0.544923 -0.0298625 0.837954 -0.558572 -0.0443993 0.828267 -0.831458 -0.325103 0.450539 -0.829374 -0.300703 0.470867 -0.697728 -0.715402 -0.0370979 -0.711889 -0.700902 0.0441681 -0.466897 -0.0193579 0.8841 -0.480607 -0.0315552 0.876368 -0.797809 -0.237145 0.554313 -0.803124 -0.26045 0.535871 -0.771846 -0.630217 0.084147 -0.755542 -0.652406 0.0593497 -0.401191 -0.0312279 0.915462 -0.358888 -0.0520582 0.931928 -0.363812 -0.0789288 0.928122 -0.362075 -0.046404 0.930993 -0.387922 -0.0212699 0.921447 -0.753473 -0.180311 0.632271 -0.761489 -0.20208 0.615871 -0.794442 -0.587562 0.153729 -0.806518 -0.563772 0.178019 -0.698086 -0.131922 0.703756 -0.708201 -0.151779 0.689503 -0.826043 -0.494105 0.271133 -0.818195 -0.51881 0.247776 -0.64512 -0.111093 0.755962 -0.633594 -0.0934883 0.767997 -0.826407 -0.448507 0.34043 -0.830179 -0.423604 0.362439 -0.574513 -0.0814015 0.814438 -0.562091 -0.0660216 0.824436 -0.819231 -0.354534 0.45074 -0.819219 -0.379135 0.430275 -0.486048 -0.0505311 0.87247 -0.498864 -0.0637203 0.864334 -0.797252 -0.312859 0.516244 -0.793916 -0.289211 0.534841 -0.712492 -0.700456 0.0414312 -0.730808 -0.679404 0.0658026 -0.420649 -0.0581687 0.905357 -0.368053 -0.107129 0.923613 -0.407993 -0.0471818 0.911765 -0.366573 -0.0826041 0.926715 -0.76149 -0.251856 0.597244 -0.755329 -0.229669 0.613784 -0.757897 -0.638314 0.134711 -0.772094 -0.615378 0.158685 -0.704992 -0.177774 0.686573 -0.713424 -0.198208 0.672116 -0.79835 -0.547285 0.251229 -0.788364 -0.571339 0.228153 -0.654828 -0.153624 0.74 -0.644664 -0.135112 0.752432 -0.803417 -0.501812 0.320477 -0.809348 -0.477211 0.342383 -0.576518 -0.103215 0.810539 -0.587781 -0.119541 0.80014 -0.802994 -0.432133 0.41044 -0.805106 -0.407697 0.430799 -0.514633 -0.0967805 0.851931 -0.502911 -0.0827924 0.860364 -0.787516 -0.364599 0.496876 -0.786191 -0.340882 0.515464 -0.686306 -0.725695 0.0484802 -0.66144 -0.749463 0.0283141 -0.677663 -0.734382 0.038147 -0.437914 -0.0862378 0.894871 -0.426333 -0.0746228 0.901483 -0.757783 -0.301546 0.578649 -0.753487 -0.279 0.595329 -0.717615 -0.686604 0.116634 -0.733867 -0.664658 0.140244 -0.708452 -0.223945 0.669286 -0.715197 -0.244941 0.654597 -0.754707 -0.621789 0.209276 -0.76682 -0.598424 0.232111 -0.661249 -0.196659 0.72393 -0.652702 -0.177708 0.736478 -0.776477 -0.553541 0.301125 -0.784541 -0.529385 0.322872 -0.598061 -0.158134 0.785695 -0.588257 -0.141307 0.796233 -0.787024 -0.45978 0.411334 -0.782828 -0.483988 0.39107 -0.527844 -0.130825 0.839205 -0.517345 -0.116212 0.847849 -0.774586 -0.391937 0.496388 -0.773903 -0.415717 0.47776 -0.583524 -0.811592 0.0285931 -0.623324 -0.781639 0.0225086 -0.637094 -0.769838 0.0382195 -0.453101 -0.115307 0.88397 -0.442368 -0.102849 0.890917 -0.747985 -0.32809 0.576953 -0.750392 -0.350876 0.560177 -0.67391 -0.732062 0.0996533 -0.692078 -0.711306 0.122769 -0.336674 -0.12398 0.933424 -0.335042 -0.150598 0.93009 -0.376401 -0.112198 0.919638 -0.366037 -0.10199 0.924995 -0.713412 -0.291661 0.637163 -0.70845 -0.270428 0.651896 -0.717333 -0.66996 0.191279 -0.731497 -0.647462 0.213787 -0.657484 -0.22046 0.720494 -0.664484 -0.239969 0.707726 -0.755936 -0.57978 0.303999 -0.745812 -0.603272 0.282537 -0.605493 -0.197674 0.77091 -0.597008 -0.18012 0.781753 -0.758845 -0.534453 0.372176 -0.765129 -0.510508 0.392376 -0.529183 -0.150398 0.835073 -0.538537 -0.165737 0.826141 -0.756526 -0.465777 0.459043 -0.759215 -0.442134 0.477609 -0.542498 -0.839955 0.0131307 -0.585819 -0.81004 0.0255149 -0.4564 -0.132366 0.879874 -0.466079 -0.145435 0.872708 -0.739333 -0.399596 0.54195 -0.738832 -0.376744 0.558741 -0.646894 -0.755113 0.10645 -0.626801 -0.774666 0.0837476 -0.337861 -0.155621 0.928242 -0.381111 -0.126427 0.915844 -0.335818 -0.180001 0.924568 -0.390505 -0.13712 0.910332 -0.704985 -0.316553 0.634658 -0.708202 -0.338139 0.619768 -0.692654 -0.694024 0.196369 -0.676483 -0.715559 0.174203 -0.664479 -0.283574 0.691413 -0.659063 -0.263584 0.704386 -0.711464 -0.65097 0.264684 -0.723659 -0.628139 0.285936 -0.609912 -0.237332 0.756096 -0.602922 -0.219429 0.76703 -0.731177 -0.583196 0.353925 -0.739497 -0.559749 0.373932 -0.546611 -0.20124 0.812846 -0.538492 -0.185315 0.822 -0.735508 -0.514534 0.440775 -0.740193 -0.491103 0.459273 -0.528363 -0.848416 0.0319867 -0.50001 -0.866018 -0.00174013 -0.468153 -0.162658 0.868547 -0.476722 -0.176234 0.861207 -0.726088 -0.424631 0.540819 -0.724681 -0.447511 0.523996 -0.598661 -0.795796 0.0911805 -0.57679 -0.813973 0.0689969 -0.402911 -0.163186 0.900574 -0.394195 -0.151673 0.906425 -0.698115 -0.362407 0.617491 -0.699554 -0.384203 0.602505 -0.650415 -0.737965 0.179912 -0.632341 -0.758371 0.158173 -0.657504 -0.30659 0.688252 -0.661273 -0.32682 0.675209 -0.687834 -0.674326 0.268641 -0.673686 -0.696251 0.247755 -0.605848 -0.258789 0.752314 -0.611452 -0.27732 0.741094 -0.699983 -0.629969 0.336398 -0.710301 -0.607137 0.356171 -0.552001 -0.237246 0.79938 -0.545178 -0.220859 0.808704 -0.717508 -0.53882 0.441424 -0.710852 -0.561875 0.423069 -0.411061 -0.910917 0.0354922 -0.456137 -0.889814 -0.0130661 -0.469393 -0.882181 0.0377845 -0.485101 -0.207698 0.849434 -0.477562 -0.193491 0.857027 -0.70651 -0.494248 0.506521 -0.709804 -0.471627 0.523208 -0.523812 -0.850022 0.0555304 -0.547378 -0.83332 0.0771732 -0.413324 -0.189917 0.890559 -0.405533 -0.177877 0.896606 -0.687798 -0.40786 0.600486 -0.687445 -0.429553 0.58558 -0.585181 -0.798142 0.143291 -0.605042 -0.779008 0.16453 -0.301879 -0.189946 0.934232 -0.294661 -0.215398 0.93101 -0.335763 -0.17979 0.924629 -0.33898 -0.183983 0.922628 -0.654794 -0.369837 0.65914 -0.65268 -0.349473 0.672218 -0.632601 -0.738993 0.231744 -0.648693 -0.71801 0.252307 -0.609935 -0.31723 0.726185 -0.605873 -0.298572 0.737409 -0.665326 -0.674648 0.319676 -0.677599 -0.652546 0.33918 -0.54921 -0.256584 0.79532 -0.554683 -0.273267 0.785908 -0.682766 -0.607426 0.406035 -0.691349 -0.584902 0.424178 -0.484706 -0.225084 0.84522 -0.491107 -0.239735 0.837461 -0.684861 -0.539797 0.489473 -0.690052 -0.517371 0.506117 -0.468409 -0.882447 0.0433603 -0.493532 -0.86734 0.0644032 -0.414882 -0.204742 0.88654 -0.421641 -0.217117 0.880386 -0.672032 -0.474046 0.568905 -0.67418 -0.452296 0.583875 -0.556681 -0.817007 0.150349 -0.535056 -0.834821 0.129574 -0.341944 -0.196201 0.91901 -0.291403 -0.245855 0.924467 -0.348736 -0.206524 0.914183 -0.296364 -0.219767 0.929446 -0.644642 -0.391935 0.656372 -0.645102 -0.412474 0.643202 -0.606392 -0.759052 0.236917 -0.588473 -0.778913 0.21678 -0.602897 -0.338055 0.722658 -0.605468 -0.357017 0.7113 -0.627469 -0.716899 0.303872 -0.641609 -0.695699 0.323019 -0.550515 -0.292484 0.781912 -0.554708 -0.309701 0.772259 -0.651348 -0.651074 0.389676 -0.661855 -0.629111 0.407637 -0.494792 -0.271896 0.825381 -0.489506 -0.256727 0.833352 -0.659898 -0.583785 0.473001 -0.666945 -0.56177 0.489489 -0.411476 -0.910813 0.0332716 -0.437171 -0.897815 0.0530191 -0.427986 -0.245011 0.869941 -0.42213 -0.232068 0.876328 -0.65332 -0.517351 0.55274 -0.657223 -0.495942 0.567538 -0.482413 -0.868076 0.117142 -0.505615 -0.85176 0.137329 -0.35084 -0.219111 0.91044 -0.356717 -0.229662 0.905543 -0.632369 -0.454145 0.627584 -0.633572 -0.43366 0.640723 -0.561077 -0.797266 0.222622 -0.54144 -0.81587 0.202974 -0.598079 -0.396396 0.696543 -0.597028 -0.377268 0.707973 -0.602489 -0.736381 0.307815 -0.586532 -0.756596 0.289037 -0.552015 -0.345847 0.758729 -0.549215 -0.328533 0.768394 -0.629087 -0.671368 0.391808 -0.616749 -0.692555 0.37415 -0.491943 -0.288987 0.821267 -0.495968 -0.304226 0.813303 -0.640542 -0.60459 0.473473 -0.631716 -0.625975 0.457264 -0.318328 -0.947362 0.0342278 -0.365113 -0.930442 0.0311554 -0.379007 -0.924451 0.0417622 -0.427404 -0.259805 0.865926 -0.432186 -0.272941 0.859488 -0.637113 -0.538195 0.551755 -0.631431 -0.559393 0.537005 -0.427326 -0.897864 0.105991 -0.45209 -0.883079 0.125639 -0.362975 -0.253136 0.896756 -0.357883 -0.242146 0.901823 -0.616452 -0.495093 0.612267 -0.619319 -0.474694 0.625388 -0.513116 -0.832363 0.209483 -0.49178 -0.849672 0.19029 -0.291005 -0.245229 0.924759 -0.29142 -0.245967 0.924432 -0.254452 -0.24695 0.935024 -0.243792 -0.271986 0.930908 -0.588261 -0.416037 0.693442 -0.587782 -0.435107 0.682051 -0.560439 -0.774406 0.293605 -0.542705 -0.793559 0.275201 -0.546596 -0.381748 0.745319 -0.545176 -0.36437 0.754995 -0.593197 -0.711408 0.37685 -0.579123 -0.731657 0.359575 -0.494758 -0.336721 0.801145 -0.491905 -0.321109 0.80927 -0.600423 -0.666308 0.442183 -0.611068 -0.645465 0.458226 -0.270756 -0.962316 0.0252719 -0.318568 -0.947289 0.0340213 -0.430497 -0.288052 0.855393 -0.434249 -0.301455 0.848854 -0.613899 -0.579109 0.536434 -0.606465 -0.599934 0.521803 -0.396376 -0.91083 0.115215 -0.370287 -0.923919 0.0962342 -0.363231 -0.265667 0.893019 -0.36748 -0.276991 0.887826 -0.597631 -0.534722 0.59742 -0.602134 -0.514611 0.610418 -0.462521 -0.864326 0.197523 -0.439714 -0.880134 0.178931 -0.292617 -0.255359 0.921503 -0.296827 -0.264311 0.917624 -0.236624 -0.304154 0.922768 -0.244166 -0.27351 0.930363 -0.574549 -0.473173 0.667833 -0.576551 -0.454196 0.679187 -0.515675 -0.809599 0.28041 -0.496315 -0.827508 0.262491 -0.538529 -0.417237 0.732052 -0.538483 -0.399759 0.741774 -0.554587 -0.748849 0.362848 -0.538727 -0.768214 0.345861 -0.491123 -0.369011 0.789068 -0.489502 -0.3533 0.797225 -0.56621 -0.704536 0.427826 -0.57864 -0.684354 0.44366 -0.255856 -0.966048 0.0358901 -0.222484 -0.97474 0.0195742 -0.431541 -0.316076 0.844907 -0.43427 -0.329803 0.838236 -0.578578 -0.638638 0.507335 -0.587657 -0.618477 0.521676 -0.311334 -0.946229 0.0878781 -0.338734 -0.934865 0.106242 -0.370224 -0.301286 0.878727 -0.366821 -0.289601 0.884067 -0.575854 -0.573099 0.583051 -0.581984 -0.553316 0.595933 -0.409807 -0.892825 0.186875 -0.385519 -0.907124 0.168823 -0.301247 -0.283813 0.91033 -0.297695 -0.274527 0.914337 -0.562103 -0.491375 0.665275 -0.558584 -0.510205 0.653969 -0.468296 -0.84182 0.2684 -0.447362 -0.85842 0.250962 -0.527863 -0.452186 0.71895 -0.529208 -0.43461 0.728734 -0.513137 -0.783811 0.349758 -0.495682 -0.802036 0.333223 -0.484737 -0.385118 0.785312 -0.485128 -0.40088 0.777139 -0.543389 -0.721083 0.429846 -0.529374 -0.740273 0.414438 -0.192604 -0.980661 0.0347469 -0.173632 -0.984633 0.0186902 -0.430495 -0.344299 0.834345 -0.432164 -0.358223 0.827593 -0.558673 -0.655852 0.507683 -0.547897 -0.675463 0.493517 -0.279398 -0.955093 0.0986583 -0.250936 -0.964607 0.0810176 -0.368669 -0.313679 0.875037 -0.371128 -0.325357 0.869716 -0.55121 -0.610023 0.569245 -0.558933 -0.590691 0.58196 -0.355051 -0.91784 0.177504 -0.329463 -0.9305 0.160075 -0.304207 -0.303676 0.902906 -0.301366 -0.294174 0.906995 -0.54491 -0.527561 0.65173 -0.539894 -0.546109 0.64053 -0.396388 -0.885989 0.240626 -0.418775 -0.870808 0.257529 -0.236269 -0.299109 0.924505 -0.196337 -0.292229 0.935978 -0.184214 -0.32026 0.929247 -0.23415 -0.293612 0.926804 -0.51465 -0.486221 0.706204 -0.517361 -0.46889 0.715877 -0.469192 -0.81595 0.337763 -0.450148 -0.833014 0.321643 -0.477612 -0.416538 0.773552 -0.476774 -0.432272 0.765393 -0.489767 -0.77363 0.402027 -0.505355 -0.755437 0.417052 -0.0747371 -0.997002 0.0200423 -0.124309 -0.99196 0.0237122 -0.129029 -0.991201 0.0295428 -0.427981 -0.386318 0.817062 -0.427392 -0.37233 0.823836 -0.514438 -0.710215 0.48057 -0.526743 -0.691475 0.494372 -0.218729 -0.971382 0.092595 -0.18923 -0.979016 0.075633 -0.368644 -0.337784 0.866028 -0.37021 -0.349636 0.860639 -0.53322 -0.62641 0.568583 -0.524002 -0.645068 0.556156 -0.298597 -0.939206 0.169503 -0.271751 -0.95018 0.152673 -0.305726 -0.323653 0.895422 -0.303579 -0.313834 0.899638 -0.518489 -0.580778 0.627587 -0.524968 -0.562641 0.638627 -0.367189 -0.896501 0.247909 -0.343427 -0.910187 0.231555 -0.237027 -0.309079 0.921026 -0.173044 -0.356065 0.918299 -0.234793 -0.301717 0.924034 -0.183414 -0.314177 0.931478 -0.498862 -0.51934 0.693846 -0.502913 -0.502331 0.70338 -0.402551 -0.860881 0.311185 -0.42305 -0.845115 0.326816 -0.468092 -0.447532 0.761975 -0.466031 -0.463155 0.753858 -0.447849 -0.804322 0.390509 -0.465052 -0.7871 0.405216 -0.0248854 -0.999589 0.0142094 -0.0645564 -0.997433 0.0309721 -0.0117874 -0.999636 0.0242694 -0.0217543 -0.997117 0.0727012 -0.422128 -0.400267 0.813384 -0.421644 -0.414044 0.806711 -0.478485 -0.742765 0.468351 -0.492438 -0.724729 0.481947 -0.157069 -0.983664 0.0879503 -0.126708 -0.989345 0.0717088 -0.3675 -0.373738 0.851624 -0.366844 -0.36182 0.857036 -0.504838 -0.66035 0.555946 -0.49404 -0.678485 0.543674 -0.240594 -0.956864 0.162868 -0.212749 -0.966025 0.146744 -0.30435 -0.333792 0.892163 -0.305734 -0.343638 0.887941 -0.494627 -0.613915 0.615186 -0.50256 -0.596212 0.626071 -0.288813 -0.930846 0.223859 -0.313738 -0.91879 0.239572 -0.238759 -0.324514 0.915251 -0.237071 -0.316962 0.918331 -0.480619 -0.551468 0.681827 -0.486051 -0.534623 0.691326 -0.374768 -0.871223 0.317047 -0.352958 -0.88557 0.30197 -0.453051 -0.493286 0.742572 -0.456354 -0.477716 0.750686 -0.422349 -0.81617 0.39432 -0.403787 -0.832146 0.380116 -0.413291 -0.441425 0.796451 -0.414865 -0.427461 0.803221 -0.455651 -0.755794 0.470274 -0.440334 -0.772745 0.457134 -0.0364253 -0.996031 0.0812106 -0.0944956 -0.991902 0.0848641 -0.0271353 -0.99229 0.120933 -0.0634945 -0.995566 0.0694017 -0.362954 -0.397786 0.842633 -0.363212 -0.385802 0.848077 -0.461901 -0.709683 0.531975 -0.474131 -0.692335 0.543941 -0.152766 -0.97796 0.142329 -0.181449 -0.970671 0.157714 -0.303592 -0.353788 0.884684 -0.304218 -0.363569 0.880494 -0.468369 -0.645418 0.603379 -0.477723 -0.628248 0.614072 -0.25882 -0.937499 0.23261 -0.232705 -0.94792 0.217477 -0.239306 -0.340234 0.909381 -0.238202 -0.332671 0.912463 -0.466872 -0.565782 0.679648 -0.460132 -0.582204 0.670311 -0.301575 -0.906999 0.293948 -0.324707 -0.894081 0.30852 -0.170723 -0.328392 0.928985 -0.130498 -0.324097 0.93698 -0.117771 -0.363668 0.924054 -0.172944 -0.338259 0.925025 -0.442418 -0.507116 0.739662 -0.43792 -0.522393 0.731664 -0.357721 -0.857082 0.370738 -0.377739 -0.842281 0.384547 -0.405569 -0.454361 0.793139 -0.402943 -0.468063 0.786482 -0.399887 -0.800266 0.446838 -0.416658 -0.784303 0.459634 -0.357909 -0.409294 0.839273 -0.356745 -0.421138 0.833892 -0.440978 -0.722302 0.532746 -0.427351 -0.738803 0.521096 -0.0919062 -0.985974 0.139312 -0.121522 -0.98056 0.15406 -0.301351 -0.373515 0.877311 -0.301232 -0.383477 0.873043 -0.450563 -0.658601 0.602692 -0.439866 -0.675089 0.592261 -0.175503 -0.96128 0.212459 -0.202613 -0.952598 0.226947 -0.238755 -0.355982 0.903478 -0.238197 -0.347997 0.906731 -0.437384 -0.611537 0.659332 -0.445402 -0.595614 0.668477 -0.273069 -0.913634 0.301174 -0.248803 -0.924997 0.287188 -0.171592 -0.339748 0.924731 -0.116729 -0.340284 0.933049 -0.102145 -0.411004 0.905893 -0.170734 -0.333985 0.926987 -0.42063 -0.550464 0.721152 -0.426304 -0.535535 0.729018 -0.309942 -0.878899 0.362591 -0.331105 -0.865519 0.375827 -0.394225 -0.480593 0.783337 -0.390571 -0.49401 0.776794 -0.357649 -0.824978 0.437605 -0.375648 -0.810225 0.449916 -0.348709 -0.444276 0.82524 -0.350788 -0.432464 0.830616 -0.390792 -0.765547 0.511097 -0.405735 -0.749995 0.522385 -0.0384376 -0.989199 0.14145 -0.0608366 -0.986535 0.151812 -0.00684599 -0.9856 0.168952 -0.297702 -0.393053 0.86999 -0.296833 -0.402942 0.865753 -0.421146 -0.687131 0.59202 -0.409123 -0.702901 0.58185 -0.145425 -0.963988 0.222661 -0.117541 -0.97085 0.208888 -0.237082 -0.36363 0.900869 -0.237038 -0.371482 0.897672 -0.421706 -0.624004 0.657863 -0.412481 -0.6393 0.648964 -0.22002 -0.929776 0.295139 -0.194764 -0.939504 0.281778 -0.171595 -0.350711 0.920629 -0.171195 -0.345238 0.922769 -0.401265 -0.577323 0.711115 -0.408061 -0.562874 0.718791 -0.260632 -0.897542 0.355653 -0.282922 -0.885594 0.368345 -0.0567115 -0.322647 0.944819 -0.10286 -0.395377 0.912742 -0.376355 -0.519102 0.767392 -0.381094 -0.505798 0.77391 -0.332754 -0.833382 0.441304 -0.313467 -0.846963 0.429409 -0.341939 -0.455197 0.822115 -0.338961 -0.466844 0.8168 -0.352346 -0.789877 0.501944 -0.36864 -0.775256 0.512915 -0.290965 -0.422164 0.858555 -0.292589 -0.412315 0.862779 -0.376427 -0.728594 0.572236 -0.38967 -0.713685 0.582075 -0.0876028 -0.971598 0.219827 -0.0319475 -0.97577 0.216453 -0.0588465 -0.976638 0.206674 -0.0261056 -0.964296 0.263535 -0.0306457 -0.975517 0.217778 -0.234115 -0.386834 0.891936 -0.23473 -0.379257 0.895023 -0.395976 -0.650726 0.647888 -0.385533 -0.665413 0.63921 -0.13979 -0.950452 0.277668 -0.165986 -0.942394 0.290418 -0.170765 -0.35635 0.918615 -0.170753 -0.362 0.916406 -0.379916 -0.602911 0.701543 -0.38786 -0.588882 0.709072 -0.210005 -0.912962 0.349855 -0.233456 -0.90245 0.362054 -0.103254 -0.348538 0.93159 -0.0588956 -0.347764 0.935731 -0.102996 -0.345064 0.932911 -0.0449431 -0.42889 0.902238 -0.360254 -0.543247 0.758354 -0.366 -0.530309 0.764733 -0.267878 -0.866 0.422238 -0.288372 -0.853672 0.433689 -0.327694 -0.488497 0.808695 -0.331535 -0.477134 0.813897 -0.312131 -0.811613 0.49382 -0.329518 -0.79817 0.504324 -0.285989 -0.431342 0.85566 -0.283627 -0.441035 0.851495 -0.342004 -0.752009 0.563485 -0.356367 -0.738063 0.572944 -0.231316 -0.394239 0.88942 -0.230099 -0.40197 0.88627 -0.356719 -0.689728 0.630101 -0.368366 -0.675692 0.63855 -0.0842104 -0.957762 0.274956 -0.111092 -0.951463 0.287015 -0.169497 -0.367623 0.914398 -0.169057 -0.373312 0.912172 -0.356774 -0.627004 0.692515 -0.365813 -0.613512 0.699846 -0.182678 -0.916093 0.356935 -0.158429 -0.924992 0.345384 -0.103013 -0.355211 0.929093 -0.018857 -0.541803 0.840294 -0.0466133 -0.351413 0.935059 -0.103015 -0.351774 0.930399 -0.342419 -0.56621 0.74977 -0.349104 -0.553771 0.755952 -0.242391 -0.871082 0.427157 -0.221039 -0.881945 0.41631 -0.319485 -0.498348 0.805964 -0.314718 -0.509589 0.800795 -0.270486 -0.830623 0.486726 -0.288908 -0.81839 0.496759 -0.278118 -0.449672 0.848791 -0.275017 -0.459219 0.844679 -0.321229 -0.760214 0.564701 -0.305674 -0.773252 0.555558 -0.224901 -0.416959 0.880661 -0.226705 -0.409296 0.883788 -0.338959 -0.698836 0.629869 -0.326241 -0.71205 0.621732 -0.0556558 -0.9569 0.285034 -0.0363428 -0.960164 0.277063 -0.00291468 -0.950675 0.310175 -0.166623 -0.384029 0.908162 -0.167449 -0.378633 0.910273 -0.341898 -0.636707 0.691166 -0.331891 -0.649485 0.684118 -0.10604 -0.933663 0.342095 -0.131236 -0.926333 0.353105 -0.0343003 -0.35329 0.934885 -0.102264 -0.362072 0.926523 -0.102544 -0.358353 0.927937 -0.330564 -0.575971 0.747653 -0.322939 -0.58793 0.741653 -0.195394 -0.885357 0.421858 -0.172955 -0.894863 0.411469 -0.305724 -0.518976 0.798246 -0.300164 -0.529765 0.793253 -0.227346 -0.846946 0.480621 -0.246884 -0.835885 0.490249 -0.265012 -0.476795 0.838114 -0.268752 -0.467663 0.842059 -0.268015 -0.792013 0.548528 -0.284599 -0.780031 0.557274 -0.220988 -0.424024 0.878275 -0.218681 -0.431329 0.875291 -0.307813 -0.720026 0.621943 -0.294093 -0.732348 0.614147 -0.163252 -0.394885 0.90411 -0.164449 -0.389692 0.906144 -0.31639 -0.658191 0.683141 -0.305368 -0.670319 0.67633 -0.0788718 -0.933227 0.350524 -0.0342721 -0.937389 0.346595 -0.0531178 -0.938855 0.34019 -0.0253324 -0.934257 0.355698 -0.0260427 -0.915896 0.40057 -0.0338908 -0.356019 0.933864 -0.101004 -0.368706 0.924042 -0.101485 -0.365519 0.925255 -0.301836 -0.608432 0.733966 -0.310481 -0.596854 0.739843 -0.12426 -0.904563 0.407831 -0.14741 -0.896587 0.417614 -0.290656 -0.538418 0.790965 -0.284253 -0.548865 0.786096 -0.203667 -0.850638 0.484701 -0.183279 -0.860363 0.475589 -0.253544 -0.493925 0.831717 -0.258022 -0.484953 0.83561 -0.246552 -0.797412 0.550769 -0.229036 -0.808262 0.542452 -0.211319 -0.445508 0.869981 -0.21429 -0.438074 0.873024 -0.260546 -0.750477 0.607372 -0.275214 -0.739095 0.614814 -0.160895 -0.3999 0.902326 -0.159151 -0.405524 0.900123 -0.277297 -0.689406 0.669198 -0.289269 -0.678013 0.675738 -0.0333244 -0.358514 0.932929 -0.0991789 -0.375464 0.921515 -0.0998782 -0.372397 0.922683 -0.288774 -0.616524 0.732467 -0.279339 -0.627406 0.726864 -0.0746737 -0.911095 0.405375 -0.0986698 -0.904621 0.414639 -0.267014 -0.566818 0.779373 -0.274171 -0.556857 0.784054 -0.138274 -0.870884 0.471638 -0.159504 -0.862505 0.480253 -0.241088 -0.510055 0.825664 -0.246315 -0.501265 0.829495 -0.188934 -0.821922 0.537354 -0.207304 -0.812254 0.545224 -0.206305 -0.452129 0.867766 -0.20289 -0.459128 0.864891 -0.241315 -0.755969 0.608504 -0.22572 -0.766387 0.601416 -0.156404 -0.410416 0.898385 -0.154367 -0.415596 0.896354 -0.247965 -0.706626 0.662717 -0.260929 -0.695948 0.669009 -0.0981223 -0.378193 0.920512 -0.0971207 -0.381453 0.919272 -0.0328716 -0.359993 0.932376 -0.255415 -0.644934 0.720294 -0.265744 -0.634627 0.725692 -0.0328226 -0.912856 0.406961 -0.049405 -0.909491 0.412778 -0.000462113 -0.895661 0.444738 -0.256217 -0.574248 0.777555 -0.2483 -0.583729 0.773051 -0.0925482 -0.878415 0.468852 -0.114404 -0.871474 0.476911 -0.227371 -0.525303 0.819975 -0.233059 -0.517155 0.82355 -0.147972 -0.832932 0.533224 -0.167151 -0.824477 0.540646 -0.197712 -0.465051 0.862924 -0.193719 -0.471914 0.860099 -0.206356 -0.770581 0.603011 -0.189807 -0.780032 0.596258 -0.148549 -0.425801 0.892539 -0.151012 -0.420679 0.894553 -0.217424 -0.721824 0.657037 -0.231049 -0.712134 0.662933 -0.0943783 -0.387849 0.916878 -0.0957159 -0.384419 0.918183 -0.0320927 -0.361998 0.931626 -0.241292 -0.651276 0.719456 -0.23037 -0.66072 0.714408 -0.228521 -0.599285 0.767226 -0.237142 -0.590351 0.771524 -0.036115 -0.881942 0.469973 -0.0689048 -0.877452 0.474689 -0.0463373 -0.882971 0.467134 -0.0183513 -0.872916 0.487525 -0.212494 -0.539746 0.814568 -0.218966 -0.531769 0.818093 -0.106126 -0.841252 0.530125 -0.126009 -0.834069 0.537076 -0.183253 -0.484452 0.855409 -0.187801 -0.4778 0.858159 -0.153043 -0.791208 0.592087 -0.170106 -0.782975 0.598343 -0.142395 -0.435007 0.889097 -0.145096 -0.4303 0.890948 -0.185902 -0.734925 0.65217 -0.200143 -0.726229 0.657673 -0.0926232 -0.390951 0.915739 -0.0911004 -0.394143 0.914523 -0.0309366 -0.36443 0.930717 -0.203962 -0.675006 0.709061 -0.21581 -0.666141 0.713921 -0.207464 -0.613602 0.761874 -0.21677 -0.60524 0.765961 -0.196648 -0.553074 0.809592 -0.203561 -0.545701 0.81288 -0.0639207 -0.846816 0.528031 -0.0843816 -0.840956 0.534484 -0.177055 -0.489817 0.853657 -0.172207 -0.495916 0.851124 -0.115375 -0.799999 0.588805 -0.13318 -0.792866 0.594666 -0.138684 -0.439197 0.887622 -0.135274 -0.444252 0.88563 -0.168363 -0.738199 0.653235 -0.153218 -0.746064 0.648007 -0.0875393 -0.399913 0.912363 -0.0297405 -0.366537 0.929928 -0.0891872 -0.39702 0.913466 -0.176704 -0.687484 0.704373 -0.189218 -0.679418 0.708934 -0.185595 -0.626422 0.757067 -0.195522 -0.618689 0.760917 -0.179767 -0.565446 0.804957 -0.187409 -0.558373 0.808145 -0.0261001 -0.848078 0.529229 2.45701e-05 -0.821716 0.569897 -0.0423023 -0.8451 0.532932 -0.0275761 -0.848311 0.52878 -0.160069 -0.5069 0.847012 -0.165572 -0.500909 0.849515 -0.0772578 -0.80628 0.586467 -0.095555 -0.800355 0.591862 -0.130885 -0.448558 0.884118 -0.127473 -0.452907 0.882398 -0.135717 -0.748163 0.649487 -0.119973 -0.755015 0.644638 -0.0855239 -0.40252 0.911408 -0.0837813 -0.405123 0.910415 -0.0286123 -0.368228 0.929295 -0.148676 -0.698084 0.70041 -0.161656 -0.690935 0.704611 -0.162719 -0.637811 0.752808 -0.173197 -0.630763 0.7564 -0.16213 -0.576567 0.800802 -0.170116 -0.570154 0.803732 -0.147403 -0.516846 0.843292 -0.153179 -0.511386 0.845589 -0.0110909 -0.793063 0.609039 -0.0364066 -0.809805 0.585568 -0.0387294 -0.810053 0.585077 -0.0574914 -0.805342 0.590017 -0.119282 -0.460908 0.879395 -0.123312 -0.45646 0.881158 -0.0860851 -0.761776 0.642095 -0.10236 -0.755971 0.646553 -0.0271054 -0.37017 0.928568 -0.0811558 -0.408064 0.909339 -0.0788756 -0.410993 0.90822 -0.133352 -0.70056 0.701023 -0.119828 -0.706846 0.697144 -0.138992 -0.647699 0.749111 -0.150012 -0.641343 0.752446 -0.152225 -0.58061 0.799825 -0.143623 -0.586587 0.79705 -0.133778 -0.526135 0.839813 -0.140161 -0.520895 0.842035 -0.110313 -0.468442 0.87658 -0.114389 -0.464535 0.878136 -0.0517914 -0.766305 0.640386 -0.0685108 -0.76158 0.644439 -0.0257712 -0.37166 0.928011 -0.0744848 -0.415587 0.906498 -0.0767884 -0.413025 0.907477 -0.0903623 -0.713698 0.6946 -0.104337 -0.708321 0.698137 -0.114662 -0.65598 0.746018 -0.126093 -0.650389 0.749062 -0.124389 -0.595353 0.793777 -0.133329 -0.590014 0.796308 -0.119742 -0.534361 0.836732 -0.126369 -0.529648 0.838751 -0.105392 -0.471595 0.875495 -0.10097 -0.475279 0.874022 -0.0343219 -0.764963 0.64316 -0.0129518 -0.762582 0.646762 -0.00352619 -0.730368 0.683045 -0.0303866 -0.765818 0.642339 -0.0711653 -0.418397 0.905472 -0.0235068 -0.373856 0.927189 -0.06893 -0.420557 0.904644 -0.060482 -0.718636 0.692751 -0.0749597 -0.714155 0.695962 -0.0897131 -0.662665 0.743523 -0.101577 -0.657827 0.746288 -0.104556 -0.602896 0.790939 -0.114105 -0.598041 0.793301 -0.104862 -0.541777 0.833955 -0.111934 -0.537446 0.835837 -0.0910298 -0.481579 0.871662 -0.0958896 -0.478069 0.873072 -0.0635815 -0.424773 0.903065 -0.0662983 -0.42249 0.903939 -0.0222194 -0.374941 0.926782 -0.0451216 -0.718087 0.694489 -0.00348892 -0.696435 0.717612 -0.0354178 -0.722094 0.690888 -0.0302969 -0.721612 0.691635 -0.0644686 -0.667699 0.741635 -0.0767019 -0.663643 0.744107 -0.0842318 -0.609068 0.788632 -0.0939204 -0.604941 0.790712 -0.0969382 -0.544316 0.833261 -0.0897714 -0.548061 0.831607 -0.080615 -0.487158 0.869585 -0.085289 -0.484248 0.870764 -0.0611071 -0.426343 0.902495 -0.0579266 -0.428662 0.901606 -0.0207805 -0.375994 0.926389 -0.0388063 -0.671108 0.740343 -0.0514773 -0.667825 0.742536 -0.0636161 -0.613911 0.786808 -0.0737166 -0.610386 0.788666 -0.0738383 -0.553501 0.829569 -0.0815562 -0.550108 0.831101 -0.0697943 -0.492103 0.867734 -0.0750397 -0.489311 0.868875 -0.0177399 -0.377915 0.92567 -0.0513485 -0.432471 0.900185 -0.0541074 -0.430737 0.900854 0.00294282 -0.660788 0.750567 -0.0162636 -0.623548 0.781616 -0.0364324 -0.66826 0.743035 -0.0257291 -0.670378 0.741574 -0.0427202 -0.61734 0.785536 -0.0528262 -0.614551 0.787106 -0.0579915 -0.557763 0.827972 -0.0657251 -0.554964 0.829274 -0.0644582 -0.493768 0.867202 -0.0587403 -0.496334 0.866142 -0.0160902 -0.378807 0.925336 -0.0452917 -0.435489 0.899054 -0.0482942 -0.433874 0.899678 0.00421827 -0.58494 0.811065 -0.0318151 -0.617274 0.786105 -0.033781 -0.620234 0.783689 -0.0213298 -0.619432 0.78476 -0.041545 -0.561026 0.826755 -0.0495273 -0.558724 0.827873 -0.0473339 -0.49976 0.86487 -0.0525652 -0.497821 0.865685 -0.039042 -0.438123 0.898067 -0.0424791 -0.436561 0.898671 -0.0145795 -0.379497 0.925078 -0.0250211 -0.563164 0.825966 -0.032961 -0.561434 0.826865 -0.0413521 -0.50079 0.86458 -0.035639 -0.502486 0.863851 -0.0350099 -0.43936 0.897629 -0.0115398 -0.380648 0.924648 -0.0315874 -0.440646 0.897125 0.0275452 -0.544771 0.838133 -0.0514809 -0.557359 0.828674 -0.0166568 -0.563016 0.826278 -0.0236906 -0.504491 0.863092 -0.0298564 -0.503096 0.863715 -0.00956287 -0.381249 0.924423 -0.0284742 -0.44138 0.896868 -0.0249361 -0.442448 0.896447 -0.0282144 -0.503408 0.863588 0.0125996 -0.461204 0.887204 -0.0120083 -0.505679 0.862638 -0.0505654 -0.506233 0.860913 -0.0181241 -0.504712 0.863097 -0.0180793 -0.443811 0.895938 -0.00716856 -0.381808 0.924214 -0.0214389 -0.443034 0.896249 -0.0139744 -0.444224 0.895807 -0.0986189 -0.371238 0.923286 -0.00441422 -0.382263 0.924043 -0.0110085 -0.444707 0.895609 0.117545 -0.414686 0.902341 -0.109583 -0.432591 0.894906 -0.00481169 -0.404309 0.91461 -0.00791703 -0.444816 0.895587 -0.00129628 0.293978 0.955811 -0.000103114 0.0597977 0.99821 -0.000283076 0.059821 0.998209 -0.000489834 0.0598745 0.998206 -0.0102311 -0.293963 0.955762 -0.0131044 0.293852 0.955761 -0.0114997 0.289873 0.956996 -0.00240512 0.0606174 0.998158 -0.00705204 0.177762 0.984048 -0.00279021 0.0593533 0.998233 -0.00705318 0.177765 0.984048 -0.0334843 0.292227 0.955763 -0.033487 0.292232 0.955761 -0.0202514 0.176714 0.984054 -0.00685681 0.0598324 0.998185 -0.0202492 0.176709 0.984055 -0.00716148 0.0586271 0.998254 -0.0537262 0.289186 0.955764 -0.0537289 0.289191 0.955763 -0.0324887 0.174873 0.984055 -0.0110614 0.0595388 0.998165 -0.0324902 0.174875 0.984054 -0.0114521 0.0576401 0.998272 -0.073714 0.284762 0.95576 -0.0737068 0.284751 0.955764 -0.0445716 0.172193 0.984054 -0.0952234 0.284602 0.953905 -0.0863368 0.281036 0.955806 -0.0152433 0.0588892 0.998148 -0.0445716 0.172193 0.984054 -0.0156512 0.0564016 0.998285 -0.0175606 0.0571664 0.99821 -0.0522014 0.169936 0.984072 -0.0522063 0.169938 0.984071 -0.096072 0.27792 0.955788 -0.0580971 0.168063 0.984063 -0.0195436 0.0565355 0.998209 -0.019751 0.054915 0.998296 -0.0580958 0.168061 0.984063 -0.106346 0.274087 0.955807 -0.115079 0.277991 0.953665 -0.0643097 0.165747 0.984069 -0.0643018 0.165743 0.98407 -0.0216301 0.0557534 0.99821 -0.115835 0.270266 0.955792 -0.0700469 0.163434 0.984064 -0.0235629 0.0549757 0.99821 -0.0700495 0.163436 0.984064 -0.0237397 0.0531853 0.998302 -0.134339 0.269728 0.95352 -0.0760815 0.160687 0.984069 -0.125815 0.265726 0.955804 -0.0255947 0.0540545 0.99821 -0.0760826 0.160682 0.984069 -0.0816257 0.157955 0.984067 -0.134992 0.261226 0.955792 -0.0274601 0.0531368 0.99821 -0.0816261 0.157951 0.984067 -0.0276094 0.0512177 0.998306 -0.15284 0.259862 0.953473 -0.144647 0.255992 0.955796 -0.0294223 0.0520721 0.99821 -0.0874626 0.154789 0.984068 -0.0874598 0.154788 0.984069 -0.153441 0.250796 0.955802 -0.0312145 0.051018 0.99821 -0.0927848 0.151655 0.984069 -0.0313486 0.0490192 0.998306 -0.0927884 0.151657 0.984068 -0.17046 0.248477 0.953521 -0.162694 0.244909 0.955798 -0.0983776 0.148098 0.984068 -0.0983838 0.148101 0.984066 -0.0330936 0.049819 0.99821 -0.171104 0.239082 0.955805 -0.103469 0.144576 0.984069 -0.0348054 0.0486321 0.99821 -0.103469 0.144573 0.98407 -0.0349468 0.0465935 0.998302 -0.187047 0.235667 0.953664 -0.179917 0.232569 0.955794 -0.108798 0.140636 0.984065 -0.108797 0.140635 0.984066 -0.0365997 0.04731 0.99821 -0.187879 0.226129 0.955807 -0.113614 0.136744 0.98407 -0.113604 0.136743 0.984071 -0.0382164 0.0460006 0.99821 -0.0383972 0.0439466 0.998296 -0.202471 0.221531 0.953902 -0.196211 0.219022 0.955788 -0.203675 0.212011 0.955807 -0.118656 0.132446 0.984062 -0.0399143 0.0445528 0.998209 -0.118648 0.132442 0.984064 -0.123162 0.128203 0.984071 -0.0416876 0.0410865 0.998286 -0.123152 0.128203 0.984072 -0.0414281 0.0431274 0.99821 -0.216604 0.206175 0.95424 -0.211497 0.204334 0.955781 -0.0430248 0.0415669 0.998209 -0.127892 0.12356 0.984061 -0.127895 0.123562 0.984061 -0.229385 0.189752 0.95466 -0.220265 0.186873 0.957372 -0.135646 0.11508 0.984051 -0.0456323 0.0387127 0.998208 -0.0456335 0.0387147 0.998208 -0.135642 0.115078 0.984052 -0.234762 0.170802 0.956929 -0.240687 0.172385 0.955172 -0.143838 0.104654 0.984052 -0.143849 0.104657 0.98405 -0.0483886 0.0352067 0.998208 -0.0483867 0.035204 0.998208 -0.248325 0.153767 0.956394 -0.250472 0.154231 0.95576 -0.151246 0.0936489 0.98405 -0.151233 0.0936457 0.984052 -0.0508752 0.031501 0.998208 -0.0508782 0.0315045 0.998208 -0.260591 0.136442 0.955759 -0.260597 0.136442 0.955758 -0.157571 0.0825021 0.984055 -0.157572 0.0825022 0.984055 -0.0530104 0.0277555 0.998208 -0.0527086 0.0274304 0.998233 -0.269438 0.117988 0.955763 -0.269455 0.117989 0.955758 -0.162928 0.0713453 0.984055 -0.0551666 0.0241572 0.998185 -0.162935 0.0713458 0.984054 -0.0542754 0.0232853 0.998254 -0.277005 0.0989638 0.955759 -0.276991 0.0989638 0.955763 -0.0570243 0.0203724 0.998165 -0.0555818 0.0190821 0.998272 -0.167502 0.0598416 0.984054 -0.167492 0.0598416 0.984056 -0.283204 0.0794588 0.955762 -0.171249 0.0480448 0.984056 -0.283217 0.079458 0.955759 -0.293886 0.0607854 0.953906 -0.286329 0.066679 0.955808 -0.0585681 0.0164328 0.998148 -0.0566226 0.0148291 0.998286 -0.171257 0.0480508 0.984054 -0.173146 0.0403213 0.98407 -0.173141 0.0403254 0.984071 -0.0582417 0.0135648 0.99821 -0.174487 0.0342861 0.984062 -0.288545 0.0566984 0.955786 -0.058694 0.0115309 0.998209 -0.0574007 0.0105392 0.998296 -0.174474 0.0342769 0.984065 -0.298157 0.0402961 0.953666 -0.290399 0.0458761 0.955805 -0.175592 0.0277393 0.984072 -0.0590704 0.00933638 0.99821 -0.175604 0.0277552 0.98407 -0.291867 0.0357647 0.95579 -0.176494 0.0216256 0.984064 -0.05937 0.00727451 0.99821 -0.0579096 0.00622027 0.998302 -0.176491 0.0216267 0.984065 -0.300713 0.0194972 0.953515 -0.29296 0.0248573 0.955801 -0.17715 0.015031 0.984069 -0.0595924 0.0050546 0.99821 -0.177144 0.0150254 0.98407 -0.293672 0.0146433 0.955794 -0.177575 0.00885437 0.984067 -0.0581576 0.00188714 0.998306 -0.0597374 0.00297833 0.99821 -0.177573 0.00885337 0.984068 -0.294001 0.00368743 0.955798 -0.301484 -0.00146109 0.95347 -0.177779 0.00222973 0.984068 -0.0598048 0.00075168 0.99821 -0.177772 0.00223448 0.984069 -0.293955 -0.00653474 0.955797 -0.0581352 -0.00245101 0.998306 -0.177743 -0.00395133 0.984069 -0.177749 -0.00395547 0.984068 -0.0597947 -0.00133065 0.99821 -0.300502 -0.0224122 0.953518 -0.293519 -0.0174976 0.955793 -0.17748 -0.0105802 0.984068 -0.0597061 -0.0035587 0.99821 -0.177483 -0.0105786 0.984067 -0.292701 -0.0276945 0.955803 -0.176993 -0.0167465 0.98407 -0.176988 -0.0167496 0.98407 -0.05785 -0.00678186 0.998302 -0.0595409 -0.00563478 0.99821 -0.291503 -0.0385888 0.955791 -0.297763 -0.0431917 0.953662 -0.176266 -0.0233303 0.984066 -0.0592979 -0.00784862 0.998209 -0.176272 -0.0233346 0.984065 -0.289941 -0.0487029 0.955804 -0.175323 -0.02945 0.98407 -0.0589782 -0.00990877 0.99821 -0.175317 -0.0294544 0.984071 -0.0572971 -0.0110953 0.998296 -0.287985 -0.0594915 0.955785 -0.293283 -0.0636277 0.953906 -0.285671 -0.0694465 0.955808 -0.174147 -0.0359749 0.984062 -0.174138 -0.0359684 0.984064 -0.0585818 -0.0121002 0.998209 -0.172741 -0.0419933 0.984072 -0.172746 -0.0420028 0.98407 -0.0581098 -0.0141293 0.99821 -0.0564778 -0.0153785 0.998285 -0.282966 -0.0800771 0.955781 -0.171108 -0.0484223 0.984062 -0.287138 -0.0835771 0.954236 -0.0575614 -0.0162895 0.998209 -0.171108 -0.0484223 0.984062 -0.056407 -0.0199796 0.998208 -0.272295 -0.0964447 0.957368 -0.279365 -0.102876 0.954658 -0.167676 -0.0593896 0.984052 -0.0564056 -0.0199786 0.998208 -0.167675 -0.0593895 0.984052 -0.270037 -0.121379 0.955169 -0.265687 -0.117052 0.956927 -0.162784 -0.0717184 0.984052 -0.0547601 -0.0241259 0.998208 -0.16278 -0.0717148 0.984053 -0.0547627 -0.0241261 0.998208 -0.25778 -0.137348 0.956392 -0.259252 -0.138961 0.955761 -0.248963 -0.15665 0.95576 -0.156985 -0.0836433 0.984053 -0.156994 -0.0836449 0.984051 -0.0528134 -0.0281385 0.998208 -0.0528115 -0.0281382 0.998208 -0.248945 -0.156646 0.955766 -0.150546 -0.09473 0.984054 -0.0506434 -0.0318656 0.998208 -0.150556 -0.0947322 0.984052 -0.0502104 -0.0317681 0.998233 -0.237454 -0.173573 0.955766 -0.237463 -0.173587 0.955761 -0.143594 -0.104964 0.984055 -0.143602 -0.104975 0.984052 -0.0486166 -0.0355395 0.998185 -0.0474177 -0.0352083 0.998254 -0.224812 -0.189673 0.955764 -0.211074 -0.204851 0.955764 -0.224816 -0.189681 0.955761 -0.135946 -0.1147 0.984054 -0.135945 -0.114698 0.984055 -0.0444412 -0.0384503 0.998272 -0.0462821 -0.0390485 0.998165 -0.211086 -0.204856 0.95576 -0.200314 -0.22348 0.953903 -0.201609 -0.213985 0.955806 -0.127642 -0.123875 0.984054 -0.0412894 -0.0414895 0.998285 -0.127642 -0.123875 0.984054 -0.0436525 -0.0423643 0.998148 -0.121907 -0.12939 0.984072 -0.0410104 -0.0435265 0.99821 -0.121911 -0.12939 0.984071 -0.194083 -0.220913 0.955787 -0.117364 -0.133588 0.984063 -0.0379693 -0.0443176 0.998296 -0.117364 -0.133587 0.984063 -0.0394811 -0.0449388 0.998209 -0.184751 -0.237477 0.953662 -0.185675 -0.227945 0.955806 -0.112273 -0.137842 0.98407 -0.0377686 -0.04637 0.99821 -0.112274 -0.137834 0.984071 -0.17767 -0.234318 0.955787 -0.0361406 -0.0476627 0.998209 -0.0344934 -0.0469297 0.998303 -0.107429 -0.141679 0.984066 -0.10743 -0.141683 0.984066 -0.168054 -0.250132 0.953516 -0.168789 -0.240748 0.955799 -0.102057 -0.145567 0.984071 -0.0343318 -0.0489704 0.99821 -0.102057 -0.145572 0.98407 -0.160301 -0.246478 0.955799 -0.0326113 -0.0501387 0.99821 -0.0969401 -0.149055 0.984066 -0.0308702 -0.0493201 0.998306 -0.0969397 -0.149041 0.984068 -0.150322 -0.261338 0.95347 -0.151012 -0.252262 0.955803 -0.0913193 -0.152547 0.984068 -0.0913187 -0.152554 0.984067 -0.0307169 -0.0513146 0.99821 -0.14213 -0.257371 0.955803 -0.0289113 -0.0523532 0.99821 -0.0859481 -0.155636 0.984068 -0.0271118 -0.0514837 0.998306 -0.085948 -0.155636 0.984068 -0.13245 -0.262498 0.955799 -0.131712 -0.271017 0.953521 -0.0800962 -0.15874 0.984066 -0.0800965 -0.158736 0.984067 -0.0269442 -0.0533982 0.99821 -0.123237 -0.266937 0.955802 -0.0745156 -0.161418 0.984069 -0.0250662 -0.0542993 0.99821 -0.074518 -0.161409 0.98407 -0.0232231 -0.0534138 0.998302 -0.112382 -0.279105 0.953662 -0.113213 -0.271381 0.95579 -0.0684583 -0.1641 0.984065 -0.0684587 -0.164097 0.984066 -0.0230291 -0.0552012 0.99821 -0.103681 -0.275113 0.955805 -0.0210899 -0.0559597 0.99821 -0.0626946 -0.166357 0.984071 -0.0192174 -0.0551024 0.998296 -0.0626954 -0.166355 0.984071 -0.0933746 -0.278845 0.955786 -0.0924618 -0.285514 0.953904 -0.0564632 -0.168616 0.984063 -0.0835893 -0.281854 0.955809 -0.0189942 -0.0567212 0.998209 -0.0564652 -0.168618 0.984063 -0.0170045 -0.0573331 0.99821 -0.0505479 -0.170442 0.98407 -0.0151036 -0.0565502 0.998286 -0.0505505 -0.170438 0.984071 -0.0721278 -0.290223 0.954237 -0.0730561 -0.284855 0.955783 -0.0441753 -0.172261 0.98406 -0.0148605 -0.0579482 0.998209 -0.0441769 -0.172252 0.984062 -0.0515371 -0.293208 0.954659 -0.0329704 -0.1748 0.984052 -0.0535417 -0.283862 0.957369 -0.00668009 -0.0594642 0.998208 -0.0110899 -0.0588016 0.998208 -0.0110921 -0.0588055 0.998208 -0.0329719 -0.174802 0.984051 -0.0308538 -0.294437 0.955173 -0.0324045 -0.288512 0.956928 -0.0108875 -0.291872 0.956396 -0.00223053 -0.0597976 0.998208 -0.00663088 -0.177766 0.984051 -0.00223015 -0.0597989 0.998208 -0.0066796 -0.0594665 0.998208 -0.0198561 -0.176773 0.984051 -0.019855 -0.176778 0.98405 -0.0066311 -0.177766 0.98405 0.00125783 -0.293978 0.955811 0.000103114 -0.0597978 0.99821 0.000283076 -0.0598211 0.998209 0.000489834 -0.0598746 0.998206 0.0102311 0.293963 0.955762 0.0022301 0.0597976 0.998208 0.0131097 -0.293852 0.955761 0.0114991 -0.289858 0.957 0.00240512 -0.0606175 0.998158 0.00705204 -0.177762 0.984048 0.00279021 -0.0593533 0.998233 0.00705318 -0.177765 0.984048 0.0334843 -0.292227 0.955763 0.033487 -0.292232 0.955761 0.0202514 -0.176714 0.984054 0.00685681 -0.0598325 0.998185 0.0202492 -0.176709 0.984055 0.00716148 -0.0586272 0.998254 0.0537262 -0.289186 0.955764 0.0537289 -0.289191 0.955762 0.0324887 -0.174873 0.984055 0.0110614 -0.0595388 0.998165 0.0324902 -0.174876 0.984054 0.0114521 -0.0576402 0.998272 0.073714 -0.284762 0.95576 0.0737068 -0.284751 0.955764 0.0952234 -0.284602 0.953905 0.0863368 -0.281036 0.955806 0.0152433 -0.0588893 0.998148 0.0445716 -0.172193 0.984054 0.0445716 -0.172193 0.984054 0.0156512 -0.0564017 0.998285 0.0175606 -0.0571665 0.99821 0.0522014 -0.169936 0.984072 0.0522063 -0.169938 0.984071 0.096072 -0.27792 0.955788 0.0580971 -0.168063 0.984063 0.0195436 -0.0565356 0.998209 0.019751 -0.0549151 0.998296 0.0580958 -0.168061 0.984063 0.115079 -0.277991 0.953665 0.106346 -0.274087 0.955807 0.0643097 -0.165747 0.984069 0.0216301 -0.0557535 0.99821 0.0643018 -0.165743 0.98407 0.115835 -0.270266 0.955792 0.0700469 -0.163434 0.984064 0.0235629 -0.0549758 0.99821 0.0700495 -0.163436 0.984064 0.0237397 -0.0531854 0.998302 0.134339 -0.269728 0.95352 0.125815 -0.265726 0.955804 0.0760842 -0.160686 0.984069 0.0255947 -0.0540546 0.99821 0.07608 -0.160684 0.984069 0.134992 -0.261226 0.955792 0.0816239 -0.157952 0.984067 0.0816279 -0.157954 0.984067 0.0274601 -0.0531369 0.99821 0.0276094 -0.0512178 0.998306 0.15284 -0.259862 0.953473 0.0874613 -0.154787 0.984069 0.144647 -0.255992 0.955796 0.087461 -0.15479 0.984068 0.0294223 -0.0520722 0.99821 0.153441 -0.250796 0.955802 0.0927884 -0.151657 0.984068 0.0927848 -0.151655 0.984069 0.0313486 -0.0490193 0.998306 0.0312145 -0.0510181 0.99821 0.17046 -0.248477 0.953521 0.162694 -0.244909 0.955798 0.0330936 -0.0498191 0.99821 0.0983838 -0.148101 0.984066 0.0983776 -0.148098 0.984067 0.103469 -0.144576 0.984069 0.171104 -0.239082 0.955805 0.0348054 -0.0486321 0.99821 0.103469 -0.144573 0.98407 0.0349468 -0.0465936 0.998302 0.187047 -0.235667 0.953664 0.179917 -0.232569 0.955794 0.0365997 -0.0473101 0.99821 0.108797 -0.140635 0.984066 0.108798 -0.140636 0.984065 0.187879 -0.226129 0.955807 0.113614 -0.136744 0.98407 0.0382164 -0.0460007 0.99821 0.113604 -0.136743 0.984071 0.0383972 -0.0439467 0.998296 0.118653 -0.132448 0.984062 0.202471 -0.221531 0.953902 0.196211 -0.219022 0.955788 0.203675 -0.212011 0.955807 0.0399143 -0.0445529 0.998209 0.123158 -0.128198 0.984072 0.118651 -0.13244 0.984064 0.0414281 -0.0431275 0.99821 0.123156 -0.128208 0.984071 0.0416876 -0.0410866 0.998286 0.211497 -0.204334 0.955781 0.216604 -0.206175 0.95424 0.127892 -0.123561 0.984061 0.045634 -0.0387142 0.998208 0.127895 -0.123562 0.984061 0.0430248 -0.041567 0.998209 0.229385 -0.189752 0.95466 0.220265 -0.186873 0.957372 0.0456318 -0.0387133 0.998208 0.135642 -0.115078 0.984052 0.135646 -0.11508 0.984051 0.240687 -0.172385 0.955172 0.234762 -0.170802 0.956929 0.143849 -0.104657 0.98405 0.143838 -0.104654 0.984052 0.0483886 -0.0352068 0.998208 0.0483867 -0.0352041 0.998208 0.248325 -0.153767 0.956394 0.250472 -0.154231 0.95576 0.260592 -0.13644 0.955759 0.151233 -0.0936458 0.984052 0.0508752 -0.0315011 0.998208 0.151246 -0.093649 0.98405 0.0508782 -0.0315046 0.998208 0.260596 -0.136444 0.955758 0.157571 -0.0825022 0.984055 0.157572 -0.0825023 0.984055 0.0530104 -0.0277555 0.998208 0.0527086 -0.0274305 0.998233 0.269438 -0.117988 0.955763 0.269455 -0.117989 0.955758 0.162928 -0.0713454 0.984055 0.0551666 -0.0241573 0.998185 0.162935 -0.0713459 0.984054 0.0542754 -0.0232854 0.998254 0.277005 -0.0989639 0.955759 0.276991 -0.0989639 0.955763 0.167501 -0.0598449 0.984054 0.0570243 -0.0203725 0.998165 0.167493 -0.0598384 0.984056 0.0555818 -0.0190822 0.998272 0.283204 -0.0794589 0.955762 0.283217 -0.0794581 0.955759 0.293886 -0.0607854 0.953906 0.286329 -0.0666791 0.955808 0.171248 -0.0480482 0.984056 0.0585681 -0.0164329 0.998148 0.0566226 -0.0148292 0.998286 0.171258 -0.0480475 0.984054 0.173146 -0.0403214 0.98407 0.173141 -0.0403255 0.984071 0.0582417 -0.0135649 0.99821 0.288545 -0.0566985 0.955786 0.174488 -0.0342796 0.984062 0.058694 -0.011531 0.998209 0.174473 -0.0342836 0.984065 0.0574007 -0.0105393 0.998296 0.298157 -0.0402961 0.953666 0.290399 -0.0458762 0.955805 0.175592 -0.0277394 0.984072 0.0590704 -0.00933647 0.99821 0.175604 -0.0277553 0.98407 0.291868 -0.0357648 0.95579 0.176494 -0.0216256 0.984064 0.05937 -0.00727459 0.99821 0.0579096 -0.00622035 0.998302 0.176491 -0.0216268 0.984065 0.300713 -0.0194973 0.953515 0.292961 -0.0248574 0.955801 0.177151 -0.015026 0.984069 0.0595924 -0.00505469 0.99821 0.177144 -0.0150305 0.98407 0.293672 -0.0146434 0.955794 0.177575 -0.00885353 0.984067 0.0581576 -0.00188722 0.998306 0.0597374 -0.00297842 0.99821 0.177573 -0.00885439 0.984068 0.294001 -0.00368751 0.955798 0.301484 0.00146101 0.95347 0.177779 -0.00222982 0.984068 0.0598048 -0.000751767 0.99821 0.177772 -0.00223457 0.984069 0.293955 0.00653466 0.955797 0.0581352 0.00245093 0.998306 0.177743 0.00395125 0.984069 0.177749 0.00395537 0.984068 0.0597947 0.00133055 0.99821 0.300502 0.0224121 0.953518 0.293519 0.0174975 0.955793 0.0597061 0.00355863 0.99821 0.17748 0.0105783 0.984068 0.177483 0.0105803 0.984067 0.292701 0.0276944 0.955803 0.176989 0.016746 0.98407 0.0595409 0.00563469 0.99821 0.05785 0.00678178 0.998302 0.176992 0.0167499 0.98407 0.297763 0.0431916 0.953662 0.291503 0.0385887 0.955791 0.0592979 0.00784853 0.998209 0.176272 0.0233345 0.984065 0.176266 0.0233302 0.984066 0.289941 0.0487028 0.955804 0.0589782 0.00990868 0.99821 0.175323 0.0294553 0.98407 0.175318 0.029449 0.984071 0.0572971 0.0110952 0.998296 0.287985 0.0594915 0.955785 0.293283 0.0636276 0.953906 0.285671 0.0694464 0.955808 0.174147 0.0359749 0.984062 0.174138 0.0359683 0.984064 0.0585818 0.0121001 0.998209 0.172741 0.0419932 0.984072 0.172746 0.0420028 0.98407 0.0581098 0.0141293 0.99821 0.0564778 0.0153784 0.998285 0.282966 0.080077 0.955781 0.287138 0.083577 0.954236 0.171108 0.0484222 0.984062 0.171108 0.0484223 0.984062 0.0575614 0.0162894 0.998209 0.272295 0.0964446 0.957368 0.279365 0.102876 0.954658 0.167675 0.0593891 0.984052 0.167676 0.0593899 0.984052 0.0564071 0.019979 0.998208 0.0564054 0.019979 0.998208 0.270037 0.121379 0.955169 0.265687 0.117052 0.956927 0.162784 0.0717183 0.984052 0.0547601 0.0241258 0.998208 0.16278 0.0717147 0.984053 0.0547627 0.024126 0.998208 0.25778 0.137348 0.956392 0.259252 0.138961 0.955761 0.156986 0.0836406 0.984053 0.156992 0.0836474 0.984051 0.0528134 0.0281385 0.998208 0.0528115 0.0281381 0.998208 0.248949 0.156641 0.955766 0.24896 0.156656 0.95576 0.150548 0.0947271 0.984054 0.0506434 0.0318655 0.998208 0.150554 0.0947348 0.984052 0.0502104 0.031768 0.998233 0.237463 0.173586 0.955761 0.237454 0.173572 0.955766 0.143602 0.104975 0.984052 0.0486166 0.0355394 0.998185 0.143594 0.104963 0.984055 0.0474177 0.0352082 0.998254 0.224812 0.189673 0.955764 0.224816 0.189681 0.955761 0.135945 0.114697 0.984055 0.0444412 0.0384502 0.998272 0.0462821 0.0390484 0.998165 0.135946 0.1147 0.984054 0.211083 0.204859 0.95576 0.211077 0.204847 0.955764 0.200314 0.22348 0.953903 0.201609 0.213985 0.955806 0.0436525 0.0423642 0.998148 0.0412894 0.0414894 0.998285 0.127642 0.123875 0.984054 0.127642 0.123874 0.984054 0.0410104 0.0435264 0.99821 0.121908 0.129392 0.984071 0.121909 0.129388 0.984072 0.194083 0.220913 0.955787 0.117364 0.133587 0.984063 0.0379693 0.0443175 0.998296 0.0394811 0.0449387 0.998209 0.117364 0.133588 0.984063 0.184751 0.237477 0.953662 0.185675 0.227945 0.955806 0.0377686 0.0463699 0.99821 0.112273 0.137842 0.98407 0.112274 0.137834 0.984071 0.17767 0.234318 0.955787 0.107428 0.14168 0.984066 0.0361406 0.0476626 0.998209 0.0344934 0.0469296 0.998303 0.107431 0.141681 0.984066 0.168054 0.250132 0.953516 0.168789 0.240748 0.955799 0.102057 0.145567 0.984071 0.0343318 0.0489703 0.99821 0.102057 0.145572 0.98407 0.160301 0.246478 0.955799 0.0969339 0.149045 0.984068 0.0326113 0.0501386 0.99821 0.0969461 0.149051 0.984066 0.0308702 0.04932 0.998306 0.0913222 0.152552 0.984067 0.150322 0.261338 0.95347 0.151012 0.252261 0.955803 0.0913157 0.152549 0.984068 0.0307169 0.0513146 0.99821 0.14213 0.257371 0.955803 0.0289113 0.0523531 0.99821 0.0859481 0.155636 0.984068 0.0271118 0.0514836 0.998306 0.085948 0.155636 0.984068 0.13245 0.262498 0.955799 0.0800947 0.158737 0.984067 0.131712 0.271017 0.953521 0.0269442 0.0533981 0.99821 0.0800981 0.158739 0.984066 0.123237 0.266937 0.955802 0.0745211 0.161416 0.984069 0.0250662 0.0542992 0.99821 0.0745125 0.161412 0.98407 0.0232231 0.0534137 0.998302 0.113213 0.271381 0.95579 0.112382 0.279105 0.953662 0.0684583 0.1641 0.984065 0.0684587 0.164097 0.984066 0.0230291 0.0552011 0.99821 0.103681 0.275113 0.955805 0.0626954 0.166355 0.984071 0.0210899 0.0559596 0.99821 0.0626946 0.166357 0.984071 0.0192174 0.0551023 0.998296 0.0924618 0.285514 0.953904 0.0564632 0.168616 0.984063 0.0933746 0.278845 0.955786 0.0835893 0.281853 0.955809 0.0189942 0.0567211 0.998209 0.0564652 0.168618 0.984063 0.0505479 0.170442 0.98407 0.0170045 0.057333 0.99821 0.0151036 0.0565501 0.998286 0.0505505 0.170438 0.984071 0.0721278 0.290223 0.954237 0.0730561 0.284855 0.955783 0.0441791 0.17226 0.98406 0.0148605 0.0579481 0.998209 0.0441731 0.172252 0.984062 0.0515371 0.293208 0.954659 0.0535417 0.283862 0.957369 0.0110899 0.0588015 0.998208 0.0110921 0.0588054 0.998208 0.0329713 0.174799 0.984052 0.032971 0.174802 0.984051 0.0308538 0.294437 0.955173 0.0324045 0.288512 0.956928 0.0198544 0.176773 0.984051 0.0108875 0.291872 0.956396 0.00663088 0.177765 0.984051 0.00668035 0.0594664 0.998208 0.00667935 0.0594642 0.998208 0.0198567 0.176778 0.98405 0.0066311 0.177766 0.98405 0.00223057 0.0597988 0.998208 0.0 -4.37114e-08 1.0 0.0 -4.37114e-08 1.0 0.0 -4.37114e-08 1.0 0.0 -4.37114e-08 1.0 0.0 -4.37114e-08 1.0 0.0 -4.37114e-08 1.0 0.0 -4.37114e-08 1.0 0.0 -4.37114e-08 1.0 0.0 -4.37114e-08 1.0 0.0 -4.37114e-08 1.0 0.0 -4.37114e-08 1.0 0.0 -4.37114e-08 1.0 0.0 -4.37114e-08 1.0 0.0 -4.37114e-08 1.0 0.0 -4.37114e-08 1.0 0.0 -4.37114e-08 1.0 0.0 -4.37114e-08 1.0 0.0 -4.37114e-08 1.0 0.0 -4.37114e-08 1.0 0.0 -4.37114e-08 1.0 0.0 -4.37114e-08 1.0 0.0 -4.37114e-08 1.0 0.0 -4.37114e-08 1.0 0.0 -4.37114e-08 1.0 0.0 -4.37114e-08 1.0 0.0 -4.37114e-08 1.0 0.0 -4.37114e-08 1.0 0.0 -4.37114e-08 1.0 0.0 -4.37114e-08 1.0 0.0 -4.37114e-08 1.0 0.0 -4.37114e-08 1.0 0.0 -4.37114e-08 1.0 0.0 -4.37114e-08 1.0 0.0 -4.37114e-08 1.0 0.0 -4.37114e-08 1.0 0.0 -4.37114e-08 1.0 0.0 -4.37114e-08 1.0 0.0 -4.37114e-08 1.0 0.0 -4.37114e-08 1.0 0.0 -4.37114e-08 1.0 0.0 -4.37114e-08 1.0 0.0 -4.37114e-08 1.0 0.0 -4.37114e-08 1.0 0.0 -4.37114e-08 1.0 0.0 -4.37114e-08 1.0 0.0 -4.37114e-08 1.0 0.0 -4.37114e-08 1.0 0.0 -4.37114e-08 1.0 0.0 -4.37114e-08 1.0 0.0 -4.37114e-08 1.0 0.0 -4.37114e-08 1.0 0.0 -4.37114e-08 1.0 0.0 -4.37114e-08 1.0 0.0 -4.37114e-08 1.0 0.0 -4.37114e-08 1.0 0.0 -4.37114e-08 1.0 0.0 -4.37114e-08 1.0 0.0 -4.37114e-08 1.0 0.0 -4.37114e-08 1.0 0.0 -4.37114e-08 1.0 0.0 -4.37114e-08 1.0 0.0 -4.37114e-08 1.0 0.0 -4.37114e-08 1.0 0.0 -4.37114e-08 1.0 0.0 -4.37114e-08 1.0 0.0 -4.37114e-08 1.0 0.0 -4.37114e-08 1.0 0.0 -4.37114e-08 1.0 0.0 -4.37114e-08 1.0 0.0 -4.37114e-08 1.0 0.0 -4.37114e-08 1.0 0.0 -4.37114e-08 1.0 0.0 -4.37114e-08 1.0 0.0 -4.37114e-08 1.0 0.0 -4.37114e-08 1.0 0.0 -4.37114e-08 1.0 0.0 -4.37114e-08 1.0 0.0 -4.37114e-08 1.0 0.0 -4.37114e-08 1.0 0.0 -4.37114e-08 1.0 0.0 -4.37114e-08 1.0 0.0 -4.37114e-08 1.0 0.0 -4.37114e-08 1.0 0.0 -4.37114e-08 1.0 0.0 -4.37114e-08 1.0 0.0 -4.37114e-08 1.0 0.0 -4.37114e-08 1.0 0.0 -4.37114e-08 1.0</float_array><technique_common><accessor source="#mid360-blue-normals-array" count="4758" stride="3"><param name="X" type="float" /><param name="Y" type="float" /><param name="Z" type="float" /></accessor></technique_common></source><vertices id="mid360-blue-vertices"><input semantic="POSITION" source="#mid360-blue-positions" /></vertices><triangles count="4758"><input offset="0" semantic="VERTEX" source="#mid360-blue-vertices" /><input offset="1" semantic="NORMAL" source="#mid360-blue-normals" /><p>0 0 1 0 2 0 3 1 4 1 1 1 3 2 1 2 0 2 5 3 2 3 6 3 5 4 0 4 2 4 7 5 8 5 4 5 7 6 4 6 3 6 9 7 6 7 10 7 9 8 5 8 6 8 11 9 12 9 8 9 11 10 8 10 7 10 13 11 10 11 14 11 13 12 9 12 10 12 15 13 16 13 12 13 15 14 12 14 11 14 17 15 14 15 18 15 17 16 13 16 14 16 19 17 16 17 15 17 19 18 20 18 16 18 21 19 17 19 18 19 21 20 18 20 22 20 23 21 24 21 20 21 23 22 20 22 19 22 25 23 22 23 26 23 25 24 21 24 22 24 27 25 28 25 24 25 27 26 24 26 23 26 29 27 26 27 30 27 29 28 25 28 26 28 31 29 28 29 27 29 31 30 32 30 28 30 33 31 30 31 34 31 33 32 29 32 30 32 35 33 32 33 31 33 35 34 36 34 32 34 37 35 34 35 38 35 37 36 33 36 34 36 39 37 40 37 36 37 39 38 36 38 35 38 41 39 37 39 38 39 41 40 38 40 42 40 43 41 44 41 40 41 43 42 40 42 39 42 45 43 41 43 42 43 45 44 42 44 46 44 47 45 48 45 44 45 47 46 44 46 43 46 49 47 45 47 46 47 49 48 46 48 50 48 51 49 52 49 48 49 51 50 48 50 47 50 53 51 49 51 50 51 53 52 50 52 54 52 55 53 52 53 51 53 55 54 56 54 52 54 57 55 53 55 54 55 57 56 54 56 58 56 59 57 60 57 56 57 59 58 56 58 55 58 61 59 57 59 58 59 61 60 58 60 62 60 63 61 64 61 60 61 63 62 60 62 59 62 65 63 61 63 62 63 65 64 62 64 66 64 67 65 68 65 64 65 67 66 64 66 63 66 69 67 65 67 66 67 70 68 69 68 66 68 71 69 72 69 68 69 71 70 68 70 67 70 73 71 69 71 70 71 74 72 73 72 70 72 75 73 76 73 72 73 75 74 72 74 71 74 77 75 73 75 74 75 78 76 77 76 74 76 79 77 80 77 76 77 79 78 76 78 75 78 81 79 77 79 78 79 82 80 81 80 78 80 83 81 80 81 79 81 83 82 84 82 80 82 85 83 81 83 82 83 86 84 85 84 82 84 87 85 88 85 84 85 87 86 84 86 83 86 89 87 85 87 86 87 90 88 89 88 86 88 91 89 92 89 88 89 91 90 88 90 87 90 93 91 89 91 90 91 94 92 95 92 92 92 94 93 92 93 91 93 96 94 93 94 90 94 97 95 93 95 96 95 98 96 99 96 95 96 98 97 95 97 94 97 100 98 97 98 96 98 101 99 97 99 100 99 102 100 103 100 99 100 102 101 99 101 98 101 104 102 101 102 100 102 105 103 101 103 104 103 106 104 107 104 103 104 106 105 103 105 102 105 108 106 105 106 104 106 109 107 105 107 108 107 110 108 111 108 107 108 110 109 107 109 106 109 112 110 109 110 108 110 113 111 109 111 112 111 114 112 115 112 111 112 114 113 111 113 110 113 116 114 113 114 112 114 117 115 113 115 116 115 118 116 115 116 114 116 119 117 118 117 114 117 120 118 117 118 116 118 121 119 117 119 120 119 122 120 123 120 118 120 122 121 118 121 119 121 124 122 121 122 120 122 125 123 121 123 124 123 126 124 123 124 122 124 127 125 123 125 126 125 128 126 125 126 124 126 128 127 129 127 125 127 130 128 127 128 126 128 131 129 127 129 130 129 132 130 129 130 128 130 132 131 133 131 129 131 134 132 131 132 130 132 134 133 130 133 135 133 136 134 137 134 133 134 136 135 133 135 132 135 138 136 134 136 135 136 139 137 134 137 138 137 140 138 137 138 136 138 140 139 141 139 137 139 142 140 138 140 143 140 142 141 139 141 138 141 144 142 141 142 140 142 144 143 145 143 141 143 146 144 143 144 147 144 146 145 142 145 143 145 148 146 145 146 144 146 148 147 149 147 145 147 150 148 147 148 151 148 150 149 146 149 147 149 152 150 149 150 148 150 152 151 153 151 149 151 154 152 151 152 155 152 154 153 150 153 151 153 156 154 153 154 152 154 156 155 157 155 153 155 158 156 155 156 159 156 158 157 154 157 155 157 160 158 157 158 156 158 160 159 161 159 157 159 162 160 159 160 163 160 162 161 158 161 159 161 164 162 161 162 160 162 164 163 165 163 161 163 166 164 163 164 167 164 166 165 162 165 163 165 168 166 169 166 165 166 168 167 165 167 164 167 170 168 167 168 171 168 170 169 166 169 167 169 172 170 169 170 168 170 172 171 173 171 169 171 174 172 171 172 175 172 174 173 170 173 171 173 176 174 173 174 172 174 176 175 177 175 173 175 178 176 174 176 175 176 178 177 175 177 179 177 180 178 177 178 176 178 180 179 181 179 177 179 182 180 178 180 179 180 182 181 179 181 183 181 184 182 181 182 180 182 184 183 185 183 181 183 186 184 183 184 187 184 186 185 182 185 183 185 188 186 185 186 184 186 188 187 189 187 185 187 190 188 191 188 192 188 190 189 187 189 191 189 190 190 186 190 187 190 193 191 189 191 188 191 193 192 194 192 189 192 195 193 192 193 196 193 195 194 190 194 192 194 197 195 194 195 193 195 197 196 198 196 194 196 199 197 195 197 196 197 200 198 198 198 197 198 200 199 201 199 198 199 202 200 196 200 203 200 202 201 199 201 196 201 204 202 201 202 200 202 204 203 205 203 201 203 206 204 207 204 208 204 206 205 203 205 207 205 206 206 202 206 203 206 209 207 205 207 204 207 209 208 210 208 205 208 211 209 206 209 208 209 212 210 210 210 209 210 212 211 213 211 210 211 214 212 208 212 215 212 214 213 211 213 208 213 216 214 213 214 212 214 216 215 217 215 213 215 218 216 215 216 219 216 218 217 214 217 215 217 220 218 217 218 216 218 220 219 221 219 217 219 222 220 218 220 219 220 222 221 219 221 223 221 224 222 221 222 220 222 224 223 225 223 221 223 226 224 223 224 227 224 226 225 222 225 223 225 228 226 225 226 224 226 228 227 229 227 225 227 230 228 231 228 232 228 230 229 227 229 231 229 230 230 226 230 227 230 233 231 229 231 228 231 233 232 234 232 229 232 235 233 230 233 232 233 236 234 234 234 233 234 236 235 237 235 234 235 238 236 235 236 232 236 238 237 232 237 239 237 240 238 241 238 237 238 240 239 242 239 241 239 240 240 237 240 236 240 243 241 244 241 245 241 243 242 239 242 244 242 243 243 238 243 239 243 246 244 242 244 240 244 247 245 243 245 245 245 248 246 249 246 242 246 248 247 250 247 249 247 248 248 242 248 246 248 251 249 245 249 250 249 251 250 250 250 248 250 251 251 247 251 245 251 252 252 253 252 254 252 255 253 256 253 257 253 255 254 258 254 256 254 255 255 257 255 259 255 260 256 255 256 259 256 260 257 261 257 262 257 260 258 259 258 261 258 263 259 262 259 264 259 263 260 260 260 262 260 265 261 258 261 255 261 265 262 255 262 260 262 265 263 266 263 258 263 267 264 264 264 268 264 267 265 263 265 264 265 269 266 265 266 260 266 269 267 260 267 263 267 270 268 271 268 266 268 270 269 266 269 265 269 272 270 273 270 274 270 275 271 267 271 268 271 275 272 268 272 276 272 277 273 263 273 267 273 277 274 269 274 263 274 278 275 270 275 265 275 278 276 265 276 269 276 279 277 280 277 281 277 279 278 274 278 280 278 279 279 272 279 274 279 282 280 275 280 276 280 282 281 273 281 272 281 282 282 276 282 273 282 283 283 277 283 267 283 283 284 267 284 275 284 284 285 269 285 277 285 284 286 278 286 269 286 285 287 286 287 271 287 285 288 287 288 286 288 285 289 270 289 278 289 285 290 271 290 270 290 288 291 281 291 289 291 288 292 279 292 281 292 290 293 272 293 279 293 290 294 282 294 272 294 291 295 283 295 275 295 291 296 275 296 282 296 292 297 277 297 283 297 292 298 284 298 277 298 293 299 278 299 284 299 293 300 285 300 278 300 294 301 287 301 285 301 294 302 295 302 287 302 296 303 289 303 297 303 296 304 288 304 289 304 298 305 279 305 288 305 298 306 290 306 279 306 299 307 291 307 282 307 299 308 282 308 290 308 300 309 283 309 291 309 300 310 292 310 283 310 301 311 293 311 284 311 301 312 284 312 292 312 302 313 303 313 304 313 305 314 285 314 293 314 305 315 294 315 285 315 306 316 307 316 308 316 306 317 297 317 307 317 306 318 296 318 297 318 309 319 298 319 288 319 309 320 288 320 296 320 310 321 290 321 298 321 310 322 299 322 290 322 311 323 300 323 291 323 311 324 291 324 299 324 312 325 301 325 292 325 312 326 292 326 300 326 313 327 304 327 314 327 313 328 302 328 304 328 315 329 293 329 301 329 315 330 305 330 293 330 316 331 306 331 308 331 316 332 308 332 303 332 316 333 303 333 302 333 317 334 294 334 305 334 317 335 318 335 295 335 317 336 319 336 318 336 317 337 295 337 294 337 320 338 309 338 296 338 320 339 296 339 306 339 321 340 310 340 298 340 321 341 298 341 309 341 322 342 311 342 299 342 322 343 299 343 310 343 323 344 324 344 325 344 326 345 300 345 311 345 326 346 312 346 300 346 327 347 313 347 314 347 327 348 328 348 329 348 327 349 314 349 328 349 330 350 315 350 301 350 330 351 301 351 312 351 331 352 302 352 313 352 331 353 316 353 302 353 332 354 317 354 305 354 332 355 305 355 315 355 333 356 306 356 316 356 333 357 320 357 306 357 334 358 335 358 319 358 334 359 319 359 317 359 336 360 321 360 309 360 336 361 309 361 320 361 337 362 310 362 321 362 337 363 322 363 310 363 338 364 325 364 339 364 338 365 323 365 325 365 340 366 311 366 322 366 340 367 326 367 311 367 341 368 327 368 329 368 341 369 329 369 324 369 341 370 324 370 323 370 342 371 330 371 312 371 342 372 312 372 326 372 343 373 331 373 313 373 343 374 313 374 327 374 344 375 332 375 315 375 344 376 315 376 330 376 345 377 333 377 316 377 345 378 316 378 331 378 346 379 334 379 317 379 346 380 317 380 332 380 347 381 336 381 320 381 347 382 320 382 333 382 348 383 349 383 350 383 348 384 351 384 349 384 352 385 321 385 336 385 352 386 337 386 321 386 353 387 338 387 339 387 353 388 339 388 354 388 355 389 340 389 322 389 355 390 322 390 337 390 356 391 323 391 338 391 356 392 341 392 323 392 357 393 326 393 340 393 357 394 342 394 326 394 358 395 327 395 341 395 358 396 343 396 327 396 359 397 330 397 342 397 359 398 344 398 330 398 360 399 345 399 331 399 360 400 331 400 343 400 361 401 362 401 363 401 361 402 364 402 362 402 365 403 346 403 332 403 365 404 332 404 344 404 366 405 333 405 345 405 366 406 347 406 333 406 367 407 348 407 350 407 367 408 350 408 368 408 369 409 370 409 335 409 369 410 335 410 334 410 369 411 334 411 346 411 371 412 336 412 347 412 371 413 352 413 336 413 372 414 354 414 351 414 372 415 353 415 354 415 372 416 351 416 348 416 373 417 337 417 352 417 373 418 355 418 337 418 374 419 338 419 353 419 374 420 356 420 338 420 375 421 357 421 340 421 375 422 340 422 355 422 376 423 358 423 341 423 376 424 341 424 356 424 377 425 378 425 379 425 380 426 342 426 357 426 380 427 359 427 342 427 381 428 343 428 358 428 381 429 360 429 343 429 382 430 363 430 383 430 382 431 361 431 363 431 384 432 365 432 344 432 384 433 344 433 359 433 385 434 366 434 345 434 385 435 345 435 360 435 386 436 364 436 361 436 386 437 367 437 368 437 386 438 368 438 364 438 387 439 369 439 346 439 387 440 346 440 365 440 388 441 371 441 347 441 388 442 347 442 366 442 389 443 348 443 367 443 389 444 372 444 348 444 390 445 391 445 370 445 390 446 392 446 391 446 390 447 370 447 369 447 393 448 373 448 352 448 393 449 352 449 371 449 394 450 374 450 353 450 394 451 353 451 372 451 395 452 396 452 397 452 398 453 375 453 355 453 398 454 355 454 373 454 399 455 356 455 374 455 399 456 376 456 356 456 400 457 401 457 402 457 400 458 379 458 401 458 400 459 377 459 379 459 403 460 380 460 357 460 403 461 357 461 375 461 404 462 381 462 358 462 404 463 358 463 376 463 405 464 383 464 378 464 405 465 378 465 377 465 405 466 382 466 383 466 406 467 384 467 359 467 406 468 359 468 380 468 407 469 360 469 381 469 407 470 385 470 360 470 408 471 361 471 382 471 408 472 386 472 361 472 409 473 365 473 384 473 409 474 387 474 365 474 410 475 366 475 385 475 410 476 388 476 366 476 411 477 389 477 367 477 411 478 367 478 386 478 412 479 369 479 387 479 412 480 390 480 369 480 413 481 371 481 388 481 413 482 393 482 371 482 414 483 372 483 389 483 414 484 394 484 372 484 415 485 416 485 417 485 415 486 397 486 416 486 415 487 395 487 397 487 418 488 373 488 393 488 418 489 398 489 373 489 419 490 399 490 374 490 419 491 374 491 394 491 420 492 402 492 396 492 420 493 400 493 402 493 420 494 396 494 395 494 421 495 403 495 375 495 421 496 375 496 398 496 422 497 404 497 376 497 422 498 376 498 399 498 423 499 377 499 400 499 423 500 405 500 377 500 424 501 380 501 403 501 424 502 406 502 380 502 425 503 407 503 381 503 425 504 381 504 404 504 426 505 382 505 405 505 426 506 408 506 382 506 427 507 409 507 384 507 427 508 384 508 406 508 428 509 385 509 407 509 428 510 410 510 385 510 429 511 386 511 408 511 429 512 411 512 386 512 430 513 387 513 409 513 430 514 412 514 387 514 431 515 432 515 433 515 431 516 434 516 432 516 435 517 413 517 388 517 435 518 388 518 410 518 436 519 389 519 411 519 436 520 414 520 389 520 437 521 390 521 412 521 437 522 438 522 392 522 437 523 392 523 390 523 439 524 417 524 434 524 439 525 415 525 417 525 440 526 393 526 413 526 440 527 418 527 393 527 441 528 394 528 414 528 441 529 419 529 394 529 442 530 420 530 395 530 442 531 395 531 415 531 443 532 398 532 418 532 443 533 421 533 398 533 444 534 422 534 399 534 444 535 399 535 419 535 445 536 423 536 400 536 445 537 400 537 420 537 446 538 424 538 403 538 446 539 403 539 421 539 447 540 404 540 422 540 447 541 425 541 404 541 448 542 405 542 423 542 448 543 426 543 405 543 449 544 427 544 406 544 449 545 406 545 424 545 450 546 451 546 452 546 453 547 407 547 425 547 453 548 428 548 407 548 454 549 408 549 426 549 454 550 429 550 408 550 455 551 409 551 427 551 455 552 430 552 409 552 456 553 457 553 458 553 456 554 433 554 457 554 456 555 431 555 433 555 459 556 410 556 428 556 459 557 435 557 410 557 460 558 411 558 429 558 460 559 436 559 411 559 461 560 437 560 412 560 461 561 412 561 430 561 462 562 434 562 431 562 462 563 439 563 434 563 463 564 440 564 413 564 463 565 413 565 435 565 464 566 414 566 436 566 464 567 441 567 414 567 465 568 438 568 437 568 465 569 466 569 438 569 465 570 467 570 466 570 468 571 442 571 415 571 468 572 415 572 439 572 469 573 443 573 418 573 469 574 418 574 440 574 470 575 444 575 419 575 470 576 419 576 441 576 471 577 445 577 420 577 471 578 420 578 442 578 472 579 421 579 443 579 472 580 446 580 421 580 473 581 422 581 444 581 473 582 447 582 422 582 474 583 448 583 423 583 474 584 423 584 445 584 475 585 424 585 446 585 475 586 449 586 424 586 476 587 450 587 452 587 476 588 452 588 477 588 478 589 425 589 447 589 478 590 453 590 425 590 479 591 426 591 448 591 479 592 454 592 426 592 480 593 427 593 449 593 480 594 455 594 427 594 481 595 456 595 458 595 481 596 458 596 451 596 481 597 451 597 450 597 482 598 428 598 453 598 482 599 459 599 428 599 483 600 429 600 454 600 483 601 460 601 429 601 484 602 430 602 455 602 484 603 461 603 430 603 485 604 462 604 431 604 485 605 431 605 456 605 486 606 463 606 435 606 486 607 435 607 459 607 487 608 464 608 436 608 487 609 436 609 460 609 488 610 437 610 461 610 488 611 465 611 437 611 489 612 439 612 462 612 489 613 468 613 439 613 490 614 440 614 463 614 490 615 469 615 440 615 491 616 441 616 464 616 491 617 470 617 441 617 492 618 471 618 442 618 492 619 442 619 468 619 493 620 443 620 469 620 493 621 472 621 443 621 494 622 473 622 444 622 494 623 444 623 470 623 495 624 474 624 445 624 495 625 445 625 471 625 496 626 446 626 472 626 496 627 475 627 446 627 497 628 498 628 499 628 497 629 477 629 498 629 497 630 476 630 477 630 500 631 478 631 447 631 500 632 447 632 473 632 501 633 448 633 474 633 501 634 479 634 448 634 502 635 480 635 449 635 502 636 449 636 475 636 503 637 481 637 450 637 503 638 450 638 476 638 504 639 482 639 453 639 504 640 453 640 478 640 505 641 483 641 454 641 505 642 454 642 479 642 506 643 484 643 455 643 506 644 455 644 480 644 507 645 456 645 481 645 507 646 485 646 456 646 508 647 486 647 459 647 508 648 459 648 482 648 509 649 460 649 483 649 509 650 487 650 460 650 510 651 461 651 484 651 510 652 488 652 461 652 511 653 462 653 485 653 511 654 489 654 462 654 512 655 463 655 486 655 512 656 490 656 463 656 513 657 464 657 487 657 513 658 491 658 464 658 514 659 465 659 488 659 514 660 515 660 467 660 514 661 467 661 465 661 516 662 492 662 468 662 516 663 468 663 489 663 517 664 493 664 469 664 517 665 469 665 490 665 518 666 519 666 520 666 521 667 470 667 491 667 521 668 494 668 470 668 522 669 471 669 492 669 522 670 495 670 471 670 523 671 496 671 472 671 523 672 472 672 493 672 524 673 499 673 525 673 524 674 497 674 499 674 526 675 473 675 494 675 526 676 500 676 473 676 527 677 474 677 495 677 527 678 501 678 474 678 528 679 502 679 475 679 528 680 475 680 496 680 529 681 503 681 476 681 529 682 476 682 497 682 530 683 504 683 478 683 530 684 478 684 500 684 531 685 479 685 501 685 531 686 505 686 479 686 532 687 506 687 480 687 532 688 480 688 502 688 533 689 507 689 481 689 533 690 481 690 503 690 534 691 482 691 504 691 534 692 508 692 482 692 535 693 509 693 483 693 535 694 483 694 505 694 536 695 510 695 484 695 536 696 484 696 506 696 537 697 511 697 485 697 537 698 485 698 507 698 538 699 486 699 508 699 538 700 512 700 486 700 539 701 487 701 509 701 539 702 513 702 487 702 540 703 514 703 488 703 540 704 488 704 510 704 541 705 516 705 489 705 541 706 489 706 511 706 542 707 517 707 490 707 542 708 490 708 512 708 543 709 544 709 545 709 543 710 520 710 544 710 543 711 518 711 520 711 546 712 521 712 491 712 546 713 491 713 513 713 547 714 548 714 515 714 547 715 549 715 548 715 547 716 515 716 514 716 550 717 492 717 516 717 550 718 522 718 492 718 551 719 523 719 493 719 551 720 493 720 517 720 552 721 525 721 519 721 552 722 519 722 518 722 552 723 524 723 525 723 553 724 494 724 521 724 553 725 526 725 494 725 554 726 495 726 522 726 554 727 527 727 495 727 555 728 496 728 523 728 555 729 528 729 496 729 556 730 529 730 497 730 556 731 497 731 524 731 557 732 500 732 526 732 557 733 530 733 500 733 558 734 501 734 527 734 558 735 531 735 501 735 559 736 532 736 502 736 559 737 502 737 528 737 560 738 503 738 529 738 560 739 533 739 503 739 561 740 534 740 504 740 561 741 504 741 530 741 562 742 505 742 531 742 562 743 535 743 505 743 563 744 506 744 532 744 563 745 536 745 506 745 564 746 537 746 507 746 564 747 507 747 533 747 565 748 508 748 534 748 565 749 538 749 508 749 566 750 539 750 509 750 566 751 509 751 535 751 567 752 510 752 536 752 567 753 540 753 510 753 568 754 511 754 537 754 568 755 541 755 511 755 569 756 542 756 512 756 569 757 512 757 538 757 570 758 545 758 571 758 570 759 543 759 545 759 572 760 546 760 513 760 572 761 513 761 539 761 573 762 514 762 540 762 573 763 547 763 514 763 574 764 516 764 541 764 574 765 550 765 516 765 575 766 551 766 517 766 575 767 517 767 542 767 576 768 518 768 543 768 576 769 552 769 518 769 577 770 521 770 546 770 577 771 553 771 521 771 578 772 554 772 522 772 578 773 522 773 550 773 579 774 523 774 551 774 579 775 555 775 523 775 580 776 524 776 552 776 580 777 556 777 524 777 581 778 557 778 526 778 581 779 526 779 553 779 582 780 558 780 527 780 582 781 527 781 554 781 583 782 528 782 555 782 583 783 559 783 528 783 584 784 560 784 529 784 584 785 529 785 556 785 585 786 561 786 530 786 585 787 530 787 557 787 586 788 562 788 531 788 586 789 531 789 558 789 587 790 532 790 559 790 587 791 563 791 532 791 588 792 564 792 533 792 588 793 533 793 560 793 589 794 565 794 534 794 589 795 534 795 561 795 590 796 535 796 562 796 590 797 566 797 535 797 591 798 567 798 536 798 591 799 536 799 563 799 592 800 568 800 537 800 592 801 537 801 564 801 593 802 569 802 538 802 593 803 538 803 565 803 594 804 571 804 595 804 594 805 570 805 571 805 596 806 539 806 566 806 596 807 572 807 539 807 597 808 573 808 540 808 597 809 540 809 567 809 598 810 574 810 541 810 598 811 541 811 568 811 599 812 542 812 569 812 599 813 575 813 542 813 600 814 576 814 543 814 600 815 543 815 570 815 601 816 577 816 546 816 601 817 546 817 572 817 602 818 547 818 573 818 602 819 603 819 549 819 602 820 549 820 547 820 604 821 550 821 574 821 604 822 578 822 550 822 605 823 551 823 575 823 605 824 579 824 551 824 606 825 552 825 576 825 606 826 580 826 552 826 607 827 553 827 577 827 607 828 581 828 553 828 608 829 554 829 578 829 608 830 582 830 554 830 609 831 555 831 579 831 609 832 583 832 555 832 610 833 584 833 556 833 610 834 556 834 580 834 611 835 557 835 581 835 611 836 585 836 557 836 612 837 558 837 582 837 612 838 586 838 558 838 613 839 559 839 583 839 613 840 587 840 559 840 614 841 560 841 584 841 614 842 588 842 560 842 615 843 561 843 585 843 615 844 589 844 561 844 616 845 562 845 586 845 616 846 590 846 562 846 617 847 591 847 563 847 617 848 563 848 587 848 618 849 564 849 588 849 618 850 592 850 564 850 619 851 565 851 589 851 619 852 593 852 565 852 620 853 621 853 622 853 620 854 595 854 621 854 620 855 594 855 595 855 623 856 596 856 566 856 623 857 566 857 590 857 624 858 567 858 591 858 624 859 597 859 567 859 625 860 598 860 568 860 625 861 568 861 592 861 626 862 569 862 593 862 626 863 599 863 569 863 627 864 600 864 570 864 627 865 570 865 594 865 628 866 572 866 596 866 628 867 601 867 572 867 629 868 602 868 573 868 629 869 573 869 597 869 630 870 574 870 598 870 630 871 604 871 574 871 631 872 605 872 575 872 631 873 575 873 599 873 632 874 606 874 576 874 632 875 576 875 600 875 633 876 577 876 601 876 633 877 607 877 577 877 634 878 603 878 602 878 634 879 635 879 603 879 636 880 578 880 604 880 636 881 608 881 578 881 637 882 579 882 605 882 637 883 609 883 579 883 638 884 610 884 580 884 638 885 580 885 606 885 639 886 581 886 607 886 639 887 611 887 581 887 640 888 582 888 608 888 640 889 612 889 582 889 641 890 583 890 609 890 641 891 613 891 583 891 642 892 584 892 610 892 642 893 614 893 584 893 643 894 585 894 611 894 643 895 615 895 585 895 644 896 616 896 586 896 644 897 586 897 612 897 645 898 587 898 613 898 645 899 617 899 587 899 646 900 618 900 588 900 646 901 588 901 614 901 647 902 619 902 589 902 647 903 589 903 615 903 648 904 622 904 649 904 648 905 620 905 622 905 650 906 623 906 590 906 650 907 590 907 616 907 651 908 624 908 591 908 651 909 591 909 617 909 652 910 625 910 592 910 652 911 592 911 618 911 653 912 626 912 593 912 653 913 593 913 619 913 654 914 594 914 620 914 654 915 627 915 594 915 655 916 596 916 623 916 655 917 628 917 596 917 656 918 629 918 597 918 656 919 597 919 624 919 657 920 630 920 598 920 657 921 598 921 625 921 658 922 599 922 626 922 658 923 631 923 599 923 659 924 632 924 600 924 659 925 600 925 627 925 660 926 633 926 601 926 660 927 601 927 628 927 661 928 602 928 629 928 661 929 634 929 602 929 662 930 636 930 604 930 662 931 604 931 630 931 663 932 605 932 631 932 663 933 637 933 605 933 664 934 606 934 632 934 664 935 638 935 606 935 665 936 607 936 633 936 665 937 639 937 607 937 666 938 608 938 636 938 666 939 640 939 608 939 667 940 641 940 609 940 667 941 609 941 637 941 668 942 642 942 610 942 668 943 610 943 638 943 669 944 611 944 639 944 669 945 643 945 611 945 670 946 612 946 640 946 670 947 644 947 612 947 671 948 645 948 613 948 671 949 613 949 641 949 672 950 614 950 642 950 672 951 646 951 614 951 673 952 615 952 643 952 673 953 647 953 615 953 674 954 649 954 675 954 674 955 648 955 649 955 676 956 616 956 644 956 676 957 650 957 616 957 677 958 617 958 645 958 677 959 651 959 617 959 678 960 618 960 646 960 678 961 652 961 618 961 679 962 619 962 647 962 679 963 653 963 619 963 680 964 620 964 648 964 680 965 654 965 620 965 681 966 623 966 650 966 681 967 655 967 623 967 682 968 624 968 651 968 682 969 656 969 624 969 683 970 657 970 625 970 683 971 625 971 652 971 684 972 658 972 626 972 684 973 626 973 653 973 685 974 659 974 627 974 685 975 627 975 654 975 686 976 628 976 655 976 686 977 660 977 628 977 687 978 629 978 656 978 687 979 661 979 629 979 688 980 630 980 657 980 688 981 662 981 630 981 689 982 631 982 658 982 689 983 663 983 631 983 690 984 664 984 632 984 690 985 632 985 659 985 691 986 665 986 633 986 691 987 633 987 660 987 692 988 635 988 634 988 692 989 693 989 635 989 692 990 694 990 693 990 692 991 634 991 661 991 695 992 636 992 662 992 695 993 666 993 636 993 696 994 637 994 663 994 696 995 667 995 637 995 697 996 638 996 664 996 697 997 668 997 638 997 698 998 669 998 639 998 698 999 639 999 665 999 699 1000 670 1000 640 1000 699 1001 640 1001 666 1001 700 1002 671 1002 641 1002 700 1003 641 1003 667 1003 701 1004 672 1004 642 1004 701 1005 642 1005 668 1005 702 1006 643 1006 669 1006 702 1007 673 1007 643 1007 703 1008 704 1008 253 1008 703 1009 675 1009 704 1009 703 1010 674 1010 675 1010 705 1011 676 1011 644 1011 705 1012 644 1012 670 1012 706 1013 677 1013 645 1013 706 1014 645 1014 671 1014 707 1015 646 1015 672 1015 707 1016 678 1016 646 1016 708 1017 679 1017 647 1017 708 1018 647 1018 673 1018 709 1019 648 1019 674 1019 709 1020 680 1020 648 1020 710 1021 650 1021 676 1021 710 1022 681 1022 650 1022 711 1023 682 1023 651 1023 711 1024 651 1024 677 1024 712 1025 652 1025 678 1025 712 1026 683 1026 652 1026 713 1027 653 1027 679 1027 713 1028 684 1028 653 1028 714 1029 654 1029 680 1029 714 1030 685 1030 654 1030 715 1031 655 1031 681 1031 715 1032 686 1032 655 1032 716 1033 687 1033 656 1033 716 1034 656 1034 682 1034 717 1035 688 1035 657 1035 717 1036 657 1036 683 1036 718 1037 658 1037 684 1037 718 1038 689 1038 658 1038 719 1039 659 1039 685 1039 719 1040 690 1040 659 1040 720 1041 660 1041 686 1041 720 1042 691 1042 660 1042 721 1043 661 1043 687 1043 721 1044 692 1044 661 1044 722 1045 662 1045 688 1045 722 1046 695 1046 662 1046 723 1047 696 1047 663 1047 723 1048 663 1048 689 1048 724 1049 697 1049 664 1049 724 1050 664 1050 690 1050 725 1051 698 1051 665 1051 725 1052 665 1052 691 1052 726 1053 727 1053 694 1053 726 1054 694 1054 692 1054 728 1055 666 1055 695 1055 728 1056 699 1056 666 1056 729 1057 667 1057 696 1057 729 1058 700 1058 667 1058 730 1059 668 1059 697 1059 730 1060 701 1060 668 1060 731 1061 669 1061 698 1061 731 1062 702 1062 669 1062 732 1063 253 1063 252 1063 732 1064 703 1064 253 1064 732 1065 252 1065 733 1065 734 1066 670 1066 699 1066 734 1067 705 1067 670 1067 735 1068 671 1068 700 1068 735 1069 706 1069 671 1069 736 1070 672 1070 701 1070 736 1071 707 1071 672 1071 737 1072 708 1072 673 1072 737 1073 673 1073 702 1073 738 1074 709 1074 674 1074 738 1075 674 1075 703 1075 739 1076 710 1076 676 1076 739 1077 676 1077 705 1077 740 1078 711 1078 677 1078 740 1079 677 1079 706 1079 741 1080 678 1080 707 1080 741 1081 712 1081 678 1081 742 1082 713 1082 679 1082 742 1083 679 1083 708 1083 743 1084 714 1084 680 1084 743 1085 680 1085 709 1085 744 1086 681 1086 710 1086 744 1087 715 1087 681 1087 745 1088 682 1088 711 1088 745 1089 716 1089 682 1089 746 1090 717 1090 683 1090 746 1091 683 1091 712 1091 747 1092 684 1092 713 1092 747 1093 718 1093 684 1093 748 1094 719 1094 685 1094 748 1095 685 1095 714 1095 749 1096 686 1096 715 1096 749 1097 720 1097 686 1097 750 1098 721 1098 687 1098 750 1099 687 1099 716 1099 751 1100 722 1100 688 1100 751 1101 688 1101 717 1101 752 1102 723 1102 689 1102 752 1103 689 1103 718 1103 753 1104 724 1104 690 1104 753 1105 690 1105 719 1105 754 1106 691 1106 720 1106 754 1107 725 1107 691 1107 755 1108 726 1108 692 1108 755 1109 692 1109 721 1109 755 1110 756 1110 727 1110 755 1111 727 1111 726 1111 757 1112 695 1112 722 1112 757 1113 728 1113 695 1113 758 1114 729 1114 696 1114 758 1115 696 1115 723 1115 759 1116 697 1116 724 1116 759 1117 730 1117 697 1117 760 1118 731 1118 698 1118 760 1119 698 1119 725 1119 761 1120 699 1120 728 1120 761 1121 734 1121 699 1121 762 1122 700 1122 729 1122 762 1123 735 1123 700 1123 763 1124 736 1124 701 1124 763 1125 701 1125 730 1125 764 1126 737 1126 702 1126 764 1127 702 1127 731 1127 765 1128 703 1128 732 1128 765 1129 732 1129 733 1129 765 1130 766 1130 767 1130 765 1131 733 1131 766 1131 765 1132 738 1132 703 1132 768 1133 705 1133 734 1133 768 1134 739 1134 705 1134 769 1135 706 1135 735 1135 769 1136 740 1136 706 1136 770 1137 741 1137 707 1137 770 1138 707 1138 736 1138 771 1139 708 1139 737 1139 771 1140 742 1140 708 1140 772 1141 709 1141 738 1141 772 1142 743 1142 709 1142 773 1143 710 1143 739 1143 773 1144 744 1144 710 1144 774 1145 745 1145 711 1145 774 1146 711 1146 740 1146 775 1147 712 1147 741 1147 775 1148 746 1148 712 1148 776 1149 747 1149 713 1149 776 1150 713 1150 742 1150 777 1151 714 1151 743 1151 777 1152 748 1152 714 1152 778 1153 715 1153 744 1153 778 1154 749 1154 715 1154 779 1155 750 1155 716 1155 779 1156 716 1156 745 1156 780 1157 717 1157 746 1157 780 1158 751 1158 717 1158 781 1159 718 1159 747 1159 781 1160 752 1160 718 1160 782 1161 719 1161 748 1161 782 1162 753 1162 719 1162 783 1163 720 1163 749 1163 783 1164 754 1164 720 1164 784 1165 756 1165 755 1165 784 1166 755 1166 721 1166 784 1167 721 1167 750 1167 785 1168 722 1168 751 1168 785 1169 757 1169 722 1169 786 1170 758 1170 723 1170 786 1171 723 1171 752 1171 787 1172 724 1172 753 1172 787 1173 759 1173 724 1173 788 1174 725 1174 754 1174 788 1175 760 1175 725 1175 789 1176 728 1176 757 1176 789 1177 761 1177 728 1177 790 1178 729 1178 758 1178 790 1179 762 1179 729 1179 791 1180 763 1180 730 1180 791 1181 730 1181 759 1181 792 1182 764 1182 731 1182 792 1183 731 1183 760 1183 793 1184 734 1184 761 1184 793 1185 768 1185 734 1185 794 1186 735 1186 762 1186 794 1187 769 1187 735 1187 795 1188 770 1188 736 1188 795 1189 736 1189 763 1189 796 1190 737 1190 764 1190 796 1191 771 1191 737 1191 797 1192 772 1192 738 1192 797 1193 738 1193 765 1193 798 1194 739 1194 768 1194 798 1195 773 1195 739 1195 799 1196 740 1196 769 1196 799 1197 774 1197 740 1197 800 1198 741 1198 770 1198 800 1199 775 1199 741 1199 801 1200 776 1200 742 1200 801 1201 742 1201 771 1201 802 1202 743 1202 772 1202 802 1203 777 1203 743 1203 803 1204 778 1204 744 1204 803 1205 744 1205 773 1205 804 1206 779 1206 745 1206 804 1207 745 1207 774 1207 805 1208 746 1208 775 1208 805 1209 780 1209 746 1209 806 1210 781 1210 747 1210 806 1211 747 1211 776 1211 807 1212 748 1212 777 1212 807 1213 782 1213 748 1213 808 1214 749 1214 778 1214 808 1215 783 1215 749 1215 809 1216 784 1216 750 1216 809 1217 756 1217 784 1217 809 1218 750 1218 779 1218 810 1219 785 1219 751 1219 810 1220 751 1220 780 1220 811 1221 752 1221 781 1221 811 1222 786 1222 752 1222 812 1223 753 1223 782 1223 812 1224 787 1224 753 1224 813 1225 754 1225 783 1225 813 1226 788 1226 754 1226 814 1227 757 1227 785 1227 814 1228 789 1228 757 1228 815 1229 790 1229 758 1229 815 1230 758 1230 786 1230 816 1231 759 1231 787 1231 816 1232 791 1232 759 1232 817 1233 760 1233 788 1233 817 1234 792 1234 760 1234 818 1235 761 1235 789 1235 818 1236 793 1236 761 1236 819 1237 762 1237 790 1237 819 1238 794 1238 762 1238 820 1239 795 1239 763 1239 820 1240 763 1240 791 1240 821 1241 796 1241 764 1241 821 1242 764 1242 792 1242 822 1243 797 1243 765 1243 822 1244 767 1244 823 1244 822 1245 765 1245 767 1245 824 1246 768 1246 793 1246 824 1247 798 1247 768 1247 825 1248 799 1248 769 1248 825 1249 769 1249 794 1249 826 1250 770 1250 795 1250 826 1251 800 1251 770 1251 827 1252 801 1252 771 1252 827 1253 771 1253 796 1253 828 1254 802 1254 772 1254 828 1255 772 1255 797 1255 829 1256 773 1256 798 1256 829 1257 803 1257 773 1257 830 1258 804 1258 774 1258 830 1259 774 1259 799 1259 831 1260 775 1260 800 1260 831 1261 805 1261 775 1261 832 1262 806 1262 776 1262 832 1263 776 1263 801 1263 833 1264 807 1264 777 1264 833 1265 777 1265 802 1265 834 1266 808 1266 778 1266 834 1267 778 1267 803 1267 835 1268 779 1268 804 1268 835 1269 756 1269 809 1269 835 1270 809 1270 779 1270 836 1271 780 1271 805 1271 836 1272 810 1272 780 1272 837 1273 781 1273 806 1273 837 1274 811 1274 781 1274 838 1275 782 1275 807 1275 838 1276 812 1276 782 1276 839 1277 813 1277 783 1277 839 1278 783 1278 808 1278 840 1279 814 1279 785 1279 840 1280 785 1280 810 1280 841 1281 786 1281 811 1281 841 1282 815 1282 786 1282 842 1283 787 1283 812 1283 842 1284 816 1284 787 1284 843 1285 788 1285 813 1285 843 1286 817 1286 788 1286 844 1287 789 1287 814 1287 844 1288 818 1288 789 1288 845 1289 790 1289 815 1289 845 1290 819 1290 790 1290 846 1291 791 1291 816 1291 846 1292 820 1292 791 1292 847 1293 821 1293 792 1293 847 1294 792 1294 817 1294 848 1295 793 1295 818 1295 848 1296 824 1296 793 1296 849 1297 825 1297 794 1297 849 1298 794 1298 819 1298 850 1299 795 1299 820 1299 850 1300 826 1300 795 1300 851 1301 796 1301 821 1301 851 1302 827 1302 796 1302 852 1303 822 1303 823 1303 852 1304 797 1304 822 1304 852 1305 828 1305 797 1305 852 1306 823 1306 853 1306 854 1307 798 1307 824 1307 854 1308 829 1308 798 1308 855 1309 799 1309 825 1309 855 1310 830 1310 799 1310 856 1311 831 1311 800 1311 856 1312 800 1312 826 1312 857 1313 832 1313 801 1313 857 1314 801 1314 827 1314 858 1315 833 1315 802 1315 858 1316 802 1316 828 1316 859 1317 803 1317 829 1317 859 1318 834 1318 803 1318 860 1319 835 1319 804 1319 860 1320 804 1320 830 1320 860 1321 756 1321 835 1321 861 1322 805 1322 831 1322 861 1323 836 1323 805 1323 862 1324 837 1324 806 1324 862 1325 806 1325 832 1325 863 1326 838 1326 807 1326 863 1327 807 1327 833 1327 864 1328 839 1328 808 1328 864 1329 808 1329 834 1329 865 1330 810 1330 836 1330 865 1331 840 1331 810 1331 866 1332 811 1332 837 1332 866 1333 841 1333 811 1333 867 1334 812 1334 838 1334 867 1335 842 1335 812 1335 868 1336 813 1336 839 1336 868 1337 843 1337 813 1337 869 1338 844 1338 814 1338 869 1339 814 1339 840 1339 870 1340 815 1340 841 1340 870 1341 845 1341 815 1341 871 1342 816 1342 842 1342 871 1343 846 1343 816 1343 872 1344 847 1344 817 1344 872 1345 817 1345 843 1345 873 1346 848 1346 818 1346 873 1347 818 1347 844 1347 874 1348 819 1348 845 1348 874 1349 849 1349 819 1349 875 1350 820 1350 846 1350 875 1351 850 1351 820 1351 876 1352 851 1352 821 1352 876 1353 821 1353 847 1353 877 1354 824 1354 848 1354 877 1355 854 1355 824 1355 878 1356 855 1356 825 1356 878 1357 825 1357 849 1357 879 1358 826 1358 850 1358 879 1359 856 1359 826 1359 880 1360 827 1360 851 1360 880 1361 857 1361 827 1361 881 1362 828 1362 852 1362 881 1363 858 1363 828 1363 882 1364 829 1364 854 1364 882 1365 859 1365 829 1365 883 1366 830 1366 855 1366 883 1367 860 1367 830 1367 883 1368 756 1368 860 1368 884 1369 831 1369 856 1369 884 1370 861 1370 831 1370 885 1371 862 1371 832 1371 885 1372 832 1372 857 1372 886 1373 863 1373 833 1373 886 1374 833 1374 858 1374 887 1375 834 1375 859 1375 887 1376 864 1376 834 1376 888 1377 865 1377 836 1377 888 1378 836 1378 861 1378 889 1379 866 1379 837 1379 889 1380 837 1380 862 1380 890 1381 838 1381 863 1381 890 1382 867 1382 838 1382 891 1383 839 1383 864 1383 891 1384 868 1384 839 1384 892 1385 840 1385 865 1385 892 1386 869 1386 840 1386 893 1387 841 1387 866 1387 893 1388 870 1388 841 1388 894 1389 842 1389 867 1389 894 1390 871 1390 842 1390 895 1391 872 1391 843 1391 895 1392 843 1392 868 1392 896 1393 844 1393 869 1393 896 1394 873 1394 844 1394 897 1395 874 1395 845 1395 897 1396 845 1396 870 1396 898 1397 875 1397 846 1397 898 1398 846 1398 871 1398 899 1399 847 1399 872 1399 899 1400 876 1400 847 1400 900 1401 848 1401 873 1401 900 1402 877 1402 848 1402 901 1403 849 1403 874 1403 901 1404 878 1404 849 1404 902 1405 850 1405 875 1405 902 1406 879 1406 850 1406 903 1407 851 1407 876 1407 903 1408 880 1408 851 1408 904 1409 852 1409 853 1409 904 1410 881 1410 852 1410 904 1411 905 1411 906 1411 904 1412 853 1412 905 1412 907 1413 854 1413 877 1413 907 1414 882 1414 854 1414 908 1415 855 1415 878 1415 908 1416 756 1416 883 1416 908 1417 883 1417 855 1417 909 1418 856 1418 879 1418 909 1419 884 1419 856 1419 910 1420 885 1420 857 1420 910 1421 857 1421 880 1421 911 1422 858 1422 881 1422 911 1423 886 1423 858 1423 912 1424 887 1424 859 1424 912 1425 859 1425 882 1425 913 1426 861 1426 884 1426 913 1427 888 1427 861 1427 914 1428 862 1428 885 1428 914 1429 889 1429 862 1429 915 1430 863 1430 886 1430 915 1431 890 1431 863 1431 916 1432 864 1432 887 1432 916 1433 891 1433 864 1433 917 1434 892 1434 865 1434 917 1435 865 1435 888 1435 918 1436 866 1436 889 1436 918 1437 893 1437 866 1437 919 1438 867 1438 890 1438 919 1439 894 1439 867 1439 920 1440 868 1440 891 1440 920 1441 895 1441 868 1441 921 1442 869 1442 892 1442 921 1443 896 1443 869 1443 922 1444 870 1444 893 1444 922 1445 897 1445 870 1445 923 1446 871 1446 894 1446 923 1447 898 1447 871 1447 924 1448 872 1448 895 1448 924 1449 899 1449 872 1449 925 1450 873 1450 896 1450 925 1451 900 1451 873 1451 926 1452 874 1452 897 1452 926 1453 901 1453 874 1453 927 1454 875 1454 898 1454 927 1455 902 1455 875 1455 928 1456 903 1456 876 1456 928 1457 876 1457 899 1457 929 1458 907 1458 877 1458 929 1459 877 1459 900 1459 930 1460 908 1460 878 1460 930 1461 756 1461 908 1461 930 1462 878 1462 901 1462 931 1463 879 1463 902 1463 931 1464 909 1464 879 1464 932 1465 910 1465 880 1465 932 1466 880 1466 903 1466 933 1467 911 1467 881 1467 933 1468 881 1468 904 1468 933 1469 904 1469 906 1469 933 1470 906 1470 934 1470 935 1471 912 1471 882 1471 935 1472 882 1472 907 1472 936 1473 913 1473 884 1473 936 1474 884 1474 909 1474 937 1475 914 1475 885 1475 937 1476 885 1476 910 1476 938 1477 886 1477 911 1477 938 1478 915 1478 886 1478 939 1479 916 1479 887 1479 939 1480 887 1480 912 1480 940 1481 917 1481 888 1481 940 1482 888 1482 913 1482 941 1483 889 1483 914 1483 941 1484 918 1484 889 1484 942 1485 890 1485 915 1485 942 1486 919 1486 890 1486 943 1487 891 1487 916 1487 943 1488 920 1488 891 1488 944 1489 892 1489 917 1489 944 1490 921 1490 892 1490 945 1491 922 1491 893 1491 945 1492 893 1492 918 1492 946 1493 923 1493 894 1493 946 1494 894 1494 919 1494 947 1495 924 1495 895 1495 947 1496 895 1496 920 1496 948 1497 896 1497 921 1497 948 1498 925 1498 896 1498 949 1499 897 1499 922 1499 949 1500 926 1500 897 1500 950 1501 898 1501 923 1501 950 1502 927 1502 898 1502 951 1503 928 1503 899 1503 951 1504 899 1504 924 1504 952 1505 900 1505 925 1505 952 1506 929 1506 900 1506 953 1507 901 1507 926 1507 953 1508 756 1508 930 1508 953 1509 930 1509 901 1509 954 1510 931 1510 902 1510 954 1511 902 1511 927 1511 955 1512 903 1512 928 1512 955 1513 932 1513 903 1513 956 1514 907 1514 929 1514 956 1515 935 1515 907 1515 957 1516 909 1516 931 1516 957 1517 936 1517 909 1517 958 1518 937 1518 910 1518 958 1519 910 1519 932 1519 959 1520 938 1520 911 1520 959 1521 911 1521 933 1521 960 1522 939 1522 912 1522 960 1523 912 1523 935 1523 961 1524 913 1524 936 1524 961 1525 940 1525 913 1525 962 1526 914 1526 937 1526 962 1527 941 1527 914 1527 963 1528 942 1528 915 1528 963 1529 915 1529 938 1529 964 1530 943 1530 916 1530 964 1531 916 1531 939 1531 965 1532 944 1532 917 1532 965 1533 917 1533 940 1533 966 1534 945 1534 918 1534 966 1535 918 1535 941 1535 967 1536 919 1536 942 1536 967 1537 946 1537 919 1537 968 1538 947 1538 920 1538 968 1539 920 1539 943 1539 969 1540 921 1540 944 1540 969 1541 948 1541 921 1541 970 1542 922 1542 945 1542 970 1543 949 1543 922 1543 971 1544 950 1544 923 1544 971 1545 923 1545 946 1545 972 1546 924 1546 947 1546 972 1547 951 1547 924 1547 973 1548 952 1548 925 1548 973 1549 925 1549 948 1549 974 1550 756 1550 953 1550 974 1551 953 1551 926 1551 974 1552 926 1552 949 1552 975 1553 954 1553 927 1553 975 1554 927 1554 950 1554 976 1555 955 1555 928 1555 976 1556 928 1556 951 1556 977 1557 929 1557 952 1557 977 1558 956 1558 929 1558 978 1559 931 1559 954 1559 978 1560 957 1560 931 1560 979 1561 932 1561 955 1561 979 1562 958 1562 932 1562 980 1563 933 1563 934 1563 980 1564 959 1564 933 1564 980 1565 981 1565 982 1565 980 1566 934 1566 981 1566 983 1567 935 1567 956 1567 983 1568 960 1568 935 1568 984 1569 961 1569 936 1569 984 1570 936 1570 957 1570 985 1571 962 1571 937 1571 985 1572 937 1572 958 1572 986 1573 963 1573 938 1573 986 1574 938 1574 959 1574 987 1575 939 1575 960 1575 987 1576 964 1576 939 1576 988 1577 965 1577 940 1577 988 1578 940 1578 961 1578 989 1579 941 1579 962 1579 989 1580 966 1580 941 1580 990 1581 942 1581 963 1581 990 1582 967 1582 942 1582 991 1583 943 1583 964 1583 991 1584 968 1584 943 1584 992 1585 944 1585 965 1585 992 1586 969 1586 944 1586 993 1587 945 1587 966 1587 993 1588 970 1588 945 1588 994 1589 946 1589 967 1589 994 1590 971 1590 946 1590 995 1591 972 1591 947 1591 995 1592 947 1592 968 1592 996 1593 973 1593 948 1593 996 1594 948 1594 969 1594 997 1595 756 1595 974 1595 997 1596 949 1596 970 1596 997 1597 974 1597 949 1597 998 1598 975 1598 950 1598 998 1599 950 1599 971 1599 999 1600 951 1600 972 1600 999 1601 976 1601 951 1601 1000 1602 977 1602 952 1602 1000 1603 952 1603 973 1603 1001 1604 978 1604 954 1604 1001 1605 954 1605 975 1605 1002 1606 979 1606 955 1606 1002 1607 955 1607 976 1607 1003 1608 983 1608 956 1608 1003 1609 956 1609 977 1609 1004 1610 957 1610 978 1610 1004 1611 984 1611 957 1611 1005 1612 958 1612 979 1612 1005 1613 985 1613 958 1613 1006 1614 980 1614 982 1614 1006 1615 986 1615 959 1615 1006 1616 982 1616 1007 1616 1006 1617 959 1617 980 1617 1008 1618 987 1618 960 1618 1008 1619 960 1619 983 1619 1009 1620 988 1620 961 1620 1009 1621 961 1621 984 1621 1010 1622 989 1622 962 1622 1010 1623 962 1623 985 1623 1011 1624 990 1624 963 1624 1011 1625 963 1625 986 1625 1012 1626 964 1626 987 1626 1012 1627 991 1627 964 1627 1013 1628 992 1628 965 1628 1013 1629 965 1629 988 1629 1014 1630 966 1630 989 1630 1014 1631 993 1631 966 1631 1015 1632 967 1632 990 1632 1015 1633 994 1633 967 1633 1016 1634 968 1634 991 1634 1016 1635 995 1635 968 1635 1017 1636 996 1636 969 1636 1017 1637 969 1637 992 1637 1018 1638 970 1638 993 1638 1018 1639 756 1639 997 1639 1018 1640 997 1640 970 1640 1019 1641 971 1641 994 1641 1019 1642 998 1642 971 1642 1020 1643 999 1643 972 1643 1020 1644 972 1644 995 1644 1021 1645 973 1645 996 1645 1021 1646 1000 1646 973 1646 1022 1647 975 1647 998 1647 1022 1648 1001 1648 975 1648 1023 1649 976 1649 999 1649 1023 1650 1002 1650 976 1650 1024 1651 977 1651 1000 1651 1024 1652 1003 1652 977 1652 1025 1653 978 1653 1001 1653 1025 1654 1004 1654 978 1654 1026 1655 1005 1655 979 1655 1026 1656 979 1656 1002 1656 1027 1657 983 1657 1003 1657 1027 1658 1008 1658 983 1658 1028 1659 984 1659 1004 1659 1028 1660 1009 1660 984 1660 1029 1661 1010 1661 985 1661 1029 1662 985 1662 1005 1662 1030 1663 1011 1663 986 1663 1030 1664 986 1664 1006 1664 1031 1665 1012 1665 987 1665 1031 1666 987 1666 1008 1666 1032 1667 1013 1667 988 1667 1032 1668 988 1668 1009 1668 1033 1669 1014 1669 989 1669 1033 1670 989 1670 1010 1670 1034 1671 1015 1671 990 1671 1034 1672 990 1672 1011 1672 1035 1673 1016 1673 991 1673 1035 1674 991 1674 1012 1674 1036 1675 992 1675 1013 1675 1036 1676 1017 1676 992 1676 1037 1677 1018 1677 993 1677 1037 1678 993 1678 1014 1678 1037 1679 756 1679 1018 1679 1038 1680 994 1680 1015 1680 1038 1681 1019 1681 994 1681 1039 1682 995 1682 1016 1682 1039 1683 1020 1683 995 1683 1040 1684 1021 1684 996 1684 1040 1685 996 1685 1017 1685 1041 1686 998 1686 1019 1686 1041 1687 1022 1687 998 1687 1042 1688 999 1688 1020 1688 1042 1689 1023 1689 999 1689 1043 1690 1024 1690 1000 1690 1043 1691 1000 1691 1021 1691 1044 1692 1025 1692 1001 1692 1044 1693 1001 1693 1022 1693 1045 1694 1002 1694 1023 1694 1045 1695 1026 1695 1002 1695 1046 1696 1003 1696 1024 1696 1046 1697 1027 1697 1003 1697 1047 1698 1028 1698 1004 1698 1047 1699 1004 1699 1025 1699 1048 1700 1029 1700 1005 1700 1048 1701 1005 1701 1026 1701 1049 1702 1030 1702 1006 1702 1049 1703 1006 1703 1007 1703 1049 1704 1050 1704 1051 1704 1049 1705 1007 1705 1050 1705 1052 1706 1008 1706 1027 1706 1052 1707 1031 1707 1008 1707 1053 1708 1009 1708 1028 1708 1053 1709 1032 1709 1009 1709 1054 1710 1033 1710 1010 1710 1054 1711 1010 1711 1029 1711 1055 1712 1034 1712 1011 1712 1055 1713 1011 1713 1030 1713 1056 1714 1012 1714 1031 1714 1056 1715 1035 1715 1012 1715 1057 1716 1013 1716 1032 1716 1057 1717 1036 1717 1013 1717 1058 1718 1014 1718 1033 1718 1058 1719 1037 1719 1014 1719 1058 1720 756 1720 1037 1720 1059 1721 1015 1721 1034 1721 1059 1722 1038 1722 1015 1722 1060 1723 1016 1723 1035 1723 1060 1724 1039 1724 1016 1724 1061 1725 1040 1725 1017 1725 1061 1726 1017 1726 1036 1726 1062 1727 1041 1727 1019 1727 1062 1728 1019 1728 1038 1728 1063 1729 1042 1729 1020 1729 1063 1730 1020 1730 1039 1730 1064 1731 1021 1731 1040 1731 1064 1732 1043 1732 1021 1732 1065 1733 1022 1733 1041 1733 1065 1734 1044 1734 1022 1734 1066 1735 1045 1735 1023 1735 1066 1736 1023 1736 1042 1736 1067 1737 1024 1737 1043 1737 1067 1738 1046 1738 1024 1738 1068 1739 1025 1739 1044 1739 1068 1740 1047 1740 1025 1740 1069 1741 1026 1741 1045 1741 1069 1742 1048 1742 1026 1742 1070 1743 1027 1743 1046 1743 1070 1744 1052 1744 1027 1744 1071 1745 1028 1745 1047 1745 1071 1746 1053 1746 1028 1746 1072 1747 1054 1747 1029 1747 1072 1748 1029 1748 1048 1748 1073 1749 1030 1749 1049 1749 1073 1750 1051 1750 1074 1750 1073 1751 1055 1751 1030 1751 1073 1752 1049 1752 1051 1752 1075 1753 1056 1753 1031 1753 1075 1754 1031 1754 1052 1754 1076 1755 1057 1755 1032 1755 1076 1756 1032 1756 1053 1756 1077 1757 756 1757 1058 1757 1077 1758 1033 1758 1054 1758 1077 1759 1058 1759 1033 1759 1078 1760 1034 1760 1055 1760 1078 1761 1059 1761 1034 1761 1079 1762 1060 1762 1035 1762 1079 1763 1035 1763 1056 1763 1080 1764 1036 1764 1057 1764 1080 1765 1061 1765 1036 1765 1081 1766 1062 1766 1038 1766 1081 1767 1038 1767 1059 1767 1082 1768 1063 1768 1039 1768 1082 1769 1039 1769 1060 1769 1083 1770 1064 1770 1040 1770 1083 1771 1040 1771 1061 1771 1084 1772 1041 1772 1062 1772 1084 1773 1065 1773 1041 1773 1085 1774 1066 1774 1042 1774 1085 1775 1042 1775 1063 1775 1086 1776 1043 1776 1064 1776 1086 1777 1067 1777 1043 1777 1087 1778 1068 1778 1044 1778 1087 1779 1044 1779 1065 1779 1088 1780 1045 1780 1066 1780 1088 1781 1069 1781 1045 1781 1089 1782 1046 1782 1067 1782 1089 1783 1070 1783 1046 1783 1090 1784 1071 1784 1047 1784 1090 1785 1047 1785 1068 1785 1091 1786 1048 1786 1069 1786 1091 1787 1072 1787 1048 1787 1092 1788 1052 1788 1070 1788 1092 1789 1075 1789 1052 1789 1093 1790 1053 1790 1071 1790 1093 1791 1076 1791 1053 1791 1094 1792 1054 1792 1072 1792 1094 1793 1077 1793 1054 1793 1094 1794 756 1794 1077 1794 1095 1795 1078 1795 1055 1795 1095 1796 1055 1796 1073 1796 1096 1797 1056 1797 1075 1797 1096 1798 1079 1798 1056 1798 1097 1799 1080 1799 1057 1799 1097 1800 1057 1800 1076 1800 1098 1801 1081 1801 1059 1801 1098 1802 1059 1802 1078 1802 1099 1803 1060 1803 1079 1803 1099 1804 1082 1804 1060 1804 1100 1805 1061 1805 1080 1805 1100 1806 1083 1806 1061 1806 1101 1807 1084 1807 1062 1807 1101 1808 1062 1808 1081 1808 1102 1809 1063 1809 1082 1809 1102 1810 1085 1810 1063 1810 1103 1811 1064 1811 1083 1811 1103 1812 1086 1812 1064 1812 1104 1813 1065 1813 1084 1813 1104 1814 1087 1814 1065 1814 1105 1815 1066 1815 1085 1815 1105 1816 1088 1816 1066 1816 1106 1817 1067 1817 1086 1817 1106 1818 1089 1818 1067 1818 1107 1819 1068 1819 1087 1819 1107 1820 1090 1820 1068 1820 1108 1821 1069 1821 1088 1821 1108 1822 1091 1822 1069 1822 1109 1823 1092 1823 1070 1823 1109 1824 1070 1824 1089 1824 1110 1825 1071 1825 1090 1825 1110 1826 1093 1826 1071 1826 1111 1827 756 1827 1094 1827 1111 1828 1094 1828 1072 1828 1111 1829 1072 1829 1091 1829 1112 1830 1073 1830 1074 1830 1112 1831 1074 1831 1113 1831 1112 1832 1095 1832 1073 1832 1114 1833 1075 1833 1092 1833 1114 1834 1096 1834 1075 1834 1115 1835 1076 1835 1093 1835 1115 1836 1097 1836 1076 1836 1116 1837 1078 1837 1095 1837 1116 1838 1098 1838 1078 1838 1117 1839 1079 1839 1096 1839 1117 1840 1099 1840 1079 1840 1118 1841 1080 1841 1097 1841 1118 1842 1100 1842 1080 1842 1119 1843 1081 1843 1098 1843 1119 1844 1101 1844 1081 1844 1120 1845 1082 1845 1099 1845 1120 1846 1102 1846 1082 1846 1121 1847 1083 1847 1100 1847 1121 1848 1103 1848 1083 1848 1122 1849 1084 1849 1101 1849 1122 1850 1104 1850 1084 1850 1123 1851 1085 1851 1102 1851 1123 1852 1105 1852 1085 1852 1124 1853 1086 1853 1103 1853 1124 1854 1106 1854 1086 1854 1125 1855 1087 1855 1104 1855 1125 1856 1107 1856 1087 1856 1126 1857 1108 1857 1088 1857 1126 1858 1088 1858 1105 1858 1127 1859 1089 1859 1106 1859 1127 1860 1109 1860 1089 1860 1128 1861 1090 1861 1107 1861 1128 1862 1110 1862 1090 1862 1129 1863 756 1863 1111 1863 1129 1864 1111 1864 1091 1864 1129 1865 1091 1865 1108 1865 1130 1866 1092 1866 1109 1866 1130 1867 1114 1867 1092 1867 1131 1868 1093 1868 1110 1868 1131 1869 1115 1869 1093 1869 1132 1870 1095 1870 1112 1870 1132 1871 1116 1871 1095 1871 1132 1872 1112 1872 1113 1872 1132 1873 1133 1873 1134 1873 1132 1874 1113 1874 1133 1874 1135 1875 1117 1875 1096 1875 1135 1876 1096 1876 1114 1876 1136 1877 1097 1877 1115 1877 1136 1878 1118 1878 1097 1878 1137 1879 1119 1879 1098 1879 1137 1880 1098 1880 1116 1880 1138 1881 1099 1881 1117 1881 1138 1882 1120 1882 1099 1882 1139 1883 1100 1883 1118 1883 1139 1884 1121 1884 1100 1884 1140 1885 1122 1885 1101 1885 1140 1886 1101 1886 1119 1886 1141 1887 1102 1887 1120 1887 1141 1888 1123 1888 1102 1888 1142 1889 1103 1889 1121 1889 1142 1890 1124 1890 1103 1890 1143 1891 1104 1891 1122 1891 1143 1892 1125 1892 1104 1892 1144 1893 1105 1893 1123 1893 1144 1894 1126 1894 1105 1894 1145 1895 1127 1895 1106 1895 1145 1896 1106 1896 1124 1896 1146 1897 1128 1897 1107 1897 1146 1898 1107 1898 1125 1898 1147 1899 1129 1899 1108 1899 1147 1900 756 1900 1129 1900 1147 1901 1108 1901 1126 1901 1148 1902 1109 1902 1127 1902 1148 1903 1130 1903 1109 1903 1149 1904 1110 1904 1128 1904 1149 1905 1131 1905 1110 1905 1150 1906 1114 1906 1130 1906 1150 1907 1135 1907 1114 1907 1151 1908 1115 1908 1131 1908 1151 1909 1136 1909 1115 1909 1152 1910 1116 1910 1132 1910 1152 1911 1137 1911 1116 1911 1153 1912 1117 1912 1135 1912 1153 1913 1138 1913 1117 1913 1154 1914 1118 1914 1136 1914 1154 1915 1139 1915 1118 1915 1155 1916 1119 1916 1137 1916 1155 1917 1140 1917 1119 1917 1156 1918 1141 1918 1120 1918 1156 1919 1120 1919 1138 1919 1157 1920 1142 1920 1121 1920 1157 1921 1121 1921 1139 1921 1158 1922 1122 1922 1140 1922 1158 1923 1143 1923 1122 1923 1159 1924 1144 1924 1123 1924 1159 1925 1123 1925 1141 1925 1160 1926 1161 1926 1162 1926 1160 1927 1124 1927 1142 1927 1160 1928 1145 1928 1124 1928 1163 1929 1125 1929 1143 1929 1163 1930 1146 1930 1125 1930 1164 1931 1126 1931 1144 1931 1164 1932 756 1932 1147 1932 1164 1933 1147 1933 1126 1933 1165 1934 1166 1934 1167 1934 1165 1935 1127 1935 1145 1935 1165 1936 1148 1936 1127 1936 1168 1937 1128 1937 1146 1937 1168 1938 1149 1938 1128 1938 1169 1939 1170 1939 1171 1939 1169 1940 1130 1940 1148 1940 1169 1941 1150 1941 1130 1941 1172 1942 1151 1942 1131 1942 1172 1943 1131 1943 1149 1943 1173 1944 1132 1944 1134 1944 1173 1945 1134 1945 1174 1945 1173 1946 1152 1946 1132 1946 1175 1947 1153 1947 1135 1947 1175 1948 1135 1948 1150 1948 1175 1949 1176 1949 1177 1949 1178 1950 1179 1950 1180 1950 1178 1951 1136 1951 1151 1951 1178 1952 1154 1952 1136 1952 1181 1953 1155 1953 1137 1953 1181 1954 1137 1954 1152 1954 1182 1955 1138 1955 1153 1955 1182 1956 1156 1956 1138 1956 1183 1957 1184 1957 1185 1957 1183 1958 1186 1958 1184 1958 1183 1959 1185 1959 1157 1959 1183 1960 1139 1960 1154 1960 1183 1961 1157 1961 1139 1961 1187 1962 1140 1962 1155 1962 1187 1963 1158 1963 1140 1963 1188 1964 1141 1964 1156 1964 1188 1965 1159 1965 1141 1965 1189 1966 1190 1966 1161 1966 1189 1967 1161 1967 1160 1967 1189 1968 1142 1968 1157 1968 1189 1969 1160 1969 1142 1969 1191 1970 1163 1970 1143 1970 1191 1971 1143 1971 1158 1971 1192 1972 1193 1972 756 1972 1192 1973 1144 1973 1159 1973 1192 1974 1164 1974 1144 1974 1192 1975 756 1975 1164 1975 1194 1976 1165 1976 1145 1976 1194 1977 1195 1977 1166 1977 1194 1978 1162 1978 1195 1978 1194 1979 1160 1979 1162 1979 1194 1980 1166 1980 1165 1980 1194 1981 1145 1981 1160 1981 1196 1982 1168 1982 1146 1982 1196 1983 1146 1983 1163 1983 1197 1984 1198 1984 1170 1984 1197 1985 1167 1985 1198 1985 1197 1986 1148 1986 1165 1986 1197 1987 1169 1987 1148 1987 1197 1988 1165 1988 1167 1988 1197 1989 1170 1989 1169 1989 1199 1990 1149 1990 1168 1990 1199 1991 1200 1991 1201 1991 1199 1992 1172 1992 1149 1992 1202 1993 1169 1993 1171 1993 1202 1994 1150 1994 1169 1994 1202 1995 1176 1995 1175 1995 1202 1996 1175 1996 1150 1996 1202 1997 1203 1997 1176 1997 1202 1998 1171 1998 1203 1998 1204 1999 1205 1999 1179 1999 1204 2000 1178 2000 1151 2000 1204 2001 1179 2001 1178 2001 1204 2002 1151 2002 1172 2002 1206 2003 1173 2003 1174 2003 1206 2004 1152 2004 1173 2004 1206 2005 1181 2005 1152 2005 1206 2006 1207 2006 1208 2006 1206 2007 1174 2007 1207 2007 1209 2008 1175 2008 1177 2008 1209 2009 1210 2009 1182 2009 1209 2010 1153 2010 1175 2010 1209 2011 1182 2011 1153 2011 1209 2012 1211 2012 1210 2012 1209 2013 1212 2013 1211 2013 1209 2014 1177 2014 1212 2014 1213 2015 1186 2015 1183 2015 1213 2016 1214 2016 1186 2016 1213 2017 1180 2017 1214 2017 1213 2018 1154 2018 1178 2018 1213 2019 1178 2019 1180 2019 1213 2020 1183 2020 1154 2020 1215 2021 1187 2021 1155 2021 1215 2022 1155 2022 1181 2022 1216 2023 1156 2023 1182 2023 1216 2024 1182 2024 1210 2024 1216 2025 1217 2025 1188 2025 1216 2026 1218 2026 1217 2026 1216 2027 1219 2027 1218 2027 1216 2028 1210 2028 1219 2028 1216 2029 1188 2029 1156 2029 1220 2030 1221 2030 1190 2030 1220 2031 1185 2031 1221 2031 1220 2032 1157 2032 1185 2032 1220 2033 1189 2033 1157 2033 1220 2034 1190 2034 1189 2034 1222 2035 1158 2035 1187 2035 1222 2036 1191 2036 1158 2036 1223 2037 1193 2037 1192 2037 1223 2038 1159 2038 1188 2038 1223 2039 1192 2039 1159 2039 1223 2040 1224 2040 1193 2040 1223 2041 1225 2041 1224 2041 1226 2042 1163 2042 1191 2042 1226 2043 1196 2043 1163 2043 1227 2044 1199 2044 1168 2044 1227 2045 1228 2045 1200 2045 1227 2046 1229 2046 1228 2046 1227 2047 1168 2047 1196 2047 1227 2048 1200 2048 1199 2048 1230 2049 1205 2049 1204 2049 1230 2050 1231 2050 1205 2050 1230 2051 1201 2051 1231 2051 1230 2052 1204 2052 1172 2052 1230 2053 1199 2053 1201 2053 1230 2054 1172 2054 1199 2054 1232 2055 1181 2055 1206 2055 1232 2056 1215 2056 1181 2056 1233 2057 1222 2057 1187 2057 1233 2058 1187 2058 1215 2058 1234 2059 1188 2059 1217 2059 1234 2060 1223 2060 1188 2060 1234 2061 1225 2061 1223 2061 1234 2062 1217 2062 1225 2062 1235 2063 1236 2063 1237 2063 1235 2064 1191 2064 1222 2064 1235 2065 1226 2065 1191 2065 1238 2066 1229 2066 1227 2066 1238 2067 1239 2067 1229 2067 1238 2068 1240 2068 1239 2068 1238 2069 1196 2069 1226 2069 1238 2070 1227 2070 1196 2070 1241 2071 1208 2071 1242 2071 1241 2072 1206 2072 1208 2072 1241 2073 1232 2073 1206 2073 1243 2074 1215 2074 1232 2074 1243 2075 1233 2075 1215 2075 1244 2076 1245 2076 1236 2076 1244 2077 1246 2077 1245 2077 1244 2078 1222 2078 1233 2078 1244 2079 1236 2079 1235 2079 1244 2080 1235 2080 1222 2080 1247 2081 1226 2081 1235 2081 1247 2082 1238 2082 1226 2082 1247 2083 1248 2083 1240 2083 1247 2084 1237 2084 1248 2084 1247 2085 1235 2085 1237 2085 1247 2086 1240 2086 1238 2086 1249 2087 1243 2087 1232 2087 1249 2088 1241 2088 1242 2088 1249 2089 1232 2089 1241 2089 1249 2090 1242 2090 1250 2090 1251 2091 1244 2091 1233 2091 1251 2092 1233 2092 1243 2092 1251 2093 1252 2093 1246 2093 1251 2094 1246 2094 1244 2094 1253 2095 1243 2095 1249 2095 1253 2096 1254 2096 1252 2096 1253 2097 1255 2097 1254 2097 1253 2098 1252 2098 1251 2098 1253 2099 1251 2099 1243 2099 1256 2100 1249 2100 1250 2100 1256 2101 1253 2101 1249 2101 1256 2102 1255 2102 1253 2102 1256 2103 1257 2103 1255 2103 1256 2104 1258 2104 1257 2104 1256 2105 1259 2105 1258 2105 1256 2106 1250 2106 1259 2106 252 2107 254 2107 1260 2107 1261 2108 1258 2108 1259 2108 1262 2109 733 2109 252 2109 1262 2110 252 2110 1260 2110 1263 2111 1262 2111 1260 2111 1263 2112 1264 2112 1265 2112 1263 2113 1260 2113 1264 2113 1266 2114 1265 2114 1267 2114 1266 2115 1263 2115 1265 2115 1268 2116 1262 2116 1263 2116 1268 2117 767 2117 766 2117 1268 2118 766 2118 733 2118 1268 2119 733 2119 1262 2119 1269 2120 1266 2120 1267 2120 1269 2121 1267 2121 1270 2121 1271 2122 1268 2122 1263 2122 1271 2123 1263 2123 1266 2123 1272 2124 767 2124 1268 2124 1272 2125 823 2125 767 2125 1273 2126 1269 2126 1270 2126 1273 2127 1274 2127 1275 2127 1273 2128 1270 2128 1274 2128 1276 2129 1271 2129 1266 2129 1276 2130 1266 2130 1269 2130 1277 2131 1268 2131 1271 2131 1277 2132 1272 2132 1268 2132 1278 2133 1275 2133 1279 2133 1278 2134 1273 2134 1275 2134 1280 2135 1269 2135 1273 2135 1280 2136 1276 2136 1269 2136 1281 2137 1277 2137 1271 2137 1281 2138 1271 2138 1276 2138 1282 2139 823 2139 1272 2139 1282 2140 853 2140 823 2140 1282 2141 1272 2141 1277 2141 1283 2142 1278 2142 1279 2142 1283 2143 1279 2143 1284 2143 1285 2144 1273 2144 1278 2144 1285 2145 1280 2145 1273 2145 1286 2146 1276 2146 1280 2146 1286 2147 1281 2147 1276 2147 1287 2148 1277 2148 1281 2148 1287 2149 1282 2149 1277 2149 1288 2150 853 2150 1282 2150 1288 2151 906 2151 905 2151 1288 2152 905 2152 853 2152 1289 2153 1283 2153 1284 2153 1289 2154 1290 2154 1291 2154 1289 2155 1284 2155 1290 2155 1292 2156 1278 2156 1283 2156 1292 2157 1285 2157 1278 2157 1293 2158 1280 2158 1285 2158 1293 2159 1286 2159 1280 2159 1294 2160 1287 2160 1281 2160 1294 2161 1281 2161 1286 2161 1295 2162 1288 2162 1282 2162 1295 2163 1282 2163 1287 2163 1296 2164 1291 2164 1297 2164 1296 2165 1289 2165 1291 2165 1298 2166 1283 2166 1289 2166 1298 2167 1292 2167 1283 2167 1299 2168 1293 2168 1285 2168 1299 2169 1285 2169 1292 2169 1300 2170 1286 2170 1293 2170 1300 2171 1294 2171 1286 2171 1301 2172 1287 2172 1294 2172 1301 2173 1295 2173 1287 2173 1302 2174 1288 2174 1295 2174 1302 2175 934 2175 906 2175 1302 2176 906 2176 1288 2176 1303 2177 1289 2177 1296 2177 1303 2178 1298 2178 1289 2178 1304 2179 1292 2179 1298 2179 1304 2180 1299 2180 1292 2180 1305 2181 1300 2181 1293 2181 1305 2182 1293 2182 1299 2182 1306 2183 1294 2183 1300 2183 1306 2184 1301 2184 1294 2184 1307 2185 1302 2185 1295 2185 1307 2186 1295 2186 1301 2186 1308 2187 982 2187 981 2187 1308 2188 981 2188 934 2188 1308 2189 934 2189 1302 2189 1309 2190 1303 2190 1296 2190 1309 2191 1297 2191 1310 2191 1309 2192 1296 2192 1297 2192 1311 2193 1304 2193 1298 2193 1311 2194 1298 2194 1303 2194 1312 2195 1305 2195 1299 2195 1312 2196 1299 2196 1304 2196 1313 2197 1300 2197 1305 2197 1313 2198 1306 2198 1300 2198 1314 2199 1307 2199 1301 2199 1314 2200 1301 2200 1306 2200 1315 2201 1302 2201 1307 2201 1315 2202 1308 2202 1302 2202 1316 2203 1309 2203 1310 2203 1316 2204 1310 2204 1317 2204 1318 2205 1311 2205 1303 2205 1318 2206 1303 2206 1309 2206 1319 2207 1304 2207 1311 2207 1319 2208 1312 2208 1304 2208 1320 2209 1305 2209 1312 2209 1320 2210 1313 2210 1305 2210 1321 2211 1306 2211 1313 2211 1321 2212 1314 2212 1306 2212 1322 2213 1307 2213 1314 2213 1322 2214 1315 2214 1307 2214 1323 2215 1324 2215 1325 2215 1323 2216 1317 2216 1324 2216 1323 2217 1316 2217 1317 2217 1326 2218 1007 2218 982 2218 1326 2219 1308 2219 1315 2219 1326 2220 982 2220 1308 2220 1327 2221 1318 2221 1309 2221 1327 2222 1309 2222 1316 2222 1328 2223 1311 2223 1318 2223 1328 2224 1319 2224 1311 2224 1329 2225 1320 2225 1312 2225 1329 2226 1312 2226 1319 2226 1330 2227 1313 2227 1320 2227 1330 2228 1321 2228 1313 2228 1331 2229 1314 2229 1321 2229 1331 2230 1322 2230 1314 2230 1332 2231 1323 2231 1325 2231 1332 2232 1325 2232 1333 2232 1334 2233 1315 2233 1322 2233 1334 2234 1326 2234 1315 2234 1335 2235 1327 2235 1316 2235 1335 2236 1316 2236 1323 2236 1336 2237 1051 2237 1050 2237 1336 2238 1050 2238 1007 2238 1336 2239 1007 2239 1326 2239 1337 2240 1328 2240 1318 2240 1337 2241 1318 2241 1327 2241 1338 2242 1319 2242 1328 2242 1338 2243 1329 2243 1319 2243 1339 2244 1330 2244 1320 2244 1339 2245 1320 2245 1329 2245 1340 2246 1321 2246 1330 2246 1340 2247 1331 2247 1321 2247 1341 2248 1333 2248 1342 2248 1341 2249 1332 2249 1333 2249 1343 2250 1334 2250 1322 2250 1343 2251 1322 2251 1331 2251 1344 2252 1323 2252 1332 2252 1344 2253 1335 2253 1323 2253 1345 2254 1326 2254 1334 2254 1345 2255 1336 2255 1326 2255 1346 2256 1327 2256 1335 2256 1346 2257 1337 2257 1327 2257 1347 2258 1338 2258 1328 2258 1347 2259 1328 2259 1337 2259 1348 2260 1329 2260 1338 2260 1348 2261 1339 2261 1329 2261 1349 2262 1340 2262 1330 2262 1349 2263 1330 2263 1339 2263 1350 2264 1331 2264 1340 2264 1350 2265 1343 2265 1331 2265 1351 2266 1344 2266 1332 2266 1351 2267 1332 2267 1341 2267 1352 2268 1334 2268 1343 2268 1352 2269 1345 2269 1334 2269 1353 2270 1335 2270 1344 2270 1353 2271 1346 2271 1335 2271 1354 2272 1074 2272 1051 2272 1354 2273 1336 2273 1345 2273 1354 2274 1051 2274 1336 2274 1355 2275 1347 2275 1337 2275 1355 2276 1337 2276 1346 2276 1356 2277 1338 2277 1347 2277 1356 2278 1348 2278 1338 2278 1357 2279 1339 2279 1348 2279 1357 2280 1349 2280 1339 2280 1358 2281 1340 2281 1349 2281 1358 2282 1350 2282 1340 2282 1359 2283 1351 2283 1341 2283 1359 2284 1342 2284 1360 2284 1359 2285 1341 2285 1342 2285 1361 2286 1352 2286 1343 2286 1361 2287 1343 2287 1350 2287 1362 2288 1353 2288 1344 2288 1362 2289 1344 2289 1351 2289 1363 2290 1345 2290 1352 2290 1363 2291 1354 2291 1345 2291 1364 2292 1355 2292 1346 2292 1364 2293 1346 2293 1353 2293 1365 2294 1113 2294 1074 2294 1365 2295 1074 2295 1354 2295 1366 2296 1356 2296 1347 2296 1366 2297 1347 2297 1355 2297 1367 2298 1357 2298 1348 2298 1367 2299 1348 2299 1356 2299 1368 2300 1349 2300 1357 2300 1368 2301 1358 2301 1349 2301 1369 2302 1359 2302 1360 2302 1369 2303 1370 2303 1371 2303 1369 2304 1360 2304 1370 2304 1372 2305 1350 2305 1358 2305 1372 2306 1361 2306 1350 2306 1373 2307 1362 2307 1351 2307 1373 2308 1351 2308 1359 2308 1374 2309 1352 2309 1361 2309 1374 2310 1363 2310 1352 2310 1375 2311 1353 2311 1362 2311 1375 2312 1364 2312 1353 2312 1376 2313 1354 2313 1363 2313 1376 2314 1365 2314 1354 2314 1377 2315 1355 2315 1364 2315 1377 2316 1366 2316 1355 2316 1378 2317 1356 2317 1366 2317 1378 2318 1367 2318 1356 2318 1379 2319 1357 2319 1367 2319 1379 2320 1368 2320 1357 2320 1380 2321 1381 2321 1382 2321 1380 2322 1371 2322 1381 2322 1380 2323 1369 2323 1371 2323 1383 2324 1358 2324 1368 2324 1383 2325 1372 2325 1358 2325 1384 2326 1373 2326 1359 2326 1384 2327 1359 2327 1369 2327 1385 2328 1361 2328 1372 2328 1385 2329 1374 2329 1361 2329 1386 2330 1362 2330 1373 2330 1386 2331 1375 2331 1362 2331 1387 2332 1363 2332 1374 2332 1387 2333 1376 2333 1363 2333 1388 2334 1364 2334 1375 2334 1388 2335 1377 2335 1364 2335 1389 2336 1134 2336 1133 2336 1389 2337 1133 2337 1113 2337 1389 2338 1365 2338 1376 2338 1389 2339 1113 2339 1365 2339 1390 2340 1378 2340 1366 2340 1390 2341 1366 2341 1377 2341 1391 2342 1379 2342 1367 2342 1391 2343 1367 2343 1378 2343 1392 2344 1383 2344 1368 2344 1392 2345 1368 2345 1379 2345 1393 2346 1369 2346 1380 2346 1393 2347 1384 2347 1369 2347 1394 2348 1372 2348 1383 2348 1394 2349 1385 2349 1372 2349 1395 2350 1386 2350 1373 2350 1395 2351 1373 2351 1384 2351 1396 2352 1374 2352 1385 2352 1396 2353 1387 2353 1374 2353 1397 2354 1375 2354 1386 2354 1397 2355 1388 2355 1375 2355 1398 2356 1376 2356 1387 2356 1398 2357 1389 2357 1376 2357 1399 2358 1377 2358 1388 2358 1399 2359 1390 2359 1377 2359 1400 2360 1174 2360 1134 2360 1400 2361 1134 2361 1389 2361 1401 2362 1378 2362 1390 2362 1401 2363 1391 2363 1378 2363 1402 2364 1379 2364 1391 2364 1402 2365 1392 2365 1379 2365 1403 2366 1393 2366 1380 2366 1403 2367 1380 2367 1382 2367 1404 2368 1383 2368 1392 2368 1404 2369 1394 2369 1383 2369 1405 2370 1395 2370 1384 2370 1405 2371 1384 2371 1393 2371 1406 2372 1385 2372 1394 2372 1406 2373 1396 2373 1385 2373 1407 2374 1397 2374 1386 2374 1407 2375 1386 2375 1395 2375 1408 2376 1387 2376 1396 2376 1408 2377 1398 2377 1387 2377 1409 2378 1388 2378 1397 2378 1409 2379 1399 2379 1388 2379 1410 2380 1389 2380 1398 2380 1410 2381 1400 2381 1389 2381 1411 2382 1401 2382 1390 2382 1411 2383 1390 2383 1399 2383 1412 2384 1391 2384 1401 2384 1412 2385 1402 2385 1391 2385 1413 2386 1403 2386 1382 2386 1413 2387 1382 2387 1414 2387 1415 2388 1392 2388 1402 2388 1415 2389 1404 2389 1392 2389 1416 2390 1393 2390 1403 2390 1416 2391 1405 2391 1393 2391 1417 2392 1394 2392 1404 2392 1417 2393 1406 2393 1394 2393 1418 2394 1395 2394 1405 2394 1418 2395 1407 2395 1395 2395 1419 2396 1396 2396 1406 2396 1419 2397 1408 2397 1396 2397 1420 2398 1409 2398 1397 2398 1420 2399 1397 2399 1407 2399 1421 2400 1398 2400 1408 2400 1421 2401 1410 2401 1398 2401 1422 2402 1399 2402 1409 2402 1422 2403 1411 2403 1399 2403 1423 2404 1208 2404 1207 2404 1423 2405 1207 2405 1174 2405 1423 2406 1400 2406 1410 2406 1423 2407 1174 2407 1400 2407 1424 2408 1401 2408 1411 2408 1424 2409 1412 2409 1401 2409 1425 2410 1413 2410 1414 2410 1425 2411 1426 2411 1427 2411 1425 2412 1414 2412 1426 2412 1428 2413 1402 2413 1412 2413 1428 2414 1415 2414 1402 2414 1429 2415 1416 2415 1403 2415 1429 2416 1403 2416 1413 2416 1430 2417 1404 2417 1415 2417 1430 2418 1417 2418 1404 2418 1431 2419 1418 2419 1405 2419 1431 2420 1405 2420 1416 2420 1432 2421 1406 2421 1417 2421 1432 2422 1419 2422 1406 2422 1433 2423 1407 2423 1418 2423 1433 2424 1420 2424 1407 2424 1434 2425 1408 2425 1419 2425 1434 2426 1421 2426 1408 2426 1435 2427 1409 2427 1420 2427 1435 2428 1422 2428 1409 2428 1436 2429 1410 2429 1421 2429 1436 2430 1423 2430 1410 2430 1437 2431 1411 2431 1422 2431 1437 2432 1424 2432 1411 2432 1438 2433 1425 2433 1427 2433 1438 2434 1427 2434 1439 2434 1440 2435 1242 2435 1208 2435 1440 2436 1208 2436 1423 2436 1441 2437 1412 2437 1424 2437 1441 2438 1428 2438 1412 2438 1442 2439 1429 2439 1413 2439 1442 2440 1413 2440 1425 2440 1443 2441 1415 2441 1428 2441 1443 2442 1430 2442 1415 2442 1444 2443 1431 2443 1416 2443 1444 2444 1416 2444 1429 2444 1445 2445 1432 2445 1417 2445 1445 2446 1417 2446 1430 2446 1446 2447 1418 2447 1431 2447 1446 2448 1433 2448 1418 2448 1447 2449 1419 2449 1432 2449 1447 2450 1434 2450 1419 2450 1448 2451 1435 2451 1420 2451 1448 2452 1420 2452 1433 2452 1449 2453 1421 2453 1434 2453 1449 2454 1436 2454 1421 2454 1450 2455 1437 2455 1422 2455 1450 2456 1422 2456 1435 2456 1451 2457 1423 2457 1436 2457 1451 2458 1440 2458 1423 2458 1452 2459 1424 2459 1437 2459 1452 2460 1441 2460 1424 2460 1453 2461 1425 2461 1438 2461 1453 2462 1442 2462 1425 2462 1454 2463 1443 2463 1428 2463 1454 2464 1428 2464 1441 2464 1455 2465 1429 2465 1442 2465 1455 2466 1444 2466 1429 2466 1456 2467 1430 2467 1443 2467 1456 2468 1445 2468 1430 2468 1457 2469 1446 2469 1431 2469 1457 2470 1431 2470 1444 2470 1458 2471 1432 2471 1445 2471 1458 2472 1447 2472 1432 2472 1459 2473 1448 2473 1433 2473 1459 2474 1433 2474 1446 2474 1460 2475 1434 2475 1447 2475 1460 2476 1449 2476 1434 2476 1461 2477 1435 2477 1448 2477 1461 2478 1450 2478 1435 2478 1462 2479 1451 2479 1436 2479 1462 2480 1436 2480 1449 2480 1463 2481 1452 2481 1437 2481 1463 2482 1437 2482 1450 2482 1464 2483 1453 2483 1438 2483 1464 2484 1439 2484 1465 2484 1464 2485 1438 2485 1439 2485 1466 2486 1440 2486 1451 2486 1466 2487 1250 2487 1242 2487 1466 2488 1242 2488 1440 2488 1467 2489 1441 2489 1452 2489 1467 2490 1454 2490 1441 2490 1468 2491 1455 2491 1442 2491 1468 2492 1442 2492 1453 2492 1469 2493 1456 2493 1443 2493 1469 2494 1443 2494 1454 2494 1470 2495 1457 2495 1444 2495 1470 2496 1444 2496 1455 2496 1471 2497 1445 2497 1456 2497 1471 2498 1458 2498 1445 2498 1472 2499 1446 2499 1457 2499 1472 2500 1459 2500 1446 2500 1473 2501 1447 2501 1458 2501 1473 2502 1460 2502 1447 2502 1474 2503 1448 2503 1459 2503 1474 2504 1461 2504 1448 2504 1475 2505 1449 2505 1460 2505 1475 2506 1462 2506 1449 2506 1476 2507 1463 2507 1450 2507 1476 2508 1450 2508 1461 2508 1477 2509 1464 2509 1465 2509 1477 2510 1478 2510 1479 2510 1477 2511 1465 2511 1478 2511 1480 2512 1451 2512 1462 2512 1480 2513 1466 2513 1451 2513 1481 2514 1452 2514 1463 2514 1481 2515 1467 2515 1452 2515 1482 2516 1468 2516 1453 2516 1482 2517 1453 2517 1464 2517 1483 2518 1259 2518 1250 2518 1483 2519 1484 2519 1261 2519 1483 2520 1485 2520 1484 2520 1483 2521 1250 2521 1466 2521 1483 2522 1261 2522 1259 2522 1486 2523 1454 2523 1467 2523 1486 2524 1469 2524 1454 2524 1487 2525 1455 2525 1468 2525 1487 2526 1470 2526 1455 2526 1488 2527 1471 2527 1456 2527 1488 2528 1456 2528 1469 2528 1489 2529 1457 2529 1470 2529 1489 2530 1472 2530 1457 2530 1490 2531 1458 2531 1471 2531 1490 2532 1473 2532 1458 2532 1491 2533 1459 2533 1472 2533 1491 2534 1474 2534 1459 2534 1492 2535 1460 2535 1473 2535 1492 2536 1475 2536 1460 2536 1493 2537 1476 2537 1461 2537 1493 2538 1461 2538 1474 2538 1494 2539 1479 2539 1495 2539 1494 2540 1477 2540 1479 2540 1496 2541 1462 2541 1475 2541 1496 2542 1480 2542 1462 2542 1497 2543 1481 2543 1463 2543 1497 2544 1463 2544 1476 2544 1498 2545 1482 2545 1464 2545 1498 2546 1464 2546 1477 2546 1499 2547 1500 2547 1485 2547 1499 2548 1485 2548 1483 2548 1499 2549 1466 2549 1480 2549 1499 2550 1483 2550 1466 2550 1501 2551 1467 2551 1481 2551 1501 2552 1486 2552 1467 2552 1502 2553 1468 2553 1482 2553 1502 2554 1487 2554 1468 2554 1503 2555 1469 2555 1486 2555 1503 2556 1488 2556 1469 2556 1504 2557 1470 2557 1487 2557 1504 2558 1489 2558 1470 2558 1505 2559 1490 2559 1471 2559 1505 2560 1471 2560 1488 2560 1506 2561 1491 2561 1472 2561 1506 2562 1472 2562 1489 2562 1507 2563 1473 2563 1490 2563 1507 2564 1492 2564 1473 2564 1508 2565 1493 2565 1474 2565 1508 2566 1474 2566 1491 2566 1509 2567 1496 2567 1475 2567 1509 2568 1475 2568 1492 2568 1510 2569 1476 2569 1493 2569 1510 2570 1497 2570 1476 2570 1511 2571 1477 2571 1494 2571 1511 2572 1498 2572 1477 2572 1512 2573 1480 2573 1496 2573 1512 2574 1513 2574 1500 2574 1512 2575 1514 2575 1513 2575 1512 2576 1500 2576 1499 2576 1512 2577 1499 2577 1480 2577 1515 2578 1481 2578 1497 2578 1515 2579 1501 2579 1481 2579 1516 2580 1502 2580 1482 2580 1516 2581 1482 2581 1498 2581 1517 2582 1486 2582 1501 2582 1517 2583 1503 2583 1486 2583 1518 2584 1487 2584 1502 2584 1518 2585 1504 2585 1487 2585 1519 2586 1488 2586 1503 2586 1519 2587 1505 2587 1488 2587 1520 2588 1506 2588 1489 2588 1520 2589 1489 2589 1504 2589 1521 2590 1490 2590 1505 2590 1521 2591 1507 2591 1490 2591 1522 2592 1491 2592 1506 2592 1522 2593 1508 2593 1491 2593 1523 2594 1492 2594 1507 2594 1523 2595 1509 2595 1492 2595 1524 2596 1510 2596 1493 2596 1524 2597 1493 2597 1508 2597 1525 2598 1511 2598 1494 2598 1525 2599 1495 2599 1526 2599 1525 2600 1494 2600 1495 2600 1527 2601 1528 2601 1514 2601 1527 2602 1529 2602 1528 2602 1527 2603 1514 2603 1512 2603 1527 2604 1512 2604 1496 2604 1527 2605 1496 2605 1509 2605 1530 2606 1515 2606 1497 2606 1530 2607 1497 2607 1510 2607 1531 2608 1498 2608 1511 2608 1531 2609 1516 2609 1498 2609 1532 2610 1517 2610 1501 2610 1532 2611 1501 2611 1515 2611 1533 2612 1518 2612 1502 2612 1533 2613 1502 2613 1516 2613 1534 2614 1503 2614 1517 2614 1534 2615 1519 2615 1503 2615 1535 2616 1504 2616 1518 2616 1535 2617 1520 2617 1504 2617 1536 2618 1505 2618 1519 2618 1536 2619 1521 2619 1505 2619 1537 2620 1506 2620 1520 2620 1537 2621 1522 2621 1506 2621 1538 2622 1523 2622 1507 2622 1538 2623 1507 2623 1521 2623 1539 2624 1508 2624 1522 2624 1539 2625 1524 2625 1508 2625 1540 2626 1526 2626 1541 2626 1540 2627 1525 2627 1526 2627 1542 2628 1529 2628 1527 2628 1542 2629 1543 2629 1529 2629 1542 2630 1509 2630 1523 2630 1542 2631 1527 2631 1509 2631 1544 2632 1530 2632 1510 2632 1544 2633 1510 2633 1524 2633 1545 2634 1511 2634 1525 2634 1545 2635 1531 2635 1511 2635 1546 2636 1532 2636 1515 2636 1546 2637 1515 2637 1530 2637 1547 2638 1533 2638 1516 2638 1547 2639 1516 2639 1531 2639 1548 2640 1534 2640 1517 2640 1548 2641 1517 2641 1532 2641 1549 2642 1518 2642 1533 2642 1549 2643 1535 2643 1518 2643 1550 2644 1536 2644 1519 2644 1550 2645 1519 2645 1534 2645 1551 2646 1520 2646 1535 2646 1551 2647 1537 2647 1520 2647 1552 2648 1521 2648 1536 2648 1552 2649 1538 2649 1521 2649 1553 2650 1539 2650 1522 2650 1553 2651 1522 2651 1537 2651 1554 2652 1540 2652 1541 2652 1554 2653 1555 2653 1556 2653 1554 2654 1541 2654 1555 2654 1557 2655 1523 2655 1538 2655 1557 2656 1542 2656 1523 2656 1558 2657 1524 2657 1539 2657 1558 2658 1544 2658 1524 2658 1559 2659 1545 2659 1525 2659 1559 2660 1525 2660 1540 2660 1560 2661 1530 2661 1544 2661 1560 2662 1546 2662 1530 2662 1561 2663 1547 2663 1531 2663 1561 2664 1531 2664 1545 2664 1562 2665 1532 2665 1546 2665 1562 2666 1548 2666 1532 2666 1563 2667 1533 2667 1547 2667 1563 2668 1549 2668 1533 2668 1564 2669 1534 2669 1548 2669 1564 2670 1550 2670 1534 2670 1565 2671 1535 2671 1549 2671 1565 2672 1551 2672 1535 2672 1566 2673 1552 2673 1536 2673 1566 2674 1536 2674 1550 2674 1567 2675 1537 2675 1551 2675 1567 2676 1553 2676 1537 2676 1568 2677 1538 2677 1552 2677 1568 2678 1557 2678 1538 2678 1569 2679 1558 2679 1539 2679 1569 2680 1539 2680 1553 2680 1570 2681 1540 2681 1554 2681 1570 2682 1559 2682 1540 2682 1571 2683 1543 2683 1542 2683 1571 2684 1572 2684 1543 2684 1571 2685 1573 2685 1572 2685 1571 2686 1542 2686 1557 2686 1574 2687 1544 2687 1558 2687 1574 2688 1560 2688 1544 2688 1575 2689 1545 2689 1559 2689 1575 2690 1561 2690 1545 2690 1576 2691 1562 2691 1546 2691 1576 2692 1546 2692 1560 2692 1577 2693 1547 2693 1561 2693 1577 2694 1563 2694 1547 2694 1578 2695 1548 2695 1562 2695 1578 2696 1564 2696 1548 2696 1579 2697 1549 2697 1563 2697 1579 2698 1565 2698 1549 2698 1580 2699 1550 2699 1564 2699 1580 2700 1566 2700 1550 2700 1581 2701 1567 2701 1551 2701 1581 2702 1551 2702 1565 2702 1582 2703 1568 2703 1552 2703 1582 2704 1552 2704 1566 2704 1583 2705 1569 2705 1553 2705 1583 2706 1553 2706 1567 2706 1584 2707 1556 2707 1585 2707 1584 2708 1554 2708 1556 2708 1584 2709 1570 2709 1554 2709 1586 2710 1571 2710 1557 2710 1586 2711 1587 2711 1573 2711 1586 2712 1588 2712 1587 2712 1586 2713 1557 2713 1568 2713 1586 2714 1573 2714 1571 2714 1589 2715 1574 2715 1558 2715 1589 2716 1558 2716 1569 2716 1590 2717 1575 2717 1559 2717 1590 2718 1559 2718 1570 2718 1591 2719 1560 2719 1574 2719 1591 2720 1576 2720 1560 2720 1592 2721 1561 2721 1575 2721 1592 2722 1577 2722 1561 2722 1593 2723 1578 2723 1562 2723 1593 2724 1562 2724 1576 2724 1594 2725 1563 2725 1577 2725 1594 2726 1579 2726 1563 2726 1595 2727 1580 2727 1564 2727 1595 2728 1564 2728 1578 2728 1596 2729 1565 2729 1579 2729 1596 2730 1581 2730 1565 2730 1597 2731 1582 2731 1566 2731 1597 2732 1566 2732 1580 2732 1598 2733 1583 2733 1567 2733 1598 2734 1567 2734 1581 2734 1599 2735 1584 2735 1585 2735 1599 2736 1585 2736 1600 2736 1601 2737 1588 2737 1586 2737 1601 2738 1602 2738 1588 2738 1601 2739 1586 2739 1568 2739 1601 2740 1568 2740 1582 2740 1603 2741 1569 2741 1583 2741 1603 2742 1589 2742 1569 2742 1604 2743 1570 2743 1584 2743 1604 2744 1590 2744 1570 2744 1605 2745 1591 2745 1574 2745 1605 2746 1574 2746 1589 2746 1606 2747 1592 2747 1575 2747 1606 2748 1575 2748 1590 2748 1607 2749 1576 2749 1591 2749 1607 2750 1593 2750 1576 2750 1608 2751 1577 2751 1592 2751 1608 2752 1594 2752 1577 2752 1609 2753 1595 2753 1578 2753 1609 2754 1578 2754 1593 2754 1610 2755 1596 2755 1579 2755 1610 2756 1579 2756 1594 2756 1611 2757 1580 2757 1595 2757 1611 2758 1597 2758 1580 2758 1612 2759 1598 2759 1581 2759 1612 2760 1581 2760 1596 2760 1613 2761 1614 2761 1615 2761 1613 2762 1600 2762 1614 2762 1613 2763 1599 2763 1600 2763 1616 2764 1617 2764 1602 2764 1616 2765 1582 2765 1597 2765 1616 2766 1601 2766 1582 2766 1616 2767 1602 2767 1601 2767 1618 2768 1583 2768 1598 2768 1618 2769 1603 2769 1583 2769 1619 2770 1584 2770 1599 2770 1619 2771 1604 2771 1584 2771 1620 2772 1589 2772 1603 2772 1620 2773 1605 2773 1589 2773 1621 2774 1590 2774 1604 2774 1621 2775 1606 2775 1590 2775 1622 2776 1591 2776 1605 2776 1622 2777 1607 2777 1591 2777 1623 2778 1592 2778 1606 2778 1623 2779 1608 2779 1592 2779 1624 2780 1609 2780 1593 2780 1624 2781 1593 2781 1607 2781 1625 2782 1610 2782 1594 2782 1625 2783 1594 2783 1608 2783 1626 2784 1611 2784 1595 2784 1626 2785 1595 2785 1609 2785 1627 2786 1612 2786 1596 2786 1627 2787 1596 2787 1610 2787 1628 2788 1597 2788 1611 2788 1628 2789 1616 2789 1597 2789 1629 2790 1618 2790 1598 2790 1629 2791 1598 2791 1612 2791 1630 2792 1599 2792 1613 2792 1630 2793 1619 2793 1599 2793 1631 2794 1620 2794 1603 2794 1631 2795 1603 2795 1618 2795 1632 2796 1621 2796 1604 2796 1632 2797 1604 2797 1619 2797 1633 2798 1622 2798 1605 2798 1633 2799 1605 2799 1620 2799 1634 2800 1623 2800 1606 2800 1634 2801 1606 2801 1621 2801 1635 2802 1624 2802 1607 2802 1635 2803 1607 2803 1622 2803 1636 2804 1608 2804 1623 2804 1636 2805 1625 2805 1608 2805 1637 2806 1626 2806 1609 2806 1637 2807 1609 2807 1624 2807 1638 2808 1627 2808 1610 2808 1638 2809 1610 2809 1625 2809 1639 2810 1628 2810 1611 2810 1639 2811 1611 2811 1626 2811 1640 2812 1629 2812 1612 2812 1640 2813 1612 2813 1627 2813 1641 2814 1630 2814 1613 2814 1641 2815 1615 2815 1642 2815 1641 2816 1613 2816 1615 2816 1643 2817 1616 2817 1628 2817 1643 2818 1644 2818 1617 2818 1643 2819 1645 2819 1644 2819 1643 2820 1646 2820 1645 2820 1643 2821 1617 2821 1616 2821 1647 2822 1631 2822 1618 2822 1647 2823 1618 2823 1629 2823 1648 2824 1619 2824 1630 2824 1648 2825 1632 2825 1619 2825 1649 2826 1620 2826 1631 2826 1649 2827 1633 2827 1620 2827 1650 2828 1634 2828 1621 2828 1650 2829 1621 2829 1632 2829 1651 2830 1635 2830 1622 2830 1651 2831 1622 2831 1633 2831 1652 2832 1623 2832 1634 2832 1652 2833 1636 2833 1623 2833 1653 2834 1624 2834 1635 2834 1653 2835 1637 2835 1624 2835 1654 2836 1638 2836 1625 2836 1654 2837 1625 2837 1636 2837 1655 2838 1626 2838 1637 2838 1655 2839 1639 2839 1626 2839 1656 2840 1627 2840 1638 2840 1656 2841 1640 2841 1627 2841 1657 2842 1642 2842 1658 2842 1657 2843 1641 2843 1642 2843 1659 2844 1643 2844 1628 2844 1659 2845 1628 2845 1639 2845 1659 2846 1660 2846 1646 2846 1659 2847 1646 2847 1643 2847 1661 2848 1629 2848 1640 2848 1661 2849 1647 2849 1629 2849 1662 2850 1630 2850 1641 2850 1662 2851 1648 2851 1630 2851 1663 2852 1649 2852 1631 2852 1663 2853 1631 2853 1647 2853 1664 2854 1650 2854 1632 2854 1664 2855 1632 2855 1648 2855 1665 2856 1633 2856 1649 2856 1665 2857 1651 2857 1633 2857 1666 2858 1652 2858 1634 2858 1666 2859 1634 2859 1650 2859 1667 2860 1653 2860 1635 2860 1667 2861 1635 2861 1651 2861 1668 2862 1654 2862 1636 2862 1668 2863 1636 2863 1652 2863 1669 2864 1655 2864 1637 2864 1669 2865 1637 2865 1653 2865 1670 2866 1638 2866 1654 2866 1670 2867 1656 2867 1638 2867 1671 2868 1657 2868 1658 2868 1671 2869 1658 2869 1672 2869 1673 2870 1639 2870 1655 2870 1673 2871 1674 2871 1660 2871 1673 2872 1660 2872 1659 2872 1673 2873 1659 2873 1639 2873 1675 2874 1640 2874 1656 2874 1675 2875 1661 2875 1640 2875 1676 2876 1641 2876 1657 2876 1676 2877 1662 2877 1641 2877 1677 2878 1663 2878 1647 2878 1677 2879 1647 2879 1661 2879 1678 2880 1664 2880 1648 2880 1678 2881 1648 2881 1662 2881 1679 2882 1665 2882 1649 2882 1679 2883 1649 2883 1663 2883 1680 2884 1666 2884 1650 2884 1680 2885 1650 2885 1664 2885 1681 2886 1651 2886 1665 2886 1681 2887 1667 2887 1651 2887 1682 2888 1652 2888 1666 2888 1682 2889 1668 2889 1652 2889 1683 2890 1669 2890 1653 2890 1683 2891 1653 2891 1667 2891 1684 2892 1654 2892 1668 2892 1684 2893 1670 2893 1654 2893 1685 2894 1672 2894 1686 2894 1685 2895 1671 2895 1672 2895 1687 2896 1655 2896 1669 2896 1687 2897 1673 2897 1655 2897 1688 2898 1656 2898 1670 2898 1688 2899 1675 2899 1656 2899 1689 2900 1657 2900 1671 2900 1689 2901 1676 2901 1657 2901 1690 2902 1677 2902 1661 2902 1690 2903 1661 2903 1675 2903 1691 2904 1662 2904 1676 2904 1691 2905 1678 2905 1662 2905 1692 2906 1663 2906 1677 2906 1692 2907 1679 2907 1663 2907 1693 2908 1680 2908 1664 2908 1693 2909 1664 2909 1678 2909 1694 2910 1665 2910 1679 2910 1694 2911 1681 2911 1665 2911 1695 2912 1666 2912 1680 2912 1695 2913 1682 2913 1666 2913 1696 2914 1667 2914 1681 2914 1696 2915 1683 2915 1667 2915 1697 2916 1668 2916 1682 2916 1697 2917 1684 2917 1668 2917 1698 2918 1669 2918 1683 2918 1698 2919 1687 2919 1669 2919 1699 2920 1670 2920 1684 2920 1699 2921 1688 2921 1670 2921 1700 2922 1689 2922 1671 2922 1700 2923 1671 2923 1685 2923 1701 2924 1702 2924 1674 2924 1701 2925 1673 2925 1687 2925 1701 2926 1703 2926 1702 2926 1701 2927 1674 2927 1673 2927 1704 2928 1675 2928 1688 2928 1704 2929 1690 2929 1675 2929 1705 2930 1691 2930 1676 2930 1705 2931 1676 2931 1689 2931 1706 2932 1692 2932 1677 2932 1706 2933 1677 2933 1690 2933 1707 2934 1678 2934 1691 2934 1707 2935 1693 2935 1678 2935 1708 2936 1679 2936 1692 2936 1708 2937 1694 2937 1679 2937 1709 2938 1680 2938 1693 2938 1709 2939 1695 2939 1680 2939 1710 2940 1681 2940 1694 2940 1710 2941 1696 2941 1681 2941 1711 2942 1682 2942 1695 2942 1711 2943 1697 2943 1682 2943 1712 2944 1698 2944 1683 2944 1712 2945 1683 2945 1696 2945 1713 2946 1684 2946 1697 2946 1713 2947 1699 2947 1684 2947 1714 2948 1700 2948 1685 2948 1714 2949 1686 2949 1715 2949 1714 2950 1685 2950 1686 2950 1716 2951 1687 2951 1698 2951 1716 2952 1717 2952 1703 2952 1716 2953 1718 2953 1717 2953 1716 2954 1703 2954 1701 2954 1716 2955 1701 2955 1687 2955 1719 2956 1704 2956 1688 2956 1719 2957 1688 2957 1699 2957 1720 2958 1689 2958 1700 2958 1720 2959 1705 2959 1689 2959 1721 2960 1706 2960 1690 2960 1721 2961 1690 2961 1704 2961 1722 2962 1691 2962 1705 2962 1722 2963 1707 2963 1691 2963 1723 2964 1708 2964 1692 2964 1723 2965 1692 2965 1706 2965 1724 2966 1709 2966 1693 2966 1724 2967 1693 2967 1707 2967 1725 2968 1694 2968 1708 2968 1725 2969 1710 2969 1694 2969 1726 2970 1711 2970 1695 2970 1726 2971 1695 2971 1709 2971 1727 2972 1696 2972 1710 2972 1727 2973 1712 2973 1696 2973 1728 2974 1697 2974 1711 2974 1728 2975 1713 2975 1697 2975 1729 2976 1730 2976 1731 2976 1729 2977 1715 2977 1730 2977 1729 2978 1714 2978 1715 2978 1732 2979 1698 2979 1712 2979 1732 2980 1716 2980 1698 2980 1732 2981 1718 2981 1716 2981 1733 2982 1719 2982 1699 2982 1733 2983 1699 2983 1713 2983 1734 2984 1720 2984 1700 2984 1734 2985 1700 2985 1714 2985 1735 2986 1704 2986 1719 2986 1735 2987 1721 2987 1704 2987 1736 2988 1705 2988 1720 2988 1736 2989 1722 2989 1705 2989 1737 2990 1706 2990 1721 2990 1737 2991 1723 2991 1706 2991 1738 2992 1724 2992 1707 2992 1738 2993 1707 2993 1722 2993 1739 2994 1708 2994 1723 2994 1739 2995 1725 2995 1708 2995 1740 2996 1709 2996 1724 2996 1740 2997 1726 2997 1709 2997 1741 2998 1727 2998 1710 2998 1741 2999 1710 2999 1725 2999 1742 3000 1711 3000 1726 3000 1742 3001 1728 3001 1711 3001 1743 3002 1729 3002 1731 3002 1743 3003 1731 3003 1744 3003 1745 3004 1732 3004 1712 3004 1745 3005 1712 3005 1727 3005 1746 3006 1713 3006 1728 3006 1746 3007 1733 3007 1713 3007 1747 3008 1714 3008 1729 3008 1747 3009 1734 3009 1714 3009 1748 3010 1749 3010 1718 3010 1748 3011 1718 3011 1732 3011 1750 3012 1719 3012 1733 3012 1750 3013 1735 3013 1719 3013 1751 3014 1736 3014 1720 3014 1751 3015 1720 3015 1734 3015 1752 3016 1737 3016 1721 3016 1752 3017 1721 3017 1735 3017 1753 3018 1722 3018 1736 3018 1753 3019 1738 3019 1722 3019 1754 3020 1739 3020 1723 3020 1754 3021 1723 3021 1737 3021 1755 3022 1724 3022 1738 3022 1755 3023 1740 3023 1724 3023 1756 3024 1741 3024 1725 3024 1756 3025 1725 3025 1739 3025 1757 3026 1726 3026 1740 3026 1757 3027 1742 3027 1726 3027 1758 3028 1744 3028 1759 3028 1758 3029 1743 3029 1744 3029 1760 3030 1745 3030 1727 3030 1760 3031 1727 3031 1741 3031 1761 3032 1746 3032 1728 3032 1761 3033 1728 3033 1742 3033 1762 3034 1747 3034 1729 3034 1762 3035 1729 3035 1743 3035 1763 3036 1732 3036 1745 3036 1763 3037 1764 3037 1749 3037 1763 3038 1765 3038 1764 3038 1763 3039 1749 3039 1748 3039 1763 3040 1748 3040 1732 3040 1766 3041 1750 3041 1733 3041 1766 3042 1733 3042 1746 3042 1767 3043 1734 3043 1747 3043 1767 3044 1751 3044 1734 3044 1768 3045 1752 3045 1735 3045 1768 3046 1735 3046 1750 3046 1769 3047 1753 3047 1736 3047 1769 3048 1736 3048 1751 3048 1770 3049 1737 3049 1752 3049 1770 3050 1754 3050 1737 3050 1771 3051 1738 3051 1753 3051 1771 3052 1755 3052 1738 3052 1772 3053 1739 3053 1754 3053 1772 3054 1756 3054 1739 3054 1773 3055 1757 3055 1740 3055 1773 3056 1740 3056 1755 3056 1774 3057 1760 3057 1741 3057 1774 3058 1741 3058 1756 3058 1775 3059 1742 3059 1757 3059 1775 3060 1761 3060 1742 3060 1776 3061 1743 3061 1758 3061 1776 3062 1762 3062 1743 3062 1777 3063 1745 3063 1760 3063 1777 3064 1778 3064 1765 3064 1777 3065 1763 3065 1745 3065 1777 3066 1765 3066 1763 3066 1779 3067 1746 3067 1761 3067 1779 3068 1766 3068 1746 3068 1780 3069 1747 3069 1762 3069 1780 3070 1767 3070 1747 3070 1781 3071 1768 3071 1750 3071 1781 3072 1750 3072 1766 3072 1782 3073 1769 3073 1751 3073 1782 3074 1751 3074 1767 3074 1783 3075 1752 3075 1768 3075 1783 3076 1770 3076 1752 3076 1784 3077 1753 3077 1769 3077 1784 3078 1771 3078 1753 3078 1785 3079 1772 3079 1754 3079 1785 3080 1754 3080 1770 3080 1786 3081 1755 3081 1771 3081 1786 3082 1773 3082 1755 3082 1787 3083 1756 3083 1772 3083 1787 3084 1774 3084 1756 3084 1788 3085 1757 3085 1773 3085 1788 3086 1775 3086 1757 3086 1789 3087 1776 3087 1758 3087 1789 3088 1759 3088 1790 3088 1789 3089 1758 3089 1759 3089 1791 3090 1760 3090 1774 3090 1791 3091 1777 3091 1760 3091 1792 3092 1761 3092 1775 3092 1792 3093 1779 3093 1761 3093 1793 3094 1762 3094 1776 3094 1793 3095 1780 3095 1762 3095 1794 3096 1781 3096 1766 3096 1794 3097 1766 3097 1779 3097 1795 3098 1767 3098 1780 3098 1795 3099 1782 3099 1767 3099 1796 3100 1768 3100 1781 3100 1796 3101 1783 3101 1768 3101 1797 3102 1769 3102 1782 3102 1797 3103 1784 3103 1769 3103 1798 3104 1770 3104 1783 3104 1798 3105 1785 3105 1770 3105 1799 3106 1786 3106 1771 3106 1799 3107 1771 3107 1784 3107 1800 3108 1772 3108 1785 3108 1800 3109 1787 3109 1772 3109 1801 3110 1788 3110 1773 3110 1801 3111 1773 3111 1786 3111 1802 3112 1803 3112 1804 3112 1802 3113 1790 3113 1803 3113 1802 3114 1789 3114 1790 3114 1805 3115 1774 3115 1787 3115 1805 3116 1791 3116 1774 3116 1806 3117 1792 3117 1775 3117 1806 3118 1775 3118 1788 3118 1807 3119 1776 3119 1789 3119 1807 3120 1793 3120 1776 3120 1808 3121 1809 3121 1778 3121 1808 3122 1810 3122 1809 3122 1808 3123 1777 3123 1791 3123 1808 3124 1778 3124 1777 3124 1811 3125 1779 3125 1792 3125 1811 3126 1794 3126 1779 3126 1812 3127 1780 3127 1793 3127 1812 3128 1795 3128 1780 3128 1813 3129 1796 3129 1781 3129 1813 3130 1781 3130 1794 3130 1814 3131 1797 3131 1782 3131 1814 3132 1782 3132 1795 3132 1815 3133 1783 3133 1796 3133 1815 3134 1798 3134 1783 3134 1816 3135 1784 3135 1797 3135 1816 3136 1799 3136 1784 3136 1817 3137 1800 3137 1785 3137 1817 3138 1785 3138 1798 3138 1818 3139 1786 3139 1799 3139 1818 3140 1801 3140 1786 3140 1819 3141 1804 3141 1820 3141 1819 3142 1802 3142 1804 3142 1821 3143 1805 3143 1787 3143 1821 3144 1787 3144 1800 3144 1822 3145 1788 3145 1801 3145 1822 3146 1806 3146 1788 3146 1823 3147 1807 3147 1789 3147 1823 3148 1789 3148 1802 3148 1824 3149 1810 3149 1808 3149 1824 3150 1808 3150 1791 3150 1824 3151 1825 3151 1810 3151 1824 3152 1791 3152 1805 3152 1826 3153 1811 3153 1792 3153 1826 3154 1792 3154 1806 3154 1827 3155 1812 3155 1793 3155 1827 3156 1793 3156 1807 3156 1828 3157 1794 3157 1811 3157 1828 3158 1813 3158 1794 3158 1829 3159 1795 3159 1812 3159 1829 3160 1814 3160 1795 3160 1830 3161 1796 3161 1813 3161 1830 3162 1815 3162 1796 3162 1831 3163 1797 3163 1814 3163 1831 3164 1816 3164 1797 3164 1832 3165 1798 3165 1815 3165 1832 3166 1817 3166 1798 3166 1833 3167 1799 3167 1816 3167 1833 3168 1818 3168 1799 3168 1834 3169 1819 3169 1820 3169 1834 3170 1820 3170 1835 3170 1836 3171 1821 3171 1800 3171 1836 3172 1800 3172 1817 3172 1837 3173 1822 3173 1801 3173 1837 3174 1801 3174 1818 3174 1838 3175 1823 3175 1802 3175 1838 3176 1802 3176 1819 3176 1839 3177 1805 3177 1821 3177 1839 3178 1824 3178 1805 3178 1840 3179 1826 3179 1806 3179 1840 3180 1806 3180 1822 3180 1841 3181 1827 3181 1807 3181 1841 3182 1807 3182 1823 3182 1842 3183 1828 3183 1811 3183 1842 3184 1811 3184 1826 3184 1843 3185 1829 3185 1812 3185 1843 3186 1812 3186 1827 3186 1844 3187 1830 3187 1813 3187 1844 3188 1813 3188 1828 3188 1845 3189 1814 3189 1829 3189 1845 3190 1831 3190 1814 3190 1846 3191 1815 3191 1830 3191 1846 3192 1832 3192 1815 3192 1847 3193 1833 3193 1816 3193 1847 3194 1816 3194 1831 3194 1848 3195 1849 3195 1850 3195 1848 3196 1835 3196 1849 3196 1848 3197 1834 3197 1835 3197 1851 3198 1817 3198 1832 3198 1851 3199 1836 3199 1817 3199 1852 3200 1818 3200 1833 3200 1852 3201 1837 3201 1818 3201 1853 3202 1819 3202 1834 3202 1853 3203 1838 3203 1819 3203 1854 3204 1821 3204 1836 3204 1854 3205 1839 3205 1821 3205 1855 3206 1840 3206 1822 3206 1855 3207 1822 3207 1837 3207 1856 3208 1823 3208 1838 3208 1856 3209 1841 3209 1823 3209 1857 3210 1858 3210 1825 3210 1857 3211 1859 3211 1858 3211 1857 3212 1825 3212 1824 3212 1857 3213 1824 3213 1839 3213 1860 3214 1826 3214 1840 3214 1860 3215 1842 3215 1826 3215 1861 3216 1827 3216 1841 3216 1861 3217 1843 3217 1827 3217 1862 3218 1828 3218 1842 3218 1862 3219 1844 3219 1828 3219 1863 3220 1829 3220 1843 3220 1863 3221 1845 3221 1829 3221 1864 3222 1846 3222 1830 3222 1864 3223 1830 3223 1844 3223 1865 3224 1831 3224 1845 3224 1865 3225 1847 3225 1831 3225 1866 3226 1851 3226 1832 3226 1866 3227 1832 3227 1846 3227 1867 3228 1833 3228 1847 3228 1867 3229 1852 3229 1833 3229 1868 3230 1834 3230 1848 3230 1868 3231 1853 3231 1834 3231 1869 3232 1854 3232 1836 3232 1869 3233 1836 3233 1851 3233 1870 3234 1837 3234 1852 3234 1870 3235 1855 3235 1837 3235 1871 3236 1856 3236 1838 3236 1871 3237 1838 3237 1853 3237 1872 3238 1857 3238 1839 3238 1872 3239 1873 3239 1859 3239 1872 3240 1839 3240 1854 3240 1872 3241 1859 3241 1857 3241 1874 3242 1860 3242 1840 3242 1874 3243 1840 3243 1855 3243 1875 3244 1861 3244 1841 3244 1875 3245 1841 3245 1856 3245 1876 3246 1862 3246 1842 3246 1876 3247 1842 3247 1860 3247 1877 3248 1843 3248 1861 3248 1877 3249 1863 3249 1843 3249 1878 3250 1864 3250 1844 3250 1878 3251 1844 3251 1862 3251 1879 3252 1845 3252 1863 3252 1879 3253 1865 3253 1845 3253 1880 3254 1846 3254 1864 3254 1880 3255 1866 3255 1846 3255 1881 3256 1847 3256 1865 3256 1881 3257 1867 3257 1847 3257 1882 3258 1848 3258 1850 3258 1882 3259 1868 3259 1848 3259 1883 3260 1851 3260 1866 3260 1883 3261 1869 3261 1851 3261 1884 3262 1852 3262 1867 3262 1884 3263 1870 3263 1852 3263 1885 3264 1853 3264 1868 3264 1885 3265 1871 3265 1853 3265 1886 3266 1872 3266 1854 3266 1886 3267 1854 3267 1869 3267 1887 3268 1855 3268 1870 3268 1887 3269 1874 3269 1855 3269 1888 3270 1875 3270 1856 3270 1888 3271 1856 3271 1871 3271 1889 3272 1860 3272 1874 3272 1889 3273 1876 3273 1860 3273 1890 3274 1877 3274 1861 3274 1890 3275 1861 3275 1875 3275 1891 3276 1862 3276 1876 3276 1891 3277 1878 3277 1862 3277 1892 3278 1879 3278 1863 3278 1892 3279 1863 3279 1877 3279 1893 3280 1880 3280 1864 3280 1893 3281 1864 3281 1878 3281 1894 3282 1881 3282 1865 3282 1894 3283 1865 3283 1879 3283 1895 3284 1896 3284 1897 3284 1895 3285 1850 3285 1896 3285 1895 3286 1882 3286 1850 3286 1898 3287 1883 3287 1866 3287 1898 3288 1866 3288 1880 3288 1899 3289 1884 3289 1867 3289 1899 3290 1867 3290 1881 3290 1900 3291 1868 3291 1882 3291 1900 3292 1885 3292 1868 3292 1901 3293 1869 3293 1883 3293 1901 3294 1886 3294 1869 3294 1902 3295 1870 3295 1884 3295 1902 3296 1887 3296 1870 3296 1903 3297 1888 3297 1871 3297 1903 3298 1871 3298 1885 3298 1904 3299 1872 3299 1886 3299 1904 3300 1873 3300 1872 3300 1904 3301 1905 3301 1873 3301 1904 3302 1906 3302 1905 3302 1907 3303 1889 3303 1874 3303 1907 3304 1874 3304 1887 3304 1908 3305 1890 3305 1875 3305 1908 3306 1875 3306 1888 3306 1909 3307 1876 3307 1889 3307 1909 3308 1891 3308 1876 3308 1910 3309 1892 3309 1877 3309 1910 3310 1877 3310 1890 3310 1911 3311 1878 3311 1891 3311 1911 3312 1893 3312 1878 3312 1912 3313 1879 3313 1892 3313 1912 3314 1894 3314 1879 3314 1913 3315 1897 3315 1914 3315 1913 3316 1895 3316 1897 3316 1915 3317 1898 3317 1880 3317 1915 3318 1880 3318 1893 3318 1916 3319 1899 3319 1881 3319 1916 3320 1881 3320 1894 3320 1917 3321 1900 3321 1882 3321 1917 3322 1882 3322 1895 3322 1918 3323 1901 3323 1883 3323 1918 3324 1883 3324 1898 3324 1919 3325 1884 3325 1899 3325 1919 3326 1902 3326 1884 3326 1920 3327 1903 3327 1885 3327 1920 3328 1885 3328 1900 3328 1921 3329 1904 3329 1886 3329 1921 3330 1886 3330 1901 3330 1921 3331 1922 3331 1906 3331 1921 3332 1906 3332 1904 3332 1923 3333 1887 3333 1902 3333 1923 3334 1907 3334 1887 3334 1924 3335 1908 3335 1888 3335 1924 3336 1888 3336 1903 3336 1925 3337 1889 3337 1907 3337 1925 3338 1909 3338 1889 3338 1926 3339 1910 3339 1890 3339 1926 3340 1890 3340 1908 3340 1927 3341 1891 3341 1909 3341 1927 3342 1911 3342 1891 3342 1928 3343 1892 3343 1910 3343 1928 3344 1912 3344 1892 3344 1929 3345 1913 3345 1914 3345 1929 3346 1914 3346 1930 3346 1931 3347 1915 3347 1893 3347 1931 3348 1893 3348 1911 3348 1932 3349 1894 3349 1912 3349 1932 3350 1916 3350 1894 3350 1933 3351 1895 3351 1913 3351 1933 3352 1917 3352 1895 3352 1934 3353 1898 3353 1915 3353 1934 3354 1918 3354 1898 3354 1935 3355 1899 3355 1916 3355 1935 3356 1919 3356 1899 3356 1936 3357 1920 3357 1900 3357 1936 3358 1900 3358 1917 3358 1937 3359 1901 3359 1918 3359 1937 3360 1921 3360 1901 3360 1938 3361 1923 3361 1902 3361 1938 3362 1902 3362 1919 3362 1939 3363 1924 3363 1903 3363 1939 3364 1903 3364 1920 3364 1940 3365 1907 3365 1923 3365 1940 3366 1925 3366 1907 3366 1941 3367 1926 3367 1908 3367 1941 3368 1908 3368 1924 3368 1942 3369 1927 3369 1909 3369 1942 3370 1909 3370 1925 3370 1943 3371 1928 3371 1910 3371 1943 3372 1910 3372 1926 3372 1944 3373 1929 3373 1930 3373 1944 3374 1930 3374 1945 3374 1946 3375 1931 3375 1911 3375 1946 3376 1911 3376 1927 3376 1947 3377 1932 3377 1912 3377 1947 3378 1912 3378 1928 3378 1948 3379 1933 3379 1913 3379 1948 3380 1913 3380 1929 3380 1949 3381 1934 3381 1915 3381 1949 3382 1915 3382 1931 3382 1950 3383 1916 3383 1932 3383 1950 3384 1935 3384 1916 3384 1951 3385 1936 3385 1917 3385 1951 3386 1917 3386 1933 3386 1952 3387 1918 3387 1934 3387 1952 3388 1937 3388 1918 3388 1953 3389 1938 3389 1919 3389 1953 3390 1919 3390 1935 3390 1954 3391 1920 3391 1936 3391 1954 3392 1939 3392 1920 3392 1955 3393 1922 3393 1921 3393 1955 3394 1956 3394 1922 3394 1955 3395 1957 3395 1956 3395 1955 3396 1921 3396 1937 3396 1958 3397 1923 3397 1938 3397 1958 3398 1940 3398 1923 3398 1959 3399 1941 3399 1924 3399 1959 3400 1924 3400 1939 3400 1960 3401 1942 3401 1925 3401 1960 3402 1925 3402 1940 3402 1961 3403 1926 3403 1941 3403 1961 3404 1943 3404 1926 3404 1962 3405 1963 3405 1964 3405 1962 3406 1945 3406 1963 3406 1962 3407 1944 3407 1945 3407 1965 3408 1927 3408 1942 3408 1965 3409 1946 3409 1927 3409 1966 3410 1928 3410 1943 3410 1966 3411 1947 3411 1928 3411 1967 3412 1948 3412 1929 3412 1967 3413 1929 3413 1944 3413 1968 3414 1949 3414 1931 3414 1968 3415 1931 3415 1946 3415 1969 3416 1950 3416 1932 3416 1969 3417 1932 3417 1947 3417 1970 3418 1951 3418 1933 3418 1970 3419 1933 3419 1948 3419 1971 3420 1934 3420 1949 3420 1971 3421 1952 3421 1934 3421 1972 3422 1935 3422 1950 3422 1972 3423 1953 3423 1935 3423 1973 3424 1954 3424 1936 3424 1973 3425 1936 3425 1951 3425 1974 3426 1937 3426 1952 3426 1974 3427 1975 3427 1957 3427 1974 3428 1955 3428 1937 3428 1974 3429 1957 3429 1955 3429 1976 3430 1938 3430 1953 3430 1976 3431 1958 3431 1938 3431 1977 3432 1939 3432 1954 3432 1977 3433 1959 3433 1939 3433 1978 3434 1960 3434 1940 3434 1978 3435 1940 3435 1958 3435 1979 3436 1941 3436 1959 3436 1979 3437 1961 3437 1941 3437 1980 3438 1964 3438 257 3438 1980 3439 1962 3439 1964 3439 1980 3440 257 3440 256 3440 1980 3441 256 3441 258 3441 1981 3442 1965 3442 1942 3442 1981 3443 1942 3443 1960 3443 1982 3444 1943 3444 1961 3444 1982 3445 1966 3445 1943 3445 1983 3446 1967 3446 1944 3446 1983 3447 1944 3447 1962 3447 1984 3448 1946 3448 1965 3448 1984 3449 1968 3449 1946 3449 1985 3450 1969 3450 1947 3450 1985 3451 1947 3451 1966 3451 1986 3452 1970 3452 1948 3452 1986 3453 1948 3453 1967 3453 1987 3454 1971 3454 1949 3454 1987 3455 1949 3455 1968 3455 1988 3456 1950 3456 1969 3456 1988 3457 1972 3457 1950 3457 1989 3458 1951 3458 1970 3458 1989 3459 1973 3459 1951 3459 1990 3460 1952 3460 1971 3460 1990 3461 1974 3461 1952 3461 1991 3462 1953 3462 1972 3462 1991 3463 1976 3463 1953 3463 1992 3464 1977 3464 1954 3464 1992 3465 1954 3465 1973 3465 1993 3466 1958 3466 1976 3466 1993 3467 1978 3467 1958 3467 1994 3468 1979 3468 1959 3468 1994 3469 1959 3469 1977 3469 1995 3470 1960 3470 1978 3470 1995 3471 1981 3471 1960 3471 1996 3472 1982 3472 1961 3472 1996 3473 1961 3473 1979 3473 1997 3474 1980 3474 258 3474 1997 3475 1983 3475 1962 3475 1997 3476 258 3476 266 3476 1997 3477 1962 3477 1980 3477 1998 3478 1965 3478 1981 3478 1998 3479 1984 3479 1965 3479 1999 3480 1966 3480 1982 3480 1999 3481 1985 3481 1966 3481 2000 3482 1967 3482 1983 3482 2000 3483 1986 3483 1967 3483 2001 3484 1987 3484 1968 3484 2001 3485 1968 3485 1984 3485 2002 3486 1969 3486 1985 3486 2002 3487 1988 3487 1969 3487 2003 3488 1989 3488 1970 3488 2003 3489 1970 3489 1986 3489 2004 3490 1971 3490 1987 3490 2004 3491 1990 3491 1971 3491 2005 3492 1991 3492 1972 3492 2005 3493 1972 3493 1988 3493 2006 3494 1973 3494 1989 3494 2006 3495 1992 3495 1973 3495 2007 3496 1974 3496 1990 3496 2007 3497 2008 3497 1975 3497 2007 3498 2009 3498 2008 3498 2007 3499 1975 3499 1974 3499 2010 3500 1993 3500 1976 3500 2010 3501 1976 3501 1991 3501 2011 3502 1977 3502 1992 3502 2011 3503 1994 3503 1977 3503 2012 3504 1995 3504 1978 3504 2012 3505 1978 3505 1993 3505 2013 3506 1979 3506 1994 3506 2013 3507 1996 3507 1979 3507 2014 3508 1998 3508 1981 3508 2014 3509 1981 3509 1995 3509 2015 3510 1999 3510 1982 3510 2015 3511 1982 3511 1996 3511 2016 3512 1983 3512 1997 3512 2016 3513 2000 3513 1983 3513 2017 3514 2001 3514 1984 3514 2017 3515 1984 3515 1998 3515 2018 3516 2002 3516 1985 3516 2018 3517 1985 3517 1999 3517 2019 3518 1986 3518 2000 3518 2019 3519 2003 3519 1986 3519 2020 3520 1987 3520 2001 3520 2020 3521 2004 3521 1987 3521 2021 3522 1988 3522 2002 3522 2021 3523 2005 3523 1988 3523 2022 3524 2006 3524 1989 3524 2022 3525 1989 3525 2003 3525 2023 3526 1990 3526 2004 3526 2023 3527 2009 3527 2007 3527 2023 3528 2024 3528 2009 3528 2023 3529 2007 3529 1990 3529 2025 3530 1991 3530 2005 3530 2025 3531 2010 3531 1991 3531 2026 3532 1992 3532 2006 3532 2026 3533 2011 3533 1992 3533 2027 3534 2012 3534 1993 3534 2027 3535 1993 3535 2010 3535 2028 3536 1994 3536 2011 3536 2028 3537 2013 3537 1994 3537 2029 3538 1995 3538 2012 3538 2029 3539 2014 3539 1995 3539 2030 3540 1996 3540 2013 3540 2030 3541 2015 3541 1996 3541 2031 3542 1997 3542 266 3542 2031 3543 2016 3543 1997 3543 2031 3544 266 3544 271 3544 2032 3545 2017 3545 1998 3545 2032 3546 1998 3546 2014 3546 2033 3547 2018 3547 1999 3547 2033 3548 1999 3548 2015 3548 2034 3549 2019 3549 2000 3549 2034 3550 2000 3550 2016 3550 2035 3551 2020 3551 2001 3551 2035 3552 2001 3552 2017 3552 2036 3553 2021 3553 2002 3553 2036 3554 2002 3554 2018 3554 2037 3555 2022 3555 2003 3555 2037 3556 2003 3556 2019 3556 2038 3557 2004 3557 2020 3557 2038 3558 2023 3558 2004 3558 2039 3559 2005 3559 2021 3559 2039 3560 2025 3560 2005 3560 2040 3561 2006 3561 2022 3561 2040 3562 2026 3562 2006 3562 2041 3563 2042 3563 2024 3563 2041 3564 2024 3564 2023 3564 2043 3565 2010 3565 2025 3565 2043 3566 2027 3566 2010 3566 2044 3567 2028 3567 2011 3567 2044 3568 2011 3568 2026 3568 2045 3569 2029 3569 2012 3569 2045 3570 2012 3570 2027 3570 2046 3571 2013 3571 2028 3571 2046 3572 2030 3572 2013 3572 2047 3573 2014 3573 2029 3573 2047 3574 2032 3574 2014 3574 2048 3575 2015 3575 2030 3575 2048 3576 2033 3576 2015 3576 2049 3577 2034 3577 2016 3577 2049 3578 271 3578 286 3578 2049 3579 2016 3579 2031 3579 2049 3580 286 3580 287 3580 2049 3581 2031 3581 271 3581 2050 3582 2017 3582 2032 3582 2050 3583 2035 3583 2017 3583 2051 3584 2036 3584 2018 3584 2051 3585 2018 3585 2033 3585 2052 3586 2019 3586 2034 3586 2052 3587 2037 3587 2019 3587 2053 3588 2038 3588 2020 3588 2053 3589 2020 3589 2035 3589 2054 3590 2021 3590 2036 3590 2054 3591 2039 3591 2021 3591 2055 3592 2022 3592 2037 3592 2055 3593 2040 3593 2022 3593 2056 3594 2023 3594 2038 3594 2056 3595 2042 3595 2041 3595 2056 3596 2041 3596 2023 3596 2056 3597 2057 3597 2042 3597 2058 3598 2025 3598 2039 3598 2058 3599 2043 3599 2025 3599 2059 3600 2026 3600 2040 3600 2059 3601 2044 3601 2026 3601 2060 3602 2027 3602 2043 3602 2060 3603 2045 3603 2027 3603 2061 3604 2028 3604 2044 3604 2061 3605 2046 3605 2028 3605 2062 3606 2047 3606 2029 3606 2062 3607 2029 3607 2045 3607 2063 3608 2030 3608 2046 3608 2063 3609 2048 3609 2030 3609 2064 3610 2050 3610 2032 3610 2064 3611 2032 3611 2047 3611 2065 3612 2033 3612 2048 3612 2065 3613 2051 3613 2033 3613 2066 3614 2034 3614 2049 3614 2066 3615 2052 3615 2034 3615 2067 3616 2053 3616 2035 3616 2067 3617 2035 3617 2050 3617 2068 3618 2036 3618 2051 3618 2068 3619 2054 3619 2036 3619 2069 3620 2055 3620 2037 3620 2069 3621 2037 3621 2052 3621 2070 3622 2038 3622 2053 3622 2070 3623 756 3623 2057 3623 2070 3624 2057 3624 2056 3624 2070 3625 2056 3625 2038 3625 2071 3626 2039 3626 2054 3626 2071 3627 2058 3627 2039 3627 2072 3628 2059 3628 2040 3628 2072 3629 2040 3629 2055 3629 2073 3630 2060 3630 2043 3630 2073 3631 2043 3631 2058 3631 2074 3632 2044 3632 2059 3632 2074 3633 2061 3633 2044 3633 2075 3634 2062 3634 2045 3634 2075 3635 2045 3635 2060 3635 2076 3636 2063 3636 2046 3636 2076 3637 2046 3637 2061 3637 2077 3638 2047 3638 2062 3638 2077 3639 2064 3639 2047 3639 2078 3640 2065 3640 2048 3640 2078 3641 2048 3641 2063 3641 2079 3642 2066 3642 2049 3642 2079 3643 2049 3643 287 3643 2079 3644 287 3644 295 3644 2080 3645 2050 3645 2064 3645 2080 3646 2067 3646 2050 3646 2081 3647 2068 3647 2051 3647 2081 3648 2051 3648 2065 3648 2082 3649 2052 3649 2066 3649 2082 3650 2069 3650 2052 3650 2083 3651 756 3651 2070 3651 2083 3652 2053 3652 2067 3652 2083 3653 2070 3653 2053 3653 2084 3654 2071 3654 2054 3654 2084 3655 2054 3655 2068 3655 2085 3656 2072 3656 2055 3656 2085 3657 2055 3657 2069 3657 2086 3658 2073 3658 2058 3658 2086 3659 2058 3659 2071 3659 2087 3660 2059 3660 2072 3660 2087 3661 2074 3661 2059 3661 2088 3662 2060 3662 2073 3662 2088 3663 2075 3663 2060 3663 2089 3664 2061 3664 2074 3664 2089 3665 2076 3665 2061 3665 2090 3666 2077 3666 2062 3666 2090 3667 2062 3667 2075 3667 2091 3668 2078 3668 2063 3668 2091 3669 2063 3669 2076 3669 2092 3670 2064 3670 2077 3670 2092 3671 2080 3671 2064 3671 2093 3672 2081 3672 2065 3672 2093 3673 2065 3673 2078 3673 2094 3674 2082 3674 2066 3674 2094 3675 2079 3675 295 3675 2094 3676 2066 3676 2079 3676 2094 3677 295 3677 318 3677 2094 3678 318 3678 319 3678 2095 3679 756 3679 2083 3679 2095 3680 2067 3680 2080 3680 2095 3681 2083 3681 2067 3681 2096 3682 2068 3682 2081 3682 2096 3683 2084 3683 2068 3683 2097 3684 2069 3684 2082 3684 2097 3685 2085 3685 2069 3685 2098 3686 2086 3686 2071 3686 2098 3687 2071 3687 2084 3687 2099 3688 2087 3688 2072 3688 2099 3689 2072 3689 2085 3689 2100 3690 2073 3690 2086 3690 2100 3691 2088 3691 2073 3691 2101 3692 2089 3692 2074 3692 2101 3693 2074 3693 2087 3693 2102 3694 2075 3694 2088 3694 2102 3695 2090 3695 2075 3695 2103 3696 2076 3696 2089 3696 2103 3697 2091 3697 2076 3697 2104 3698 2092 3698 2077 3698 2104 3699 2077 3699 2090 3699 2105 3700 2078 3700 2091 3700 2105 3701 2093 3701 2078 3701 2106 3702 756 3702 2095 3702 2106 3703 2080 3703 2092 3703 2106 3704 2095 3704 2080 3704 2107 3705 2096 3705 2081 3705 2107 3706 2081 3706 2093 3706 2108 3707 2082 3707 2094 3707 2108 3708 2097 3708 2082 3708 2109 3709 2084 3709 2096 3709 2109 3710 2098 3710 2084 3710 2110 3711 2085 3711 2097 3711 2110 3712 2099 3712 2085 3712 2111 3713 2086 3713 2098 3713 2111 3714 2100 3714 2086 3714 2112 3715 2087 3715 2099 3715 2112 3716 2101 3716 2087 3716 2113 3717 2102 3717 2088 3717 2113 3718 2088 3718 2100 3718 2114 3719 2103 3719 2089 3719 2114 3720 2089 3720 2101 3720 2115 3721 2104 3721 2090 3721 2115 3722 2090 3722 2102 3722 2116 3723 2091 3723 2103 3723 2116 3724 2105 3724 2091 3724 2117 3725 2106 3725 2092 3725 2117 3726 2092 3726 2104 3726 2117 3727 756 3727 2106 3727 2118 3728 2093 3728 2105 3728 2118 3729 2107 3729 2093 3729 2119 3730 2094 3730 319 3730 2119 3731 2108 3731 2094 3731 2119 3732 319 3732 335 3732 2120 3733 2109 3733 2096 3733 2120 3734 2096 3734 2107 3734 2121 3735 2097 3735 2108 3735 2121 3736 2110 3736 2097 3736 2122 3737 2098 3737 2109 3737 2122 3738 2111 3738 2098 3738 2123 3739 2099 3739 2110 3739 2123 3740 2112 3740 2099 3740 2124 3741 2113 3741 2100 3741 2124 3742 2100 3742 2111 3742 2125 3743 2114 3743 2101 3743 2125 3744 2101 3744 2112 3744 2126 3745 2102 3745 2113 3745 2126 3746 2115 3746 2102 3746 2127 3747 2103 3747 2114 3747 2127 3748 2116 3748 2103 3748 2128 3749 2104 3749 2115 3749 2128 3750 2117 3750 2104 3750 2128 3751 756 3751 2117 3751 2129 3752 2118 3752 2105 3752 2129 3753 2105 3753 2116 3753 2130 3754 2107 3754 2118 3754 2130 3755 2120 3755 2107 3755 2131 3756 2119 3756 335 3756 2131 3757 2121 3757 2108 3757 2131 3758 2108 3758 2119 3758 2131 3759 335 3759 370 3759 2132 3760 2109 3760 2120 3760 2132 3761 2122 3761 2109 3761 2133 3762 2110 3762 2121 3762 2133 3763 2123 3763 2110 3763 2134 3764 2111 3764 2122 3764 2134 3765 2124 3765 2111 3765 2135 3766 2112 3766 2123 3766 2135 3767 2125 3767 2112 3767 2136 3768 2113 3768 2124 3768 2136 3769 2126 3769 2113 3769 2137 3770 2114 3770 2125 3770 2137 3771 2127 3771 2114 3771 2138 3772 2128 3772 2115 3772 2138 3773 2115 3773 2126 3773 2138 3774 756 3774 2128 3774 2139 3775 2116 3775 2127 3775 2139 3776 2129 3776 2116 3776 2140 3777 2118 3777 2129 3777 2140 3778 2130 3778 2118 3778 2141 3779 2120 3779 2130 3779 2141 3780 2132 3780 2120 3780 2142 3781 2121 3781 2131 3781 2142 3782 2133 3782 2121 3782 2143 3783 2134 3783 2122 3783 2143 3784 2122 3784 2132 3784 2144 3785 2123 3785 2133 3785 2144 3786 2135 3786 2123 3786 2145 3787 2136 3787 2124 3787 2145 3788 2124 3788 2134 3788 2146 3789 2137 3789 2125 3789 2146 3790 2125 3790 2135 3790 2147 3791 2126 3791 2136 3791 2147 3792 756 3792 2138 3792 2147 3793 2138 3793 2126 3793 2148 3794 2127 3794 2137 3794 2148 3795 2139 3795 2127 3795 2149 3796 2129 3796 2139 3796 2149 3797 2140 3797 2129 3797 2150 3798 2130 3798 2140 3798 2150 3799 2141 3799 2130 3799 2151 3800 370 3800 391 3800 2151 3801 391 3801 392 3801 2151 3802 2142 3802 2131 3802 2151 3803 2131 3803 370 3803 2152 3804 2132 3804 2141 3804 2152 3805 2143 3805 2132 3805 2153 3806 2133 3806 2142 3806 2153 3807 2144 3807 2133 3807 2154 3808 2145 3808 2134 3808 2154 3809 2134 3809 2143 3809 2155 3810 2146 3810 2135 3810 2155 3811 2135 3811 2144 3811 2156 3812 2147 3812 2136 3812 2156 3813 2136 3813 2145 3813 2156 3814 756 3814 2147 3814 2157 3815 2137 3815 2146 3815 2157 3816 2148 3816 2137 3816 2158 3817 2139 3817 2148 3817 2158 3818 2149 3818 2139 3818 2159 3819 2140 3819 2149 3819 2159 3820 2150 3820 2140 3820 2160 3821 2141 3821 2150 3821 2160 3822 2152 3822 2141 3822 2161 3823 392 3823 438 3823 2161 3824 2151 3824 392 3824 2161 3825 2142 3825 2151 3825 2161 3826 2153 3826 2142 3826 2162 3827 2143 3827 2152 3827 2162 3828 2154 3828 2143 3828 2163 3829 2144 3829 2153 3829 2163 3830 2155 3830 2144 3830 2164 3831 756 3831 2156 3831 2164 3832 2156 3832 2145 3832 2164 3833 2145 3833 2154 3833 2165 3834 2157 3834 2146 3834 2165 3835 2146 3835 2155 3835 2166 3836 2148 3836 2157 3836 2166 3837 2158 3837 2148 3837 2167 3838 2159 3838 2149 3838 2167 3839 2149 3839 2158 3839 2168 3840 2150 3840 2159 3840 2168 3841 2160 3841 2150 3841 2169 3842 2152 3842 2160 3842 2169 3843 2162 3843 2152 3843 2170 3844 2153 3844 2161 3844 2170 3845 2163 3845 2153 3845 2171 3846 756 3846 2164 3846 2171 3847 2154 3847 2162 3847 2171 3848 2164 3848 2154 3848 2172 3849 2155 3849 2163 3849 2172 3850 2165 3850 2155 3850 2173 3851 2157 3851 2165 3851 2173 3852 2166 3852 2157 3852 2174 3853 2158 3853 2166 3853 2174 3854 2167 3854 2158 3854 2175 3855 2159 3855 2167 3855 2175 3856 2168 3856 2159 3856 2176 3857 2169 3857 2160 3857 2176 3858 2160 3858 2168 3858 2177 3859 2170 3859 2161 3859 2177 3860 438 3860 466 3860 2177 3861 466 3861 467 3861 2177 3862 2161 3862 438 3862 2178 3863 2171 3863 2162 3863 2178 3864 756 3864 2171 3864 2178 3865 2162 3865 2169 3865 2179 3866 2163 3866 2170 3866 2179 3867 2172 3867 2163 3867 2180 3868 2165 3868 2172 3868 2180 3869 2173 3869 2165 3869 2181 3870 2166 3870 2173 3870 2181 3871 2174 3871 2166 3871 2182 3872 2167 3872 2174 3872 2182 3873 2175 3873 2167 3873 2183 3874 2168 3874 2175 3874 2183 3875 2176 3875 2168 3875 2184 3876 2169 3876 2176 3876 2184 3877 2178 3877 2169 3877 2184 3878 756 3878 2178 3878 2185 3879 2179 3879 2170 3879 2185 3880 467 3880 515 3880 2185 3881 2177 3881 467 3881 2185 3882 2170 3882 2177 3882 2186 3883 2172 3883 2179 3883 2186 3884 2180 3884 2172 3884 2187 3885 2173 3885 2180 3885 2187 3886 2181 3886 2173 3886 2188 3887 2182 3887 2174 3887 2188 3888 2174 3888 2181 3888 2189 3889 2175 3889 2182 3889 2189 3890 2183 3890 2175 3890 2190 3891 2184 3891 2176 3891 2190 3892 2176 3892 2183 3892 2190 3893 756 3893 2184 3893 2191 3894 2179 3894 2185 3894 2191 3895 2186 3895 2179 3895 2192 3896 2180 3896 2186 3896 2192 3897 2187 3897 2180 3897 2193 3898 2181 3898 2187 3898 2193 3899 2188 3899 2181 3899 2194 3900 2182 3900 2188 3900 2194 3901 2189 3901 2182 3901 2195 3902 756 3902 2190 3902 2195 3903 2183 3903 2189 3903 2195 3904 2190 3904 2183 3904 2196 3905 515 3905 548 3905 2196 3906 548 3906 549 3906 2196 3907 2185 3907 515 3907 2196 3908 2191 3908 2185 3908 2197 3909 2186 3909 2191 3909 2197 3910 2192 3910 2186 3910 2198 3911 2187 3911 2192 3911 2198 3912 2193 3912 2187 3912 2199 3913 2194 3913 2188 3913 2199 3914 2188 3914 2193 3914 2200 3915 756 3915 2195 3915 2200 3916 2189 3916 2194 3916 2200 3917 2195 3917 2189 3917 2201 3918 549 3918 603 3918 2201 3919 2197 3919 2191 3919 2201 3920 2196 3920 549 3920 2201 3921 2191 3921 2196 3921 2202 3922 2192 3922 2197 3922 2202 3923 2198 3923 2192 3923 2203 3924 2193 3924 2198 3924 2203 3925 2199 3925 2193 3925 2204 3926 2194 3926 2199 3926 2204 3927 2200 3927 2194 3927 2204 3928 756 3928 2200 3928 2205 3929 2197 3929 2201 3929 2205 3930 2202 3930 2197 3930 2206 3931 2203 3931 2198 3931 2206 3932 2198 3932 2202 3932 2207 3933 2204 3933 2199 3933 2207 3934 756 3934 2204 3934 2207 3935 2199 3935 2203 3935 2208 3936 603 3936 635 3936 2208 3937 2201 3937 603 3937 2208 3938 2205 3938 2201 3938 2209 3939 2202 3939 2205 3939 2209 3940 2206 3940 2202 3940 2210 3941 756 3941 2207 3941 2210 3942 2207 3942 2203 3942 2210 3943 2203 3943 2206 3943 2211 3944 635 3944 693 3944 2211 3945 693 3945 694 3945 2211 3946 2205 3946 2208 3946 2211 3947 2208 3947 635 3947 2211 3948 2209 3948 2205 3948 2212 3949 2206 3949 2209 3949 2212 3950 756 3950 2210 3950 2212 3951 2210 3951 2206 3951 2213 3952 2212 3952 2209 3952 2213 3953 727 3953 756 3953 2213 3954 756 3954 2212 3954 2213 3955 2209 3955 2211 3955 2214 3956 694 3956 727 3956 2214 3957 2211 3957 694 3957 2214 3958 727 3958 2213 3958 2214 3959 2213 3959 2211 3959 2215 3960 1258 3960 1261 3960 2216 3961 2217 3961 2218 3961 2219 3962 2216 3962 2218 3962 2220 3963 2219 3963 2218 3963 2221 3964 2057 3964 756 3964 2222 3965 1261 3965 1484 3965 2222 3966 2215 3966 1261 3966 2223 3967 2220 3967 2218 3967 2223 3968 2215 3968 2222 3968 2223 3969 2224 3969 2220 3969 2223 3970 2218 3970 2215 3970 2225 3971 1484 3971 1485 3971 2225 3972 2222 3972 1484 3972 2226 3973 2223 3973 2222 3973 2226 3974 2224 3974 2223 3974 2226 3975 2222 3975 2225 3975 2226 3976 2227 3976 2224 3976 2228 3977 1485 3977 1500 3977 2228 3978 2225 3978 1485 3978 2229 3979 2226 3979 2225 3979 2229 3980 2227 3980 2226 3980 2229 3981 2225 3981 2228 3981 2229 3982 2230 3982 2227 3982 2231 3983 1500 3983 1513 3983 2231 3984 2228 3984 1500 3984 2231 3985 2229 3985 2228 3985 2232 3986 1513 3986 1514 3986 2232 3987 2231 3987 1513 3987 2233 3988 2230 3988 2229 3988 2233 3989 2229 3989 2231 3989 2233 3990 2234 3990 2230 3990 2235 3991 2234 3991 2233 3991 2235 3992 2233 3992 2231 3992 2235 3993 2231 3993 2232 3993 2236 3994 2232 3994 1514 3994 2237 3995 2235 3995 2232 3995 2237 3996 2234 3996 2235 3996 2237 3997 2238 3997 2234 3997 2237 3998 2232 3998 2236 3998 2239 3999 2236 3999 1514 3999 2239 4000 1514 4000 1528 4000 2240 4001 2236 4001 2239 4001 2240 4002 2237 4002 2236 4002 2240 4003 2238 4003 2237 4003 2241 4004 2239 4004 1528 4004 2242 4005 2239 4005 2241 4005 2242 4006 2238 4006 2240 4006 2242 4007 2240 4007 2239 4007 2242 4008 2243 4008 2238 4008 2244 4009 1528 4009 1529 4009 2244 4010 2242 4010 2241 4010 2244 4011 2241 4011 1528 4011 2245 4012 2243 4012 2242 4012 2245 4013 2242 4013 2244 4013 2246 4014 2245 4014 2244 4014 2246 4015 2244 4015 1529 4015 2247 4016 2243 4016 2245 4016 2247 4017 2245 4017 2246 4017 2247 4018 2248 4018 2243 4018 2249 4019 1529 4019 1543 4019 2249 4020 2246 4020 1529 4020 2250 4021 2248 4021 2247 4021 2250 4022 2246 4022 2249 4022 2250 4023 2247 4023 2246 4023 2251 4024 2249 4024 1543 4024 2252 4025 2248 4025 2250 4025 2252 4026 2249 4026 2251 4026 2252 4027 2253 4027 2248 4027 2252 4028 2250 4028 2249 4028 2254 4029 1543 4029 1572 4029 2254 4030 2251 4030 1543 4030 2255 4031 2252 4031 2251 4031 2255 4032 2251 4032 2254 4032 2255 4033 2253 4033 2252 4033 2256 4034 2254 4034 1572 4034 2256 4035 2255 4035 2254 4035 2257 4036 2253 4036 2255 4036 2257 4037 2255 4037 2256 4037 2257 4038 2258 4038 2253 4038 2259 4039 1572 4039 1573 4039 2259 4040 2256 4040 1572 4040 2260 4041 2257 4041 2256 4041 2260 4042 2256 4042 2259 4042 2260 4043 2258 4043 2257 4043 2261 4044 2259 4044 1573 4044 2262 4045 2259 4045 2261 4045 2262 4046 2260 4046 2259 4046 2262 4047 2258 4047 2260 4047 2262 4048 2263 4048 2258 4048 2264 4049 1573 4049 1587 4049 2264 4050 2261 4050 1573 4050 2265 4051 2264 4051 1587 4051 2266 4052 2262 4052 2261 4052 2266 4053 2263 4053 2262 4053 2266 4054 2261 4054 2264 4054 2267 4055 2264 4055 2265 4055 2267 4056 2268 4056 2263 4056 2267 4057 2266 4057 2264 4057 2267 4058 2263 4058 2266 4058 2269 4059 1587 4059 1588 4059 2269 4060 2265 4060 1587 4060 2270 4061 2268 4061 2267 4061 2270 4062 2265 4062 2269 4062 2270 4063 2267 4063 2265 4063 2271 4064 1588 4064 1602 4064 2271 4065 2269 4065 1588 4065 2272 4066 2270 4066 2269 4066 2272 4067 2273 4067 2268 4067 2272 4068 2268 4068 2270 4068 2272 4069 2269 4069 2271 4069 2274 4070 2271 4070 1602 4070 2274 4071 1602 4071 1617 4071 2275 4072 2272 4072 2271 4072 2275 4073 2271 4073 2274 4073 2275 4074 2273 4074 2272 4074 2275 4075 2276 4075 2273 4075 2277 4076 2274 4076 1617 4076 2277 4077 1617 4077 1644 4077 2278 4078 2275 4078 2274 4078 2278 4079 2274 4079 2277 4079 2278 4080 2276 4080 2275 4080 2278 4081 2279 4081 2276 4081 2280 4082 2277 4082 1644 4082 2280 4083 1644 4083 1645 4083 2281 4084 2278 4084 2277 4084 2281 4085 2277 4085 2280 4085 2281 4086 2279 4086 2278 4086 2281 4087 2282 4087 2279 4087 2283 4088 1645 4088 1646 4088 2283 4089 2280 4089 1645 4089 2284 4090 2281 4090 2280 4090 2284 4091 2282 4091 2281 4091 2284 4092 2280 4092 2283 4092 2284 4093 2285 4093 2282 4093 2286 4094 1646 4094 1660 4094 2286 4095 2283 4095 1646 4095 2287 4096 2285 4096 2284 4096 2287 4097 2288 4097 2285 4097 2287 4098 2284 4098 2283 4098 2287 4099 2283 4099 2286 4099 2289 4100 1660 4100 1674 4100 2289 4101 2287 4101 2286 4101 2289 4102 2286 4102 1660 4102 2290 4103 1674 4103 1702 4103 2290 4104 2289 4104 1674 4104 2291 4105 2288 4105 2287 4105 2291 4106 2292 4106 2288 4106 2291 4107 2287 4107 2289 4107 2293 4108 2289 4108 2290 4108 2293 4109 2291 4109 2289 4109 2293 4110 2292 4110 2291 4110 2294 4111 2293 4111 2290 4111 2294 4112 2290 4112 1702 4112 2295 4113 2292 4113 2293 4113 2295 4114 2296 4114 2292 4114 2295 4115 2293 4115 2294 4115 2297 4116 1702 4116 1703 4116 2297 4117 2294 4117 1702 4117 2297 4118 2295 4118 2294 4118 2298 4119 2296 4119 2295 4119 2298 4120 2295 4120 2297 4120 2299 4121 2297 4121 1703 4121 2300 4122 2298 4122 2297 4122 2300 4123 2296 4123 2298 4123 2300 4124 2301 4124 2296 4124 2300 4125 2297 4125 2299 4125 2302 4126 1703 4126 1717 4126 2302 4127 2299 4127 1703 4127 2302 4128 2300 4128 2299 4128 2303 4129 2301 4129 2300 4129 2303 4130 2300 4130 2302 4130 2304 4131 2302 4131 1717 4131 2304 4132 2303 4132 2302 4132 2305 4133 2306 4133 2301 4133 2305 4134 2301 4134 2303 4134 2305 4135 2303 4135 2304 4135 2307 4136 2304 4136 1717 4136 2307 4137 1717 4137 1718 4137 2308 4138 2304 4138 2307 4138 2308 4139 2306 4139 2305 4139 2308 4140 2305 4140 2304 4140 2309 4141 2307 4141 1718 4141 2310 4142 2311 4142 2306 4142 2310 4143 2307 4143 2309 4143 2310 4144 2308 4144 2307 4144 2310 4145 2306 4145 2308 4145 2312 4146 1718 4146 1749 4146 2312 4147 2309 4147 1718 4147 2312 4148 2310 4148 2309 4148 2313 4149 2311 4149 2310 4149 2313 4150 2310 4150 2312 4150 2314 4151 2312 4151 1749 4151 2314 4152 2313 4152 2312 4152 2315 4153 2313 4153 2314 4153 2315 4154 2316 4154 2311 4154 2315 4155 2311 4155 2313 4155 2317 4156 2314 4156 1749 4156 2317 4157 1749 4157 1764 4157 2318 4158 2315 4158 2314 4158 2318 4159 2316 4159 2315 4159 2318 4160 2314 4160 2317 4160 2319 4161 2317 4161 1764 4161 2319 4162 2318 4162 2317 4162 2320 4163 2316 4163 2318 4163 2320 4164 2318 4164 2319 4164 2320 4165 2321 4165 2316 4165 2322 4166 2319 4166 1764 4166 2322 4167 1764 4167 1765 4167 2323 4168 2322 4168 1765 4168 2324 4169 2319 4169 2322 4169 2324 4170 2320 4170 2319 4170 2324 4171 2321 4171 2320 4171 2325 4172 2322 4172 2323 4172 2325 4173 2324 4173 2322 4173 2325 4174 2321 4174 2324 4174 2325 4175 2326 4175 2321 4175 2327 4176 2323 4176 1765 4176 2327 4177 2325 4177 2323 4177 2327 4178 1765 4178 1778 4178 2328 4179 2326 4179 2325 4179 2328 4180 2325 4180 2327 4180 2328 4181 2329 4181 2326 4181 2330 4182 2327 4182 1778 4182 2330 4183 1778 4183 1809 4183 2330 4184 2328 4184 2327 4184 2331 4185 2329 4185 2328 4185 2331 4186 2328 4186 2330 4186 2332 4187 1809 4187 1810 4187 2332 4188 2330 4188 1809 4188 2333 4189 2331 4189 2330 4189 2333 4190 2329 4190 2331 4190 2333 4191 2330 4191 2332 4191 2333 4192 2334 4192 2329 4192 2335 4193 2332 4193 1810 4193 2335 4194 1810 4194 1825 4194 2335 4195 1825 4195 1858 4195 2335 4196 2333 4196 2332 4196 2336 4197 2333 4197 2335 4197 2336 4198 2334 4198 2333 4198 2336 4199 2337 4199 2334 4199 2338 4200 2335 4200 1858 4200 2338 4201 2336 4201 2335 4201 2339 4202 2337 4202 2336 4202 2339 4203 2336 4203 2338 4203 2339 4204 2340 4204 2337 4204 2341 4205 2338 4205 1858 4205 2341 4206 1858 4206 1859 4206 2342 4207 2338 4207 2341 4207 2342 4208 2339 4208 2338 4208 2342 4209 2340 4209 2339 4209 2342 4210 2343 4210 2340 4210 2344 4211 1859 4211 1873 4211 2344 4212 1873 4212 1905 4212 2344 4213 2341 4213 1859 4213 2345 4214 2341 4214 2344 4214 2345 4215 2342 4215 2341 4215 2345 4216 2346 4216 2343 4216 2345 4217 2343 4217 2342 4217 2347 4218 2344 4218 1905 4218 2348 4219 1905 4219 1906 4219 2348 4220 2347 4220 1905 4220 2349 4221 2344 4221 2347 4221 2349 4222 2350 4222 2346 4222 2349 4223 2345 4223 2344 4223 2349 4224 2346 4224 2345 4224 2349 4225 2347 4225 2348 4225 2351 4226 2350 4226 2349 4226 2351 4227 2349 4227 2348 4227 2352 4228 2348 4228 1906 4228 2353 4229 2348 4229 2352 4229 2353 4230 2354 4230 2350 4230 2353 4231 2351 4231 2348 4231 2353 4232 2350 4232 2351 4232 2355 4233 1906 4233 1922 4233 2355 4234 2352 4234 1906 4234 2356 4235 2353 4235 2352 4235 2356 4236 2354 4236 2353 4236 2356 4237 2352 4237 2355 4237 2357 4238 2355 4238 1922 4238 2358 4239 2354 4239 2356 4239 2358 4240 2359 4240 2354 4240 2358 4241 2356 4241 2355 4241 2358 4242 2355 4242 2357 4242 2360 4243 1922 4243 1956 4243 2360 4244 2357 4244 1922 4244 2361 4245 2357 4245 2360 4245 2361 4246 2359 4246 2358 4246 2361 4247 2358 4247 2357 4247 2362 4248 2360 4248 1956 4248 2363 4249 2359 4249 2361 4249 2363 4250 2360 4250 2362 4250 2363 4251 2364 4251 2359 4251 2363 4252 2361 4252 2360 4252 2365 4253 1956 4253 1957 4253 2365 4254 2362 4254 1956 4254 2366 4255 2362 4255 2365 4255 2366 4256 2363 4256 2362 4256 2366 4257 2364 4257 2363 4257 2367 4258 2365 4258 1957 4258 2368 4259 2364 4259 2366 4259 2368 4260 2365 4260 2367 4260 2368 4261 2369 4261 2364 4261 2368 4262 2366 4262 2365 4262 2370 4263 2367 4263 1957 4263 2370 4264 1957 4264 1975 4264 2371 4265 2367 4265 2370 4265 2371 4266 2368 4266 2367 4266 2371 4267 2369 4267 2368 4267 2372 4268 2370 4268 1975 4268 2373 4269 2371 4269 2370 4269 2373 4270 2369 4270 2371 4270 2373 4271 2370 4271 2372 4271 2373 4272 2374 4272 2369 4272 2375 4273 1975 4273 2008 4273 2375 4274 2372 4274 1975 4274 2376 4275 2372 4275 2375 4275 2376 4276 2373 4276 2372 4276 2376 4277 2374 4277 2373 4277 2377 4278 2375 4278 2008 4278 2378 4279 2374 4279 2376 4279 2378 4280 2375 4280 2377 4280 2378 4281 2379 4281 2374 4281 2378 4282 2376 4282 2375 4282 2380 4283 2377 4283 2008 4283 2380 4284 2008 4284 2009 4284 2380 4285 2378 4285 2377 4285 2381 4286 2380 4286 2009 4286 2382 4287 2379 4287 2378 4287 2382 4288 2378 4288 2380 4288 2383 4289 2379 4289 2382 4289 2383 4290 2380 4290 2381 4290 2383 4291 2384 4291 2379 4291 2383 4292 2382 4292 2380 4292 2385 4293 2009 4293 2024 4293 2385 4294 2381 4294 2009 4294 2386 4295 2383 4295 2381 4295 2386 4296 2384 4296 2383 4296 2386 4297 2381 4297 2385 4297 2387 4298 2024 4298 2042 4298 2387 4299 2386 4299 2385 4299 2387 4300 2385 4300 2024 4300 2388 4301 2389 4301 2390 4301 2388 4302 2390 4302 2384 4302 2388 4303 2384 4303 2386 4303 2388 4304 2386 4304 2387 4304 2391 4305 2042 4305 2057 4305 2391 4306 2387 4306 2042 4306 2391 4307 2057 4307 2221 4307 2392 4308 2393 4308 2394 4308 2392 4309 2221 4309 2393 4309 2392 4310 2394 4310 2389 4310 2392 4311 2389 4311 2388 4311 2392 4312 2388 4312 2387 4312 2392 4313 2387 4313 2391 4313 2392 4314 2391 4314 2221 4314 2221 4315 756 4315 1193 4315 2395 4316 2394 4316 2393 4316 2396 4317 2395 4317 2393 4317 2397 4318 2396 4318 2393 4318 2215 4319 1257 4319 1258 4319 2217 4320 2398 4320 2218 4320 2399 4321 1193 4321 1224 4321 2399 4322 2221 4322 1193 4322 2400 4323 2397 4323 2393 4323 2400 4324 2221 4324 2399 4324 2400 4325 2401 4325 2397 4325 2400 4326 2393 4326 2221 4326 2402 4327 1224 4327 1225 4327 2402 4328 2399 4328 1224 4328 2403 4329 2400 4329 2399 4329 2403 4330 2401 4330 2400 4330 2403 4331 2399 4331 2402 4331 2403 4332 2404 4332 2401 4332 2405 4333 1225 4333 1217 4333 2405 4334 2402 4334 1225 4334 2406 4335 2403 4335 2402 4335 2406 4336 2404 4336 2403 4336 2406 4337 2402 4337 2405 4337 2406 4338 2407 4338 2404 4338 2408 4339 1217 4339 1218 4339 2408 4340 2405 4340 1217 4340 2409 4341 1218 4341 1219 4341 2409 4342 2408 4342 1218 4342 2410 4343 2407 4343 2406 4343 2410 4344 2406 4344 2405 4344 2410 4345 2405 4345 2408 4345 2410 4346 2411 4346 2407 4346 2412 4347 2411 4347 2410 4347 2412 4348 2410 4348 2408 4348 2412 4349 2408 4349 2409 4349 2413 4350 2409 4350 1219 4350 2414 4351 2412 4351 2409 4351 2414 4352 2411 4352 2412 4352 2414 4353 2415 4353 2411 4353 2414 4354 2409 4354 2413 4354 2416 4355 1219 4355 1210 4355 2416 4356 2413 4356 1219 4356 2417 4357 2413 4357 2416 4357 2417 4358 2415 4358 2414 4358 2417 4359 2414 4359 2413 4359 2418 4360 2416 4360 1210 4360 2419 4361 2416 4361 2418 4361 2419 4362 2415 4362 2417 4362 2419 4363 2417 4363 2416 4363 2419 4364 2420 4364 2415 4364 2421 4365 1210 4365 1211 4365 2421 4366 2418 4366 1210 4366 2422 4367 2419 4367 2418 4367 2422 4368 2420 4368 2419 4368 2422 4369 2418 4369 2421 4369 2423 4370 2421 4370 1211 4370 2424 4371 2421 4371 2423 4371 2424 4372 2422 4372 2421 4372 2424 4373 2420 4373 2422 4373 2424 4374 2425 4374 2420 4374 2426 4375 1211 4375 1212 4375 2426 4376 2424 4376 2423 4376 2426 4377 2423 4377 1211 4377 2427 4378 2424 4378 2426 4378 2427 4379 2425 4379 2424 4379 2428 4380 2426 4380 1212 4380 2429 4381 2427 4381 2426 4381 2429 4382 2426 4382 2428 4382 2429 4383 2430 4383 2425 4383 2429 4384 2425 4384 2427 4384 2431 4385 1212 4385 1177 4385 2431 4386 2428 4386 1212 4386 2432 4387 2430 4387 2429 4387 2432 4388 2428 4388 2431 4388 2432 4389 2429 4389 2428 4389 2433 4390 2432 4390 2431 4390 2433 4391 2431 4391 1177 4391 2434 4392 2430 4392 2432 4392 2434 4393 2432 4393 2433 4393 2434 4394 2435 4394 2430 4394 2436 4395 1177 4395 1176 4395 2436 4396 2433 4396 1177 4396 2437 4397 2435 4397 2434 4397 2437 4398 2433 4398 2436 4398 2437 4399 2434 4399 2433 4399 2438 4400 2436 4400 1176 4400 2439 4401 2436 4401 2438 4401 2439 4402 2435 4402 2437 4402 2439 4403 2437 4403 2436 4403 2439 4404 2440 4404 2435 4404 2441 4405 2439 4405 2438 4405 2441 4406 1176 4406 1203 4406 2441 4407 2438 4407 1176 4407 2442 4408 2441 4408 1203 4408 2443 4409 2440 4409 2439 4409 2443 4410 2441 4410 2442 4410 2443 4411 2439 4411 2441 4411 2444 4412 2440 4412 2443 4412 2444 4413 2443 4413 2442 4413 2444 4414 2445 4414 2440 4414 2446 4415 2442 4415 1203 4415 2446 4416 1203 4416 1171 4416 2447 4417 2442 4417 2446 4417 2447 4418 2448 4418 2445 4418 2447 4419 2444 4419 2442 4419 2447 4420 2445 4420 2444 4420 2449 4421 1171 4421 1170 4421 2449 4422 2446 4422 1171 4422 2450 4423 2448 4423 2447 4423 2450 4424 2446 4424 2449 4424 2450 4425 2447 4425 2446 4425 2451 4426 1170 4426 1198 4426 2451 4427 2449 4427 1170 4427 2452 4428 2449 4428 2451 4428 2452 4429 2450 4429 2449 4429 2452 4430 2448 4430 2450 4430 2452 4431 2453 4431 2448 4431 2454 4432 2451 4432 1198 4432 2454 4433 1198 4433 1167 4433 2454 4434 1167 4434 1166 4434 2455 4435 2451 4435 2454 4435 2455 4436 2453 4436 2452 4436 2455 4437 2452 4437 2451 4437 2455 4438 2456 4438 2453 4438 2457 4439 2454 4439 1166 4439 2458 4440 2455 4440 2454 4440 2458 4441 2454 4441 2457 4441 2458 4442 2456 4442 2455 4442 2458 4443 2459 4443 2456 4443 2460 4444 1166 4444 1195 4444 2460 4445 2457 4445 1166 4445 2461 4446 2458 4446 2457 4446 2461 4447 2459 4447 2458 4447 2461 4448 2457 4448 2460 4448 2461 4449 2462 4449 2459 4449 2463 4450 1195 4450 1162 4450 2463 4451 2460 4451 1195 4451 2463 4452 2461 4452 2460 4452 2464 4453 2462 4453 2461 4453 2464 4454 2461 4454 2463 4454 2464 4455 2465 4455 2462 4455 2466 4456 1162 4456 1161 4456 2466 4457 2463 4457 1162 4457 2467 4458 1161 4458 1190 4458 2467 4459 2466 4459 1161 4459 2468 4460 2464 4460 2463 4460 2468 4461 2465 4461 2464 4461 2468 4462 2469 4462 2465 4462 2468 4463 2463 4463 2466 4463 2470 4464 2466 4464 2467 4464 2470 4465 2468 4465 2466 4465 2470 4466 2469 4466 2468 4466 2471 4467 2467 4467 1190 4467 2472 4468 2470 4468 2467 4468 2472 4469 2469 4469 2470 4469 2472 4470 2467 4470 2471 4470 2472 4471 2473 4471 2469 4471 2474 4472 1190 4472 1221 4472 2474 4473 2471 4473 1190 4473 2474 4474 2472 4474 2471 4474 2475 4475 2473 4475 2472 4475 2475 4476 2472 4476 2474 4476 2476 4477 2474 4477 1221 4477 2477 4478 2475 4478 2474 4478 2477 4479 2473 4479 2475 4479 2477 4480 2478 4480 2473 4480 2477 4481 2474 4481 2476 4481 2479 4482 1221 4482 1185 4482 2479 4483 2476 4483 1221 4483 2480 4484 2477 4484 2476 4484 2480 4485 2478 4485 2477 4485 2480 4486 2476 4486 2479 4486 2481 4487 2479 4487 1185 4487 2482 4488 2480 4488 2479 4488 2482 4489 2483 4489 2478 4489 2482 4490 2478 4490 2480 4490 2482 4491 2479 4491 2481 4491 2484 4492 2481 4492 1185 4492 2484 4493 1185 4493 1184 4493 2485 4494 2481 4494 2484 4494 2485 4495 2483 4495 2482 4495 2485 4496 2482 4496 2481 4496 2486 4497 2484 4497 1184 4497 2487 4498 2488 4498 2483 4498 2487 4499 2484 4499 2486 4499 2487 4500 2485 4500 2484 4500 2487 4501 2483 4501 2485 4501 2489 4502 1184 4502 1186 4502 2489 4503 2486 4503 1184 4503 2490 4504 2488 4504 2487 4504 2490 4505 2487 4505 2486 4505 2490 4506 2486 4506 2489 4506 2491 4507 2489 4507 1186 4507 2492 4508 2489 4508 2491 4508 2492 4509 2488 4509 2490 4509 2492 4510 2493 4510 2488 4510 2492 4511 2490 4511 2489 4511 2494 4512 1186 4512 1214 4512 2494 4513 2491 4513 1186 4513 2495 4514 2493 4514 2492 4514 2495 4515 2491 4515 2494 4515 2495 4516 2492 4516 2491 4516 2496 4517 2494 4517 1214 4517 2497 4518 2493 4518 2495 4518 2497 4519 2495 4519 2494 4519 2497 4520 2494 4520 2496 4520 2497 4521 2498 4521 2493 4521 2499 4522 2496 4522 1214 4522 2499 4523 1214 4523 1180 4523 2500 4524 2499 4524 1180 4524 2501 4525 2496 4525 2499 4525 2501 4526 2497 4526 2496 4526 2501 4527 2498 4527 2497 4527 2502 4528 2499 4528 2500 4528 2502 4529 2501 4529 2499 4529 2502 4530 2498 4530 2501 4530 2502 4531 2503 4531 2498 4531 2504 4532 2500 4532 1180 4532 2504 4533 1180 4533 1179 4533 2505 4534 2500 4534 2504 4534 2505 4535 2502 4535 2500 4535 2505 4536 2503 4536 2502 4536 2506 4537 2504 4537 1179 4537 2506 4538 1179 4538 1205 4538 2507 4539 2504 4539 2506 4539 2507 4540 2505 4540 2504 4540 2507 4541 2503 4541 2505 4541 2507 4542 2508 4542 2503 4542 2509 4543 1205 4543 1231 4543 2509 4544 2506 4544 1205 4544 2510 4545 2507 4545 2506 4545 2510 4546 2508 4546 2507 4546 2510 4547 2506 4547 2509 4547 2510 4548 2511 4548 2508 4548 2512 4549 2509 4549 1231 4549 2512 4550 1231 4550 1201 4550 2513 4551 2510 4551 2509 4551 2513 4552 2509 4552 2512 4552 2513 4553 2511 4553 2510 4553 2513 4554 2514 4554 2511 4554 2515 4555 1201 4555 1200 4555 2515 4556 2512 4556 1201 4556 2516 4557 2513 4557 2512 4557 2516 4558 2514 4558 2513 4558 2516 4559 2512 4559 2515 4559 2516 4560 2517 4560 2514 4560 2518 4561 1200 4561 1228 4561 2518 4562 2515 4562 1200 4562 2519 4563 2516 4563 2515 4563 2519 4564 2517 4564 2516 4564 2519 4565 2515 4565 2518 4565 2519 4566 2520 4566 2517 4566 2521 4567 1228 4567 1229 4567 2521 4568 2518 4568 1228 4568 2522 4569 2519 4569 2518 4569 2522 4570 2523 4570 2520 4570 2522 4571 2520 4571 2519 4571 2522 4572 2518 4572 2521 4572 2524 4573 1229 4573 1239 4573 2524 4574 2521 4574 1229 4574 2525 4575 1239 4575 1240 4575 2525 4576 2524 4576 1239 4576 2526 4577 2523 4577 2522 4577 2526 4578 2527 4578 2523 4578 2526 4579 2522 4579 2521 4579 2526 4580 2521 4580 2524 4580 2528 4581 2527 4581 2526 4581 2528 4582 2524 4582 2525 4582 2528 4583 2526 4583 2524 4583 2529 4584 2525 4584 1240 4584 2529 4585 2528 4585 2525 4585 2530 4586 2531 4586 2527 4586 2530 4587 2527 4587 2528 4587 2530 4588 2528 4588 2529 4588 2532 4589 1240 4589 1248 4589 2532 4590 2529 4590 1240 4590 2533 4591 2531 4591 2530 4591 2533 4592 2530 4592 2529 4592 2533 4593 2529 4593 2532 4593 2534 4594 2532 4594 1248 4594 2534 4595 2533 4595 2532 4595 2535 4596 2531 4596 2533 4596 2535 4597 2536 4597 2531 4597 2535 4598 2533 4598 2534 4598 2537 4599 1248 4599 1237 4599 2537 4600 2534 4600 1248 4600 2538 4601 2534 4601 2537 4601 2538 4602 2536 4602 2535 4602 2538 4603 2535 4603 2534 4603 2539 4604 2537 4604 1237 4604 2539 4605 2538 4605 2537 4605 2540 4606 2536 4606 2538 4606 2540 4607 2538 4607 2539 4607 2540 4608 2541 4608 2536 4608 2542 4609 2540 4609 2539 4609 2542 4610 1237 4610 1236 4610 2542 4611 2539 4611 1237 4611 2543 4612 2540 4612 2542 4612 2543 4613 2541 4613 2540 4613 2544 4614 2542 4614 1236 4614 2545 4615 2541 4615 2543 4615 2545 4616 2542 4616 2544 4616 2545 4617 2546 4617 2541 4617 2545 4618 2543 4618 2542 4618 2547 4619 2544 4619 1236 4619 2547 4620 2545 4620 2544 4620 2547 4621 1236 4621 1245 4621 2548 4622 2546 4622 2545 4622 2548 4623 2545 4623 2547 4623 2549 4624 2547 4624 1245 4624 2549 4625 2548 4625 2547 4625 2550 4626 2546 4626 2548 4626 2550 4627 2548 4627 2549 4627 2550 4628 2551 4628 2546 4628 2552 4629 2549 4629 1245 4629 2552 4630 1245 4630 1246 4630 2553 4631 2549 4631 2552 4631 2553 4632 2550 4632 2549 4632 2553 4633 2551 4633 2550 4633 2554 4634 2552 4634 1246 4634 2555 4635 2553 4635 2552 4635 2555 4636 2551 4636 2553 4636 2555 4637 2552 4637 2554 4637 2555 4638 2556 4638 2551 4638 2557 4639 1246 4639 1252 4639 2557 4640 2555 4640 2554 4640 2557 4641 2554 4641 1246 4641 2558 4642 2557 4642 1252 4642 2559 4643 2556 4643 2555 4643 2559 4644 2555 4644 2557 4644 2560 4645 2557 4645 2558 4645 2560 4646 2556 4646 2559 4646 2560 4647 2561 4647 2556 4647 2560 4648 2559 4648 2557 4648 2562 4649 1252 4649 1254 4649 2562 4650 2558 4650 1252 4650 2562 4651 2560 4651 2558 4651 2563 4652 2561 4652 2560 4652 2563 4653 2560 4653 2562 4653 2564 4654 1254 4654 1255 4654 2564 4655 2562 4655 1254 4655 2565 4656 2566 4656 2561 4656 2565 4657 2561 4657 2563 4657 2565 4658 2563 4658 2562 4658 2565 4659 2562 4659 2564 4659 2567 4660 1255 4660 1257 4660 2567 4661 2564 4661 1255 4661 2567 4662 2565 4662 2564 4662 2567 4663 1257 4663 2215 4663 2568 4664 2215 4664 2218 4664 2568 4665 2398 4665 2566 4665 2568 4666 2566 4666 2565 4666 2568 4667 2565 4667 2567 4667 2568 4668 2567 4668 2215 4668 2568 4669 2218 4669 2398 4669 2430 4670 2440 4670 2445 4670 2430 4671 2435 4671 2440 4671 2420 4672 2425 4672 2430 4672 2420 4673 2430 4673 2445 4673 2459 4674 2453 4674 2456 4674 2459 4675 2448 4675 2453 4675 2462 4676 2448 4676 2459 4676 2411 4677 2415 4677 2420 4677 2465 4678 2445 4678 2448 4678 2465 4679 2448 4679 2462 4679 2401 4680 2407 4680 2411 4680 2401 4681 2404 4681 2407 4681 2395 4682 2396 4682 2397 4682 2394 4683 2411 4683 2420 4683 2394 4684 2401 4684 2411 4684 2394 4685 2395 4685 2397 4685 2394 4686 2397 4686 2401 4686 2483 4687 2473 4687 2478 4687 2488 4688 2473 4688 2483 4688 2488 4689 2469 4689 2473 4689 2488 4690 2465 4690 2469 4690 2384 4691 2389 4691 2394 4691 2384 4692 2390 4692 2389 4692 2503 4693 2493 4693 2498 4693 2503 4694 2488 4694 2493 4694 2374 4695 2379 4695 2384 4695 2364 4696 2369 4696 2374 4696 2364 4697 2374 4697 2384 4697 2517 4698 2511 4698 2514 4698 2517 4699 2508 4699 2511 4699 2354 4700 2359 4700 2364 4700 2520 4701 2508 4701 2517 4701 2520 4702 2503 4702 2508 4702 2350 4703 2364 4703 2384 4703 2350 4704 2354 4704 2364 4704 2531 4705 2523 4705 2527 4705 2531 4706 2520 4706 2523 4706 2531 4707 2503 4707 2520 4707 2337 4708 2346 4708 2350 4708 2337 4709 2343 4709 2346 4709 2337 4710 2340 4710 2343 4710 2334 4711 2337 4711 2350 4711 2551 4712 2420 4712 2445 4712 2551 4713 2465 4713 2488 4713 2551 4714 2445 4714 2465 4714 2551 4715 2488 4715 2503 4715 2551 4716 2394 4716 2420 4716 2551 4717 2541 4717 2546 4717 2551 4718 2536 4718 2541 4718 2551 4719 2531 4719 2536 4719 2551 4720 2503 4720 2531 4720 2321 4721 2326 4721 2329 4721 2316 4722 2321 4722 2329 4722 2566 4723 2556 4723 2561 4723 2398 4724 2556 4724 2566 4724 2306 4725 2311 4725 2316 4725 2219 4726 2217 4726 2216 4726 2219 4727 2398 4727 2217 4727 2220 4728 2398 4728 2219 4728 2220 4729 2556 4729 2398 4729 2220 4730 2551 4730 2556 4730 2301 4731 2316 4731 2329 4731 2301 4732 2306 4732 2316 4732 2301 4733 2329 4733 2334 4733 2227 4734 2551 4734 2220 4734 2227 4735 2220 4735 2224 4735 2288 4736 2292 4736 2296 4736 2234 4737 2227 4737 2230 4737 2282 4738 2296 4738 2301 4738 2282 4739 2285 4739 2288 4739 2282 4740 2288 4740 2296 4740 2248 4741 2551 4741 2227 4741 2248 4742 2238 4742 2243 4742 2248 4743 2234 4743 2238 4743 2248 4744 2227 4744 2234 4744 2248 4745 2384 4745 2394 4745 2248 4746 2394 4746 2551 4746 2248 4747 2350 4747 2384 4747 2276 4748 2301 4748 2334 4748 2276 4749 2279 4749 2282 4749 2276 4750 2282 4750 2301 4750 2276 4751 2334 4751 2350 4751 2268 4752 2273 4752 2276 4752 2263 4753 2253 4753 2258 4753 2263 4754 2248 4754 2253 4754 2263 4755 2350 4755 2248 4755 2263 4756 2276 4756 2350 4756 2263 4757 2268 4757 2276 4757</p></triangles></mesh></geometry></library_geometries><library_visual_scenes><visual_scene id="VisualScene" name="VisualScene"><node id="node" name="node"><instance_geometry url="#mid360-blue-geometry" /></node></visual_scene></library_visual_scenes><scene><instance_visual_scene url="#VisualScene" /></scene></COLLADA>